task_num,block_id,repetition,raw_response,status
1,1,1,"When making a decision regarding vaccination, it's important to consider multiple factors such as effectiveness, risk of side effects, waiting time, and any additional incentives. Here’s how I would evaluate the given alternatives:

### Alternative A:
- **Waiting Time**: Immediate (no wait)
- **Effectiveness**: 50%
- **Risk of Side Effects**: 1%
- **Cash Incentive**: 200 RMB
- **Vaccine Origin**: Imported

**Pros**:
- No waiting time, which is very convenient.
- High cash incentive (200 RMB).

**Cons**:
- Lower effectiveness compared to Alternative B (50% vs. 95%).

### Alternative B:
- **Waiting Time**: 3 months
- **Effectiveness**: 95%
- **Risk of Side Effects**: 1%
- **Cash Incentive**: 50 RMB
- **Vaccine Origin**: Domestic

**Pros**:
- Significantly higher effectiveness (95%).
- Same risk of side effects as Alternative A.

**Cons**:
- Long waiting time (3 months).
- Lower cash incentive (50 RMB).

### Alternative C:
- **Do not receive the vaccine (opt out)**

**Pros**:
- No risk of side effects.
- No waiting time.

**Cons**:
- No protection against COVID-19.
- No cash incentive.

### Decision Making:

Given the factors, I would assign probabilities based on the importance of each factor. Here’s a breakdown:

1. **Effectiveness**: Higher effectiveness is crucial for long-term protection.
2. **Waiting Time**: Immediate availability can be very convenient, especially if there are concerns about future availability or health conditions.
3. **Risk of Side Effects**: Both A and B have the same risk, so this factor doesn't significantly differentiate them.
4. **Cash Incentive**: While it’s a nice bonus, it should not outweigh the importance of effectiveness.

### Probabilities:

- **Alternative A (Immediate, 50% effective, 200 RMB)**: This option is attractive due to immediate availability and high cash incentive, but the lower effectiveness is a significant drawback. I would assign this a moderate probability.
- **Alternative B (3 months wait, 95% effective, 50 RMB)**: This option offers the best protection against COVID-19, which is highly valuable, despite the waiting time and lower cash incentive. I would assign this a high probability.
- **Alternative C (Opt out)**: Opting out leaves one unprotected, which is not advisable given the ongoing pandemic. I would assign this a low probability.

### Final Probabilities:
- **P(A): 0.2**
- **P(B): 0.7**
- **P(C): 0.1**

These probabilities reflect my evaluation of the alternatives, emphasizing the importance of high vaccine effectiveness while considering other factors like waiting time and incentives.",success
1,1,2,"When making a decision like this, it's important to weigh the various factors involved, such as effectiveness, waiting time, risk of side effects, and any incentives. Here’s how I would evaluate each alternative:

### Alternative A:
- **Waiting Time**: Immediate (no wait) - This is a significant advantage.
- **Vaccine Effectiveness**: 50% - This is relatively low compared to the other option.
- **Risk of Side Effects**: 1% - This is standard and not particularly high or low.
- **Cash Incentive**: 200 RMB - A substantial incentive.
- **Vaccine Origin**: Imported - May have concerns about supply chain and trust, but effectiveness should be considered.

### Alternative B:
- **Waiting Time**: 3 months - A long wait, which could mean increased exposure to the virus in the meantime.
- **Vaccine Effectiveness**: 95% - This is very high and provides strong protection.
- **Risk of Side Effects**: 1% - Again, standard and not a significant concern.
- **Cash Incentive**: 50 RMB - A smaller incentive compared to Alternative A.
- **Vaccine Origin**: Domestic - May be more trusted by some due to familiarity.

### Alternative C:
- **Waiting Time**: N/A
- **Vaccine Effectiveness**: 0% - No protection against the virus.
- **Risk of Side Effects**: 0% - No side effects from not getting vaccinated.
- **Cash Incentive**: 0 RMB - No incentive.
- **Vaccine Origin**: N/A

### Decision:
Given these factors, I would lean towards a balance between immediate protection and long-term effectiveness. Here’s how I would assign probabilities:

- **P(A)**: 0.4
  - Immediate protection is valuable, especially if the virus is spreading rapidly in the community.
  - The cash incentive of 200 RMB adds significant value.

- **P(B)**: 0.5
  - High effectiveness (95%) is a strong reason to wait, even though it means a longer waiting period.
  - The smaller cash incentive is less compelling but not a deal-breaker given the high effectiveness.

- **P(C)**: 0.1
  - Opting out should be considered if there are specific health concerns or personal reasons against vaccination.
  - However, given the current understanding of COVID-19 and its risks, this option is generally less favorable.

### Final Probabilities:
- P(A): 0.4
- P(B): 0.5
- P(C): 0.1

These probabilities reflect a balanced approach, prioritizing both immediate and long-term benefits while considering the potential drawbacks of each alternative.",success
1,1,3,"To provide a probabilistic assessment, I'll consider the key factors for each option and weigh them based on typical considerations such as effectiveness, risk of side effects, waiting time, cash incentive, and personal health values. Here’s how these might typically be weighted:

1. **Vaccine Effectiveness**: Higher effectiveness is generally more desirable.
2. **Risk of Side Effects**: All options have the same 1% risk, so this factor does not differentiate them.
3. **Waiting Time**: Immediate availability (walk-in) is usually preferred over waiting.
4. **Cash Incentive**: Additional financial incentive can be a motivator for some.
5. **Vaccine Origin**: Preferences may vary; some might prefer domestic vaccines due to trust or accessibility issues.

Given these factors, here’s a possible distribution of probabilities:

- **Alternative A**:
  - Walk-in (no wait) is very convenient and could be highly valued by many.
  - 50% effectiveness is lower but the immediate availability and cash incentive are strong motivators.
  - Cash incentive of 200 RMB is significant.

- **Alternative B**:
  - 95% effectiveness is much higher, which is a major advantage.
  - 3 months wait time could be a significant deterrent for some.
  - Lower cash incentive (50 RMB) compared to A.
  - Domestic origin might be preferred by those who trust domestic products.

- **Alternative C**:
  - No vaccine means no immediate risk of side effects but also no protection against the virus.
  - This option might be chosen by those who are very hesitant about vaccines or have strong personal reasons for not getting vaccinated.

Considering these factors, a reasonable distribution might be:

P(A): 0.4
P(B): 0.5
P(C): 0.1

This distribution reflects the higher attractiveness of Alternative B due to its high effectiveness, with Alternative A being a close second due to immediate availability and higher cash incentive. Alternative C is least likely, as it offers no protection against the virus.",success
1,1,4,"When making a decision about which COVID-19 vaccination alternative to choose, it's important to weigh the factors of waiting time, vaccine effectiveness, risk of side effects, cash incentive, and personal values regarding vaccine origin. Here’s how I would evaluate each option:

### Alternative A:
- **Waiting time:** No wait (immediate availability)
- **Vaccine effectiveness:** 50%
- **Risk of side effects:** 1% (low)
- **Cash incentive:** 200 RMB (moderate financial benefit)
- **Vaccine origin:** Imported

**Pros:**
- Immediate protection, which is valuable in a rapidly spreading pandemic.
- Higher cash incentive compared to Alternative B.

**Cons:**
- Lower effectiveness (50%) means less protection against the virus.
- Imported vaccine might be a concern for some due to trust or logistical issues.

### Alternative B:
- **Waiting time:** 3 months
- **Vaccine effectiveness:** 95%
- **Risk of side effects:** 1% (low)
- **Cash incentive:** 50 RMB (lower financial benefit)
- **Vaccine origin:** Domestic

**Pros:**
- High effectiveness (95%) provides strong protection against the virus.
- Domestic vaccine might be more trusted and accessible.

**Cons:**
- Long waiting time (3 months) means delayed protection, which could be a significant risk if the virus is spreading rapidly.
- Lower cash incentive compared to Alternative A.

### Alternative C:
- **Do not receive the vaccine**

**Pros:**
- No immediate health risks or side effects.
- No waiting time for vaccination.

**Cons:**
- No protection against the virus, which could lead to severe illness or death if infected.
- No financial benefit.

### Decision Weights:
Given these considerations, I would assign probabilities based on a balance of urgency, effectiveness, and personal values:

- **P(A): 0.35** (Immediate availability and higher cash incentive are significant, but lower effectiveness is a concern.)
- **P(B): 0.45** (High effectiveness is crucial for long-term protection, despite the waiting time and lower financial benefit.)
- **P(C): 0.20** (Opting out has the least immediate risk but no protection against the virus, which could be dangerous.)

### Final Probabilities:
- **P(A): 0.35**
- **P(B): 0.45**
- **P(C): 0.20**

These probabilities sum to 1 and reflect a balanced approach considering all factors.",success
1,1,5,"When making a decision about which vaccination option to choose, it's important to consider various factors such as the waiting time, vaccine effectiveness, risk of side effects, cash incentive, and personal beliefs or preferences. Here’s a probabilistic approach based on a balanced consideration of these factors:

1. **Waiting Time**: Immediate access (walk-in) is highly valuable for those who want to get vaccinated quickly.
2. **Vaccine Effectiveness**: Higher effectiveness can significantly reduce the risk of contracting COVID-19, which is crucial for personal and public health.
3. **Risk of Side Effects**: Both options A and B have a 1% risk of side effects, making this factor relatively neutral between them.
4. **Cash Incentive**: Financial incentives can be appealing but should not outweigh the importance of vaccine effectiveness and waiting time.
5. **Vaccine Origin**: Some individuals may prefer domestic vaccines due to trust or availability concerns.

Given these considerations, here’s a probabilistic distribution:

- **Alternative A (Immediate access, 50% effectiveness, 1% side effects, 200 RMB, Imported)**:
  - Immediate access is very valuable.
  - Lower effectiveness but higher cash incentive.
  - Prob: 0.3

- **Alternative B (3 months wait, 95% effectiveness, 1% side effects, 50 RMB, Domestic)**:
  - High effectiveness and domestic origin can be highly appealing.
  - Longer waiting time is a significant drawback.
  - Prob: 0.6

- **Alternative C (Do not receive the vaccine)**:
  - Opting out means no protection against COVID-19.
  - This option might be chosen by those who are strongly opposed to vaccination or have other health concerns.
  - Prob: 0.1

Thus, the probabilities that sum to 1 are:

P(A): 0.3
P(B): 0.6
P(C): 0.1",success
1,1,6,"When making a decision regarding vaccination, it's important to weigh several factors including effectiveness, risk of side effects, waiting time, and any incentives. Given the alternatives:

- **Alternative A** offers immediate access, moderate effectiveness (50%), minimal risk of side effects (1%), and a significant cash incentive (200 RMB). The imported origin might be a concern for some but does not affect the direct health outcomes significantly.
- **Alternative B** has a high effectiveness (95%) with the same low risk of side effects, but requires a 3-month wait and offers a lower cash incentive (50 RMB).
- **Alternative C** involves opting out, which carries no immediate risks from vaccination but leaves one unprotected against COVID-19.

Given these considerations, here’s how I would distribute the probabilities based on a balanced approach to health benefits, convenience, and financial incentives:

- **P(A): 0.45** - This option is attractive due to its immediacy and higher cash incentive, which can be particularly beneficial for those who need immediate protection or have financial considerations.
- **P(B): 0.35** - The high effectiveness of this vaccine makes it a strong choice for those willing to wait for the best protection against COVID-19. However, the waiting period is a significant drawback.
- **P(C): 0.20** - Opting out should be considered only if there are specific health reasons or personal beliefs that strongly advise against vaccination. Given the ongoing pandemic and the benefits of vaccination in reducing severe illness, this option is less favorable.

These probabilities reflect a balance between immediate benefits (A), long-term protection (B), and the decision to remain unvaccinated (C).",success
1,1,7,"To provide a probabilistic distribution reflecting my choice among the alternatives, I need to consider several factors including vaccine effectiveness, waiting time, risk of side effects, cash incentives, and personal values regarding health and immediate benefits. Here’s how these factors might influence the decision:

1. **Vaccine Effectiveness**: Higher effectiveness is generally preferred as it provides better protection against the virus.
2. **Waiting Time**: Immediate availability can be a significant advantage, especially for those who want to get vaccinated as soon as possible.
3. **Risk of Side Effects**: Both alternatives A and B have the same risk of side effects, which makes this factor neutral in comparison.
4. **Cash Incentive**: While cash incentives are beneficial, they might not outweigh health considerations.
5. **Vaccine Origin**: The origin (imported vs. domestic) could influence trust and preference depending on personal or cultural biases.

Given these factors, I would distribute the probabilities as follows:

- **Alternative A** offers immediate vaccination with a moderate effectiveness of 50% and a higher cash incentive. This is appealing for those who value convenience and immediate benefits.
- **Alternative B** provides the highest effectiveness but requires a significant waiting time. This might be more suitable for individuals who prioritize long-term health over immediate rewards.
- **Alternative C** (opting out) would only be chosen by those who are strongly against vaccination or do not see the benefit of getting vaccinated at all.

Considering these points, here is a possible distribution:

P(A): 0.3
P(B): 0.5
P(C): 0.2

This distribution reflects a higher preference for the more effective vaccine (B) but also acknowledges the value of immediate vaccination and cash incentives (A), while accounting for some individuals who might choose to opt out (C).",success
1,1,8,"When evaluating the alternatives for COVID-19 vaccination, several factors need to be considered, including the waiting time, vaccine effectiveness, risk of side effects, cash incentive, and vaccine origin. Here's a breakdown of how each factor might influence the decision:

1. **Waiting Time**: Immediate availability (Alternative A) is highly attractive compared to a 3-month wait (Alternative B). This can significantly impact the choice, especially if there is an immediate need for protection.

2. **Vaccine Effectiveness**: A vaccine with 95% effectiveness (Alternative B) is much more desirable than one with 50% effectiveness (Alternative A), as it provides a higher level of protection against the virus.

3. **Risk of Side Effects**: Both alternatives have the same risk of side effects at 1%, so this factor does not significantly differentiate between them.

4. **Cash Incentive**: A cash incentive can be a motivating factor. Alternative A offers 200 RMB, which is more than the 50 RMB offered by Alternative B.

5. **Vaccine Origin**: The origin of the vaccine might influence trust and preference. Some individuals may prefer domestic vaccines due to familiarity or national pride, while others might trust imported vaccines for their perceived quality and standards.

Given these considerations, here are my probabilities for each alternative:

- **P(A)**: 0.4
  - Immediate availability is very attractive, especially if there is an urgent need for protection.
  - The higher cash incentive (200 RMB) adds to its appeal.
  - However, the lower effectiveness (50%) is a significant drawback.

- **P(B)**: 0.5
  - High vaccine effectiveness (95%) is a strong positive factor.
  - The waiting time of 3 months might be a deterrent, but for many, the superior protection it offers outweighs this inconvenience.
  - A moderate cash incentive (50 RMB) and domestic origin could also influence preference positively.

- **P(C)**: 0.1
  - Opting out is generally less favorable due to the risks associated with not being vaccinated.
  - However, some individuals might choose this option if they have concerns about vaccine safety or personal health reasons.

These probabilities reflect a balanced consideration of all factors and sum up to 1, indicating a complete distribution of preferences.",success
1,1,9,"To provide a probabilistic choice among these alternatives, we need to consider various factors such as the urgency of protection, effectiveness of the vaccine, risk of side effects, and personal incentives. Here’s a breakdown:

1. **Urgency of Protection**:
   - Alternative A offers immediate protection with no waiting time.
   - Alternative B requires a 3-month wait, which might be too long if there is an immediate threat.

2. **Effectiveness**:
   - Alternative A has a lower effectiveness (50%) compared to Alternative B (95%).
   - Higher effectiveness can significantly reduce the risk of severe illness and transmission.

3. **Risk of Side Effects**:
   - Both alternatives have the same risk of side effects (1%), which is relatively low.

4. **Cash Incentive**:
   - Alternative A offers a higher cash incentive (200 RMB) compared to Alternative B (50 RMB).
   - The cash incentive might be more appealing for some individuals, especially if they need immediate financial support.

5. **Vaccine Origin**:
   - Alternative A uses an imported vaccine, which might have different regulatory standards.
   - Alternative B uses a domestic vaccine, which might be more trusted by some due to familiarity and local regulation.

6. **Opting Out**:
   - Opting out (Alternative C) means no protection from the virus, which could be risky, especially if there is community spread.

Given these considerations, here’s a probabilistic distribution reflecting the likelihood of choosing each alternative:

- **P(A)**: 0.3
  - Immediate protection and higher cash incentive are significant factors.
  
- **P(B)**: 0.5
  - Higher effectiveness and similar risk of side effects make this a strong choice, despite the waiting time.
  
- **P(C)**: 0.2
  - Some individuals might prefer to avoid vaccination due to personal beliefs or concerns about vaccine safety.

These probabilities sum to 1 and reflect a balanced consideration of all factors.",success
1,1,10,"To provide a probabilistic choice, I will consider various factors such as waiting time, effectiveness, risk of side effects, cash incentive, and vaccine origin. Here’s how these factors might influence the decision:

1. **Waiting Time**: Immediate availability is highly valuable, especially in a pandemic context where the virus can spread rapidly.
2. **Vaccine Effectiveness**: Higher effectiveness significantly reduces the risk of contracting or spreading the disease.
3. **Risk of Side Effects**: Both options A and B have the same 1% risk of side effects, which is relatively low and does not strongly differentiate them.
4. **Cash Incentive**: Financial incentives can be a motivator for some individuals, but the difference between 200 RMB and 50 RMB might vary in importance depending on personal circumstances.
5. **Vaccine Origin**: Trust in domestic vs. imported vaccines can vary based on cultural and personal beliefs about quality and safety.

Given these considerations, I will assign probabilities that reflect a balanced approach to the decision:

- **Alternative A**: The immediate availability is a significant advantage, but the lower effectiveness (50%) is a major drawback. The higher cash incentive (200 RMB) adds some value.
  - P(A): 0.3

- **Alternative B**: The high effectiveness (95%) is a strong positive, but the long waiting time (3 months) is a significant disadvantage. The lower cash incentive (50 RMB) is less of a motivator.
  - P(B): 0.5

- **Alternative C**: Opting out means no immediate risk from side effects or waiting, but it also leaves you unprotected against the virus. This might be chosen if one has strong concerns about vaccines in general.
  - P(C): 0.2

These probabilities sum to 1 and reflect a balanced consideration of all factors:

P(A): 0.3
P(B): 0.5
P(C): 0.2",success
2,1,1,"To provide a probabilistic choice, I need to evaluate each option based on the criteria given. Here’s an analysis of each alternative:

- **Alternative A**: This vaccine has a shorter waiting time (3 months) and moderate effectiveness (70%) with a relatively high risk of side effects (10%). The cash incentive is small (50 RMB), but it might be more appealing due to the domestic origin, which could imply better familiarity or trust.
- **Alternative B**: This vaccine has a longer waiting time (6 months) and lower effectiveness (50%) with very low risk of side effects (0.1%). The cash incentive is significantly higher (800 RMB), and it’s imported, which might be seen as more reliable by some.
- **Alternative C**: Opting out means no vaccine, no waiting time, no side effects, but also no protection against the virus.

Considering these factors, I will assign probabilities based on a balance of effectiveness, risk, incentive, and personal health considerations. Here’s my assessment:

- **P(A)**: This option is balanced in terms of wait time and effectiveness, with a manageable risk of side effects and a small cash incentive. It might be the most practical choice for many.
- **P(B)**: The high cash incentive and very low risk of side effects are attractive, but the longer wait time and lower effectiveness make it less appealing.
- **P(C)**: Opting out is a significant decision as it means no protection against the virus. This might be chosen by those who are extremely risk-averse regarding vaccines or have other health considerations.

Based on this analysis, here are the probabilities:

P(A): 0.5
P(B): 0.3
P(C): 0.2

These probabilities reflect a higher preference for Alternative A due to its balanced attributes, followed by B with its strong incentives but longer wait and lower effectiveness, and C as the least preferred option.",success
2,1,2,"To determine which alternative is most preferable, we need to consider multiple factors such as waiting time, vaccine effectiveness, risk of side effects, cash incentive, and personal values. Here’s a breakdown of the considerations:

1. **Waiting Time**: A shorter waiting time means getting protection sooner, which can be crucial in a pandemic.
2. **Vaccine Effectiveness**: Higher effectiveness reduces the likelihood of contracting the disease.
3. **Risk of Side Effects**: Lower risk of side effects is generally preferred to avoid potential health issues.
4. **Cash Incentive**: A higher cash incentive might influence some individuals, especially if they are facing financial difficulties.
5. **Vaccine Origin**: Preferences for domestic or imported vaccines can vary based on trust and personal beliefs.

Given these factors, let's assign probabilities that reflect a balanced consideration of all aspects:

- **Alternative A**:
  - Shorter waiting time (3 months)
  - Moderate effectiveness (70%)
  - Moderate risk of side effects (10%)
  - Small cash incentive (50 RMB)
  - Domestic vaccine

- **Alternative B**:
  - Longer waiting time (6 months)
  - Lower effectiveness (50%)
  - Very low risk of side effects (0.1%)
  - Large cash incentive (800 RMB)
  - Imported vaccine

- **Alternative C**:
  - No waiting time
  - No protection from the vaccine
  - No risk of side effects
  - No cash incentive

Based on a balanced consideration:

- **P(A): 0.4**
  - Shorter waiting time and moderate effectiveness are significant positives.
  - The moderate risk of side effects is a drawback, but it's manageable.
  - A small cash incentive might not be very influential.

- **P(B): 0.3**
  - Longer waiting time is a significant negative.
  - Lower effectiveness reduces the appeal.
  - Very low risk of side effects and a large cash incentive are strong positives.

- **P(C): 0.3**
  - No waiting time or risk of side effects can be appealing to some.
  - However, no protection from the vaccine is a significant negative.
  - No cash incentive reduces its appeal further.

These probabilities reflect a balanced consideration of all factors and sum to 1:

- **P(A): 0.4**
- **P(B): 0.3**
- **P(C): 0.3**",success
2,1,3,"When making a decision about which COVID-19 vaccination option to choose, it's important to consider the various factors such as waiting time, vaccine effectiveness, risk of side effects, cash incentives, and personal values. Here’s a probabilistic approach to evaluating these alternatives:

### Factors to Consider:
1. **Waiting Time**: Shorter waiting times are generally more favorable.
2. **Vaccine Effectiveness**: Higher effectiveness is better for protection against the virus.
3. **Risk of Side Effects**: Lower risk of side effects is preferable, especially if you have underlying health conditions or concerns about safety.
4. **Cash Incentive**: Financial incentives can be a significant motivator for some individuals.
5. **Personal Values and Preferences**: Personal comfort with domestic vs. imported vaccines, overall health status, and personal beliefs.

### Probabilistic Evaluation:
- **Alternative A** offers a moderate waiting time, good effectiveness, a reasonable risk of side effects, and a small cash incentive. It is from a domestic source, which might be preferred by those who trust local products.
- **Alternative B** has a longer waiting time but very low risk of side effects and a substantial cash incentive. However, it has lower effectiveness, which might be a concern for those prioritizing protection.
- **Alternative C** (opting out) means no immediate health risks from the vaccine but also no protection against the virus, which could be significant depending on the prevalence of the virus in your area.

### Probabilities:
To assign probabilities, we can consider how these factors might influence a typical decision-maker. Here’s a possible distribution:

- **P(A)**: 0.5
  - Reasonable waiting time, good effectiveness, moderate risk of side effects, small cash incentive, and domestic origin.
  
- **P(B)**: 0.3
  - Longer waiting time, lower effectiveness, very low risk of side effects, significant cash incentive, and imported origin.
  
- **P(C)**: 0.2
  - No immediate health risks from the vaccine but no protection against the virus.

### Summary:
The probabilities are assigned based on a balanced consideration of all factors, with a higher probability given to Alternative A due to its overall balance of effectiveness, waiting time, and risk of side effects.

P(A): 0.5  
P(B): 0.3  
P(C): 0.2",success
2,1,4,"When evaluating choices like these, it's important to consider multiple factors including personal health priorities, the urgency of protection against COVID-19, and individual risk tolerance. Here’s a breakdown of how I would evaluate each option:

**Alternative A:**
- **Waiting time:** 3 months (shorter wait, which could be beneficial if the virus is spreading rapidly in your area)
- **Vaccine effectiveness:** 70% (reasonably effective, but not the highest available)
- **Risk of side effects:** 10% (moderate risk, might be concerning for some)
- **Cash incentive:** 50 RMB (small incentive, might not significantly influence decision)
- **Vaccine origin:** Domestic (could be preferred due to familiarity and trust in local health regulations)

**Alternative B:**
- **Waiting time:** 6 months (long wait, which could be a significant delay in protection)
- **Vaccine effectiveness:** 50% (lower effectiveness compared to Alternative A)
- **Risk of side effects:** 0.1% (very low risk, might be preferred for those very concerned about side effects)
- **Cash incentive:** 800 RMB (substantial incentive, could influence decision)
- **Vaccine origin:** Imported (might be trusted due to international standards, but could also raise concerns about supply chain reliability)

**Alternative C:**
- **Do not receive the vaccine (opt out):**
- This option carries no immediate risks or side effects but leaves you unprotected against COVID-19. It might be chosen by those who are skeptical of vaccines, have medical conditions that preclude vaccination, or do not perceive a significant risk from the virus.

Given these considerations, I would assign probabilities based on a balance between urgency, effectiveness, and personal health concerns:

**P(A): 0.4**
- Reasoning: Shorter wait time and reasonable effectiveness make this option appealing for those who want protection sooner rather than later, despite the moderate side effect risk.

**P(B): 0.3**
- Reasoning: The longer wait and lower effectiveness might deter some, but the very low side effect risk and substantial cash incentive could be attractive to others.

**P(C): 0.3**
- Reasoning: Opting out is a viable choice for those who are not immediately concerned about the virus or have specific reasons against vaccination.

These probabilities sum to 1, reflecting a balanced consideration of all factors.",success
2,1,5,"To provide a probabilistic choice among the alternatives, we need to consider various factors such as the effectiveness of the vaccine, the waiting time, the risk of side effects, and any incentives. Here’s a breakdown of the considerations:

1. **Vaccine Effectiveness**:
   - Alternative A: 70%
   - Alternative B: 50%

2. **Waiting Time**:
   - Alternative A: 3 months
   - Alternative B: 6 months

3. **Risk of Side Effects**:
   - Alternative A: 10%
   - Alternative B: 0.1%

4. **Cash Incentive**:
   - Alternative A: 50 RMB
   - Alternative B: 800 RMB

5. **Vaccine Origin**:
   - Alternative A: Domestic
   - Alternative B: Imported

### Analysis:

- **Effectiveness**: Higher effectiveness is generally preferred, making Alternative A more attractive in this regard.
- **Waiting Time**: Shorter waiting time is better, again favoring Alternative A.
- **Risk of Side Effects**: Lower risk of side effects is preferable. Alternative B has a significantly lower risk (0.1% vs 10%).
- **Cash Incentive**: The cash incentive for Alternative B is much higher, which might be a significant factor for some individuals.
- **Vaccine Origin**: This can vary based on personal preference or trust in domestic vs imported vaccines.

### Probabilistic Choice:

Given the above factors, we can assign probabilities to each alternative based on their relative attractiveness. Here’s a possible distribution:

- **P(A)**: 0.4
  - High effectiveness and shorter waiting time are strong positives.
  - The higher risk of side effects is a significant negative.
  - Moderate cash incentive.

- **P(B)**: 0.35
  - Lower effectiveness but significantly lower risk of side effects.
  - Long waiting time is a major negative.
  - High cash incentive can be very attractive.

- **P(C)**: 0.25
  - Opting out avoids all risks and benefits of vaccination.
  - This might be chosen by those who are highly risk-averse or have strong personal reasons against vaccination.

### Final Probabilities:
- P(A): 0.4
- P(B): 0.35
- P(C): 0.25

These probabilities sum to 1 and reflect a balanced consideration of the given factors.",success
2,1,6,"To provide a probabilistic choice, I will consider several factors such as waiting time, effectiveness, risk of side effects, cash incentive, and personal health values. Here’s a breakdown:

- **Alternative A**: This option offers a relatively high vaccine effectiveness (70%) with a moderate waiting time (3 months) and a low risk of side effects (10%). The cash incentive is small (50 RMB), but the domestic origin might be more reassuring for some individuals.
- **Alternative B**: This option has a lower vaccine effectiveness (50%) and a longer waiting time (6 months), but it offers a very high cash incentive (800 RMB) and an extremely low risk of side effects (0.1%). The imported origin might be less familiar, which could affect trust.
- **Alternative C**: Opting out means no vaccine, no waiting time, no side effects, and no cash incentive. This option is suitable for those who are very risk-averse or have strong concerns about vaccines.

Given these considerations, here’s a probabilistic distribution based on the balance of benefits and risks:

- **P(A)**: 0.5 (High effectiveness and moderate waiting time make it a strong choice)
- **P(B)**: 0.3 (High cash incentive but lower effectiveness and longer wait time reduce its appeal)
- **P(C)**: 0.2 (Opting out is a viable option for those who are very risk-averse or skeptical about vaccines)

These probabilities sum to 1, reflecting the relative attractiveness of each alternative based on the provided information.",success
2,1,7,"When evaluating these options, I'll consider several factors including waiting time, effectiveness, risk of side effects, and the cash incentive. Here's a breakdown:

- **Effectiveness**: Alternative A offers 70% effectiveness, which is significantly higher than the 50% offered by Alternative B. This makes A more attractive in terms of protection against COVID-19.
  
- **Risk of Side Effects**: Alternative A has a 10% risk of side effects, which is relatively high compared to the 0.1% risk with Alternative B. However, most vaccine side effects are generally mild and manageable.

- **Waiting Time**: The shorter waiting time for Alternative A (3 months) compared to Alternative B (6 months) means you can gain protection sooner, which might be crucial depending on the prevalence of the virus in your area.

- **Cash Incentive**: While Alternative B offers a much higher cash incentive (800 RMB), it comes with lower effectiveness and a longer waiting time. The 50 RMB offered by Alternative A is less but might not significantly impact the decision given the other factors.

- **Vaccine Origin**: The origin of the vaccine (domestic vs. imported) could be influenced by personal or national preferences, but in terms of pure efficacy and safety, this factor is less critical than effectiveness and side effects.

Considering these points, I would lean towards Alternative A due to its higher effectiveness and shorter waiting time, despite the higher risk of side effects. Opting out (Alternative C) seems least favorable as it offers no protection against the virus.

Here are the probabilities reflecting my decision-making process:

P(A): 0.6
P(B): 0.3
P(C): 0.1

These probabilities sum to 1 and reflect a preference for getting vaccinated, particularly with the more effective option available sooner (Alternative A), while acknowledging the value of the higher cash incentive in Alternative B and considering the choice to opt out as less favorable but still an option.",success
2,1,8,"When evaluating these options, it's important to consider multiple factors such as the waiting time, vaccine effectiveness, risk of side effects, cash incentive, and personal values. Here’s a breakdown of how each factor might influence the decision:

1. **Waiting Time**: A shorter waiting time is generally more favorable, especially in the context of a pandemic where early protection can be crucial.
2. **Vaccine Effectiveness**: Higher effectiveness means better protection against the virus, which is a significant consideration.
3. **Risk of Side Effects**: Lower risk of side effects is preferable to avoid potential health complications.
4. **Cash Incentive**: While financial incentives can be appealing, they might not outweigh other health-related considerations.
5. **Vaccine Origin**: Trust in domestic vs. imported vaccines can vary based on personal or cultural preferences.

Given these factors, let's assign probabilities that reflect the likelihood of choosing each option:

- **Alternative A**:
  - Short waiting time (3 months) is a significant advantage.
  - Moderate effectiveness (70%) provides reasonable protection.
  - Higher risk of side effects (10%) but still manageable for many people.
  - Small cash incentive (50 RMB) might not be very influential.
  - Domestic vaccine, which might be more trusted by some.

- **Alternative B**:
  - Long waiting time (6 months) is a major disadvantage.
  - Lower effectiveness (50%) means less protection.
  - Very low risk of side effects (0.1%) is a significant advantage.
  - High cash incentive (800 RMB) could be very attractive to some.
  - Imported vaccine, which might be perceived as more reliable by others.

- **Alternative C**:
  - Opting out means no waiting time or side effects.
  - No protection against the virus.
  - No financial incentive.
  - Personal choice based on individual risk tolerance and beliefs.

Based on these considerations, here are the probabilities:

- **P(A): 0.5**
  - A balanced option with a reasonable waiting time, good effectiveness, and acceptable side effects.
- **P(B): 0.3**
  - Less favorable due to long waiting time and lower effectiveness, but the high cash incentive might attract some individuals.
- **P(C): 0.2**
  - A minority choice for those who are risk-averse or have strong personal reasons against vaccination.

These probabilities sum to 1, reflecting a distribution of choices based on the given factors.",success
2,1,9,"To approach this decision-making problem, I'll consider a few key factors for each alternative and then assign subjective probabilities based on the evaluation of these factors. The factors include waiting time, vaccine effectiveness, risk of side effects, cash incentive, and personal or societal preference regarding vaccine origin.

### Evaluation:
- **Alternative A:**
  - **Waiting time:** 3 months (relatively short)
  - **Vaccine effectiveness:** 70% (moderate)
  - **Risk of side effects:** 10% (moderately high)
  - **Cash incentive:** 50 RMB (low)
  - **Vaccine origin:** Domestic (may be preferred for trust or logistical reasons)

- **Alternative B:**
  - **Waiting time:** 6 months (longer wait, but might be acceptable if the other factors are favorable)
  - **Vaccine effectiveness:** 50% (lower than A, which is a significant concern)
  - **Risk of side effects:** 0.1% (very low, which is a strong positive)
  - **Cash incentive:** 800 RMB (high, could be a significant motivator)
  - **Vaccine origin:** Imported (might be trusted for quality, but logistical issues or personal preference might affect this)

- **Alternative C:**
  - **Do not receive the vaccine:** This option avoids all risks and benefits associated with vaccination. It is a neutral choice that might be chosen if the individual has concerns about vaccines in general or if they feel their risk of severe COVID-19 is low.

### Subjective Probabilities:
Given the above considerations, here are my subjective probabilities for each alternative:

- **P(A): 0.4**
  - Reason: The shorter waiting time and moderate effectiveness make it a reasonable choice, despite the higher side effects and lower cash incentive. The domestic origin might also be a positive factor for some individuals.

- **P(B): 0.35**
  - Reason: The very low risk of side effects and high cash incentive are strong positives, but the longer waiting time and lower effectiveness make it less appealing compared to A. The imported origin could be a concern for some, but not necessarily a deal-breaker.

- **P(C): 0.25**
  - Reason: Opting out is always an option, especially if the individual has significant concerns about vaccines or feels that their personal risk of severe COVID-19 is low. However, given the ongoing pandemic and the benefits of vaccination, this option is less likely to be chosen compared to A or B.

### Final Probabilities:
P(A): 0.4  
P(B): 0.35  
P(C): 0.25

These probabilities sum to 1 and reflect a balanced consideration of the various factors involved in each alternative.",success
2,1,10,"To approach this decision, we need to consider multiple factors including waiting time, vaccine effectiveness, risk of side effects, cash incentive, and personal values regarding the origin of the vaccine. Here’s a structured way to evaluate each option:

1. **Waiting Time**: A shorter waiting time is generally more favorable as it allows for earlier protection against COVID-19.
2. **Vaccine Effectiveness**: Higher effectiveness means better protection against the virus.
3. **Risk of Side Effects**: Lower risk of side effects is preferable, especially for those with concerns about potential health impacts.
4. **Cash Incentive**: While a cash incentive can be appealing, it should not overshadow other critical factors like safety and effectiveness.
5. **Vaccine Origin**: Preferences regarding domestic vs. imported vaccines may vary based on personal trust in the source.

Given these considerations, here’s how I would weigh each option:

- **Alternative A**:
  - **Waiting Time**: 3 months (favorable)
  - **Effectiveness**: 70% (moderate)
  - **Side Effects**: 10% (moderate risk)
  - **Cash Incentive**: 50 RMB (small incentive)
  - **Vaccine Origin**: Domestic (may be more trusted by some)

- **Alternative B**:
  - **Waiting Time**: 6 months (less favorable)
  - **Effectiveness**: 50% (low)
  - **Side Effects**: 0.1% (very low risk)
  - **Cash Incentive**: 800 RMB (high incentive)
  - **Vaccine Origin**: Imported (may be less trusted by some)

- **Alternative C**:
  - **No Vaccine**: No protection, no side effects, no waiting time, no cash incentive

### Decision Weights
1. **Waiting Time**: 30% weight
2. **Effectiveness**: 40% weight
3. **Side Effects**: 20% weight
4. **Cash Incentive**: 5% weight
5. **Vaccine Origin**: 5% weight

### Scoring Each Alternative
- **Alternative A**:
  - Waiting Time: 7/10 (3 months)
  - Effectiveness: 7/10 (70%)
  - Side Effects: 6/10 (10% risk)
  - Cash Incentive: 4/10 (50 RMB)
  - Vaccine Origin: 8/10 (Domestic)

- **Alternative B**:
  - Waiting Time: 3/10 (6 months)
  - Effectiveness: 5/10 (50%)
  - Side Effects: 9.5/10 (0.1% risk)
  - Cash Incentive: 9/10 (800 RMB)
  - Vaccine Origin: 3/10 (Imported)

- **Alternative C**:
  - Waiting Time: 10/10 (no waiting time)
  - Effectiveness: 0/10 (no protection)
  - Side Effects: 10/10 (no side effects)
  - Cash Incentive: 0/10 (no incentive)
  - Vaccine Origin: 5/10 (neutral)

### Calculating Scores
- **Alternative A**:
  - Score = (3 * 7) + (4 * 7) + (2 * 6) + (0.5 * 4) + (0.5 * 8) = 21 + 28 + 12 + 2 + 4 = 67

- **Alternative B**:
  - Score = (3 * 3) + (4 * 5) + (2 * 9.5) + (0.5 * 9) + (0.5 * 3) = 9 + 20 + 19 + 4.5 + 1.5 = 54

- **Alternative C**:
  - Score = (3 * 10) + (4 * 0) + (2 * 10) + (0.5 * 0) + (0.5 * 5) = 30 + 0 + 20 + 0 + 2.5 = 52.5

### Normalizing Scores
- Total Score = 67 + 54 + 52.5 = 173.5

- **P(A)** = 67 / 173.5 ≈ 0.386
- **P(B)** = 54 / 173.5 ≈ 0.311
- **P(C)** = 52.5 / 173.5 ≈ 0.303

### Final Probabilities
- **P(A):** 0.386
- **P(B):** 0.311
- **P(C):** 0.303

These probabilities sum to approximately 1, reflecting the relative likelihood of choosing each alternative based on the given criteria and weights.",success
3,1,1,"To provide a probabilistic choice, I'll consider factors like effectiveness, risk of side effects, waiting time, and the cash incentive. Here’s a breakdown:

- **Effectiveness**: Higher effectiveness is more desirable as it offers better protection against COVID-19.
- **Risk of Side Effects**: Lower risk is generally preferred to minimize health concerns.
- **Waiting Time**: All options have the same waiting time, so this factor doesn't influence the decision.
- **Cash Incentive**: A higher cash incentive can be a motivating factor for some individuals.

Given these considerations:

- **Alternative A** offers moderate effectiveness (70%) with a relatively high risk of side effects (10%) and a small cash incentive (50 RMB).
- **Alternative B** offers high effectiveness (95%) with a very low risk of side effects (1%) and a significant cash incentive (200 RMB).
- **Alternative C** involves no vaccination, which means no protection against the virus but also no risk of side effects or waiting time.

Based on these factors, I would assign probabilities as follows:

P(A): 0.1
P(B): 0.8
P(C): 0.1

These probabilities reflect a strong preference for Alternative B due to its high effectiveness and low risk of side effects, with the added benefit of a significant cash incentive. However, there is still some consideration given to Alternatives A and C, as individual preferences can vary.",success
3,1,2,"To provide a probabilistic choice among the alternatives, we need to consider the key factors and weigh them based on their importance. Here's how each factor might influence the decision:

- **Vaccine Effectiveness**: Higher effectiveness is generally more desirable as it provides better protection against the virus.
- **Risk of Side Effects**: Lower risk is preferable to minimize health concerns.
- **Waiting Time**: All options have the same waiting time, so this does not influence the choice.
- **Cash Incentive**: A higher cash incentive might be a minor factor for some individuals but should not outweigh health considerations.
- **Vaccine Origin**: Since all vaccines are domestic, this does not differentiate between the choices.

Given these factors, let's assign probabilities based on their importance:

1. **Alternative B**:
   - Highest vaccine effectiveness (95%)
   - Lowest risk of side effects (1%)
   - Higher cash incentive (200 RMB)
   This option is clearly the most favorable in terms of health and financial benefits.

2. **Alternative A**:
   - Moderate vaccine effectiveness (70%)
   - Moderate risk of side effects (10%)
   - Lower cash incentive (50 RMB)
   This option provides some protection but with a higher risk of side effects and less financial benefit compared to B.

3. **Alternative C**:
   - No vaccine, no protection
   - No risk of side effects
   - No financial benefit
   Opting out leaves the individual unprotected against the virus, which is generally not recommended unless there are specific health reasons.

Based on these considerations, a reasonable distribution of probabilities might be:

- **P(A): 0.1**
- **P(B): 0.8**
- **P(C): 0.1**

This reflects a strong preference for Alternative B due to its high effectiveness and low risk, with a small probability assigned to the other options to account for individual preferences or circumstances.",success
3,1,3,"In making a decision about which COVID-19 vaccination choice to select, we need to weigh the various factors such as waiting time, vaccine effectiveness, risk of side effects, cash incentive, and personal health considerations. Here’s how I would evaluate each option:

### Alternative A:
- **Waiting Time:** 1 month (same as B)
- **Vaccine Effectiveness:** 70% (moderate)
- **Risk of Side Effects:** 10% (higher compared to B)
- **Cash Incentive:** 50 RMB (lower compared to B)
- **Vaccine Origin:** Domestic

### Alternative B:
- **Waiting Time:** 1 month (same as A)
- **Vaccine Effectiveness:** 95% (high)
- **Risk of Side Effects:** 1% (very low)
- **Cash Incentive:** 200 RMB (higher compared to A)
- **Vaccine Origin:** Domestic

### Alternative C:
- **Do not receive the vaccine (opt out)**
- **No waiting time, no effectiveness, no risk of side effects, no cash incentive**

### Decision Criteria:
1. **Effectiveness and Risk of Side Effects:** Higher effectiveness is generally more desirable, but it must be balanced against the risk of side effects.
2. **Cash Incentive:** While financial incentives can influence decisions, they should not overshadow health considerations.
3. **Personal Health and Safety:** The primary goal is to ensure personal health and safety.

### Probability Assignment:
Given the criteria, I would assign probabilities as follows:

- **P(A): 0.15** - Alternative A offers moderate effectiveness with a higher risk of side effects and a lower cash incentive. This option is less favorable but still has some value for those who are more concerned about receiving a vaccine sooner.
- **P(B): 0.70** - Alternative B offers the highest effectiveness with the lowest risk of side effects and a significant financial incentive. This option is the most favorable overall.
- **P(C): 0.15** - Opting out of vaccination (Alternative C) is a valid choice for those who have strong personal or health reasons against vaccination, but it should be considered carefully given the potential risks.

### Summary:
P(A): 0.15  
P(B): 0.70  
P(C): 0.15  

These probabilities reflect the relative attractiveness of each option based on the provided criteria and a balanced consideration of all factors.",success
3,1,4,"To provide a probabilistic choice among the alternatives, I'll consider factors such as effectiveness, side effects, waiting time, and cash incentives. Given the information:

- **Alternative A** offers a 70% effective vaccine with a 10% risk of side effects and a 50 RMB incentive.
- **Alternative B** offers a highly effective (95%) vaccine with only a 1% risk of side effects and a 200 RMB incentive.
- **Alternative C** involves not getting vaccinated at all.

Given the high effectiveness and low side effect rate of Alternative B, coupled with a significant cash incentive, it seems to be the most favorable option. However, some individuals might prefer Alternative A due to its shorter waiting time and still reasonable effectiveness, despite the higher risk of side effects and lower incentive. Opting out (Alternative C) is generally less favorable given the benefits of vaccination in preventing severe disease.

Here are the probabilities reflecting these considerations:

- **P(A): 0.2** - This reflects a preference for getting vaccinated sooner with a moderate level of effectiveness, despite higher side effects and a smaller incentive.
- **P(B): 0.7** - This is the most likely choice due to its high effectiveness, low risk of side effects, and significant financial incentive.
- **P(C): 0.1** - This reflects the least preferred option of not getting vaccinated at all.

These probabilities sum to 1, representing a distribution of choices based on the given factors.",success
3,1,5,"When making a decision like choosing a COVID-19 vaccination, it's important to weigh the benefits and risks associated with each option. Here’s a breakdown of how one might evaluate these alternatives:

### Alternative A:
- **Waiting time**: 1 month (same for all options)
- **Vaccine effectiveness**: 70% (moderate protection)
- **Risk of side effects**: 10% (relatively high)
- **Cash incentive**: 50 RMB (some financial benefit)
- **Vaccine origin**: Domestic (familiar and possibly more trusted)

### Alternative B:
- **Waiting time**: 1 month (same for all options)
- **Vaccine effectiveness**: 95% (high protection)
- **Risk of side effects**: 1% (very low)
- **Cash incentive**: 200 RMB (significant financial benefit)
- **Vaccine origin**: Domestic (familiar and possibly more trusted)

### Alternative C:
- **Do not receive the vaccine (opt out)**
- **Waiting time**: N/A
- **Vaccine effectiveness**: 0% (no protection)
- **Risk of side effects**: 0% (no risk from the vaccine, but potential risk from the disease)
- **Cash incentive**: None
- **Vaccine origin**: Not applicable

### Decision Factors:
1. **Effectiveness**: Alternative B offers significantly higher protection against COVID-19.
2. **Side Effects**: Alternative B has a much lower risk of side effects.
3. **Financial Incentive**: Alternative B provides a more substantial financial incentive.
4. **Vaccine Origin**: Both A and B are domestic, which might be preferred for trust reasons.

### Probabilities:
Given the high effectiveness, low risk of side effects, and significant financial incentive of Alternative B, it is likely to be the most appealing option. However, some individuals might still prefer Alternative A due to its moderate protection and lower financial threshold, or they might opt out entirely (Alternative C) if they are highly averse to any form of vaccination.

Here’s a possible distribution of probabilities:

- **P(A)**: 0.15
- **P(B)**: 0.70
- **P(C)**: 0.15

These probabilities reflect a strong preference for Alternative B, with some consideration given to the other options based on individual preferences and risk tolerance.",success
3,1,6,"To provide a decision in terms of probabilities, I'll consider the key factors involved and their importance. Here’s a simplified approach:

- **Effectiveness**: Higher effectiveness is crucial for preventing the disease.
- **Side Effects**: Lower risk of side effects is preferred to avoid potential health issues.
- **Waiting Time**: Since all options have the same waiting time, this factor doesn't influence the decision.
- **Cash Incentive**: A higher cash incentive can be a motivator but should not overshadow health considerations.
- **Vaccine Origin**: Both vaccines are domestic, so origin does not differentiate them.

Given these factors:

1. **Alternative B** has the highest effectiveness (95%) and the lowest risk of side effects (1%), making it the most appealing from a health perspective. The higher cash incentive (200 RMB) further supports this choice.
2. **Alternative A** offers a lower effectiveness (70%) and a higher risk of side effects (10%), which is less desirable, but the moderate cash incentive (50 RMB) might still be attractive to some.
3. **Alternative C** involves no vaccine, which means no protection against the disease and no cash incentive.

Considering these points, here’s a probabilistic distribution reflecting the likelihood of choosing each option:

- **P(A): 0.1** - This option is less likely due to lower effectiveness and higher side effects.
- **P(B): 0.8** - This option is highly likely due to high effectiveness and low side effects.
- **P(C): 0.1** - Opting out is the least likely, as it provides no protection.

These probabilities sum to 1, reflecting a weighted decision based on the given factors.",success
3,1,7,"When making a decision like this, it's important to consider multiple factors including effectiveness, risk of side effects, waiting time, and incentives. However, since the question asks for probabilities that sum to 1, I'll interpret this as a way to express preference or likelihood of choosing each option based on the given information.

Given the data:

- **Alternative A** offers moderate effectiveness with a higher risk of side effects but has a small cash incentive.
- **Alternative B** provides high effectiveness with minimal risk of side effects and a significant cash incentive.
- **Alternative C** involves not getting vaccinated, which means no protection against COVID-19.

Based on the information provided, I would assign probabilities as follows:

- **P(A): 0.2** - This option is less favorable due to lower effectiveness and higher risk of side effects, but it still offers some protection.
- **P(B): 0.7** - This option is the most favorable because of its high effectiveness, low risk of side effects, and substantial cash incentive.
- **P(C): 0.1** - Opting out is the least favorable as it leaves you unprotected against COVID-19.

These probabilities reflect a preference for the highest level of protection with minimal risks and additional benefits.",success
3,1,8,"To provide a probabilistic choice among the three alternatives, we need to consider the trade-offs between waiting time, vaccine effectiveness, risk of side effects, cash incentive, and personal health values. Here’s a reasoned approach:

1. **Effectiveness**: Higher effectiveness means better protection against COVID-19.
2. **Risk of Side Effects**: Lower risk is generally more desirable.
3. **Cash Incentive**: This can be a motivating factor for some individuals.
4. **Personal Values and Health Status**: Some might prioritize avoiding vaccines due to personal beliefs or health conditions.

Given these factors, let's assign probabilities:

- **Alternative A**:
  - Moderate effectiveness (70%)
  - Moderate risk of side effects (10%)
  - Small cash incentive (50 RMB)
  - Domestic origin

- **Alternative B**:
  - High effectiveness (95%)
  - Low risk of side effects (1%)
  - Higher cash incentive (200 RMB)
  - Domestic origin

- **Alternative C**:
  - No vaccine, no protection
  - No risk of side effects
  - No financial benefit

Based on the higher effectiveness and lower risk of side effects, Alternative B seems to be the most favorable. However, some individuals might still prefer not to get vaccinated due to personal reasons or health concerns.

Here’s a possible distribution of probabilities:

- **P(A)**: 0.2 (Considering it as a moderate option with some incentives but less effective)
- **P(B)**: 0.7 (Highly favorable due to high effectiveness and low risk)
- **P(C)**: 0.1 (Some individuals might opt out for personal reasons)

These probabilities sum to 1, reflecting the trade-offs and preferences:

P(A): 0.2
P(B): 0.7
P(C): 0.1",success
3,1,9,"When making a decision regarding vaccination, it's important to weigh the benefits and risks associated with each option. Here’s a breakdown of how one might evaluate these options based on the provided criteria:

### Alternative A:
- **Waiting time:** 1 month (same as B)
- **Vaccine effectiveness:** 70% (moderate protection against COVID-19)
- **Risk of side effects:** 10% (relatively high compared to B)
- **Cash incentive:** 50 RMB (modest financial benefit)
- **Vaccine origin:** Domestic (familiar and likely trusted)

### Alternative B:
- **Waiting time:** 1 month (same as A)
- **Vaccine effectiveness:** 95% (high protection against COVID-19)
- **Risk of side effects:** 1% (very low risk)
- **Cash incentive:** 200 RMB (significant financial benefit)
- **Vaccine origin:** Domestic (familiar and likely trusted)

### Alternative C:
- **Waiting time:** N/A
- **Vaccine effectiveness:** 0% (no protection against COVID-19)
- **Risk of side effects:** 0% (no risk of side effects from the vaccine)
- **Cash incentive:** 0 RMB (no financial benefit)
- **Vaccine origin:** N/A

### Decision Analysis:
- **Effectiveness and Risk of Side Effects:**
  - Alternative B offers significantly higher effectiveness (95%) with a very low risk of side effects (1%). This is the most compelling reason to choose B.
  - Alternative A provides moderate protection (70%) but with a relatively high risk of side effects (10%).
- **Financial Incentive:**
  - The cash incentive for B (200 RMB) is significantly higher than that for A (50 RMB), adding to the attractiveness of B.
- **Vaccine Origin:**
  - Both vaccines are domestic, which may be a factor in trust and familiarity.

### Probabilities:
Given the high effectiveness and low risk of side effects, coupled with a significant financial incentive, Alternative B is the most favorable option. However, some individuals might still prefer A due to its moderate protection and modest financial benefit, or C if they are extremely risk-averse regarding vaccines.

Here’s a possible distribution of probabilities:

- **P(A): 0.2** (20%)
- **P(B): 0.7** (70%)
- **P(C): 0.1** (10%)

These probabilities reflect the strong preference for Alternative B, with some consideration given to A and a small probability of opting out.",success
3,1,10,"When making a decision like this, it's important to consider multiple factors such as waiting time, vaccine effectiveness, risk of side effects, cash incentives, and personal values. Given the alternatives provided:

- **Alternative A** offers moderate effectiveness with a higher risk of side effects but includes a small cash incentive.
- **Alternative B** provides high effectiveness with a very low risk of side effects and a significant cash incentive.
- **Alternative C** involves opting out of vaccination, which means no protection against COVID-19.

Given these considerations, I would assign the following probabilities:

- **P(A): 0.20** - This alternative is less attractive due to its lower effectiveness and higher risk of side effects, but it still provides some level of protection and a small incentive.
- **P(B): 0.75** - This alternative is highly attractive due to its high effectiveness, low risk of side effects, and substantial cash incentive.
- **P(C): 0.05** - Opting out of vaccination is the least desirable option as it provides no protection against COVID-19.

These probabilities reflect a strong preference for Alternative B, while still acknowledging the potential value in the other options. The probabilities sum to 1, representing a complete distribution of choices.",success
4,1,1,"When evaluating the alternatives for receiving a COVID-19 vaccination, we need to consider multiple factors including waiting time, vaccine effectiveness, risk of side effects, cash incentives, and personal health considerations. Here’s a breakdown of each alternative:

**Alternative A:**
- **Waiting Time:** Walk-in (no wait) - This is highly convenient.
- **Vaccine Effectiveness:** 50% - This is relatively low compared to other options.
- **Risk of Side Effects:** 0.1% - Very low risk, which is favorable.
- **Cash Incentive:** 800 RMB - A significant financial incentive.
- **Vaccine Origin:** Imported - This might be a factor depending on trust in the source.

**Alternative B:**
- **Waiting Time:** 6 months - This is a long wait, which could be a deterrent.
- **Vaccine Effectiveness:** 95% - Very high effectiveness, which is highly favorable.
- **Risk of Side Effects:** 1% - Slightly higher risk compared to Alternative A.
- **Cash Incentive:** 200 RMB - Lower financial incentive.
- **Vaccine Origin:** Imported - Same as Alternative A.

**Alternative C:**
- **Waiting Time:** Not applicable (opt out) - No waiting time, but no protection against the virus.
- **Vaccine Effectiveness:** 0% - No protection at all.
- **Risk of Side Effects:** 0% - No risk, but also no benefit.
- **Cash Incentive:** None - No financial incentive.
- **Vaccine Origin:** Not applicable (opt out).

Given these considerations, I would assign probabilities based on the balance of benefits and risks:

- **P(A):** Alternative A offers immediate protection with a moderate effectiveness rate and a significant cash incentive. The low risk of side effects is also favorable. However, the 50% effectiveness might be a concern.
- **P(B):** Alternative B provides high effectiveness but requires a long wait time. The slightly higher risk of side effects and lower financial incentive are drawbacks.
- **P(C):** Opting out means no protection against the virus, which is generally not recommended unless there are specific health reasons.

Considering all factors:

- **P(A): 0.4**
- **P(B): 0.5**
- **P(C): 0.1**

These probabilities reflect a higher preference for the high effectiveness of Alternative B, despite the wait time, but also a significant consideration for the immediate benefits and financial incentive of Alternative A. Opting out is given the least probability due to the lack of protection against the virus.",success
4,1,2,"When making a decision like this, it's important to weigh the various factors such as waiting time, vaccine effectiveness, risk of side effects, cash incentives, and personal health considerations. Since I am an AI model, I don't have personal preferences or health conditions, but I can provide a probabilistic distribution based on a rational evaluation of the given alternatives.

Here’s how we might break it down:

1. **Alternative A**:
   - **Waiting time**: Immediate (no wait) is highly favorable.
   - **Vaccine effectiveness**: 50% is relatively low compared to other options but still provides some protection.
   - **Risk of side effects**: 0.1% is very low, which is a positive factor.
   - **Cash incentive**: 800 RMB is the highest among the options, which could be a significant motivator for many.
   - **Vaccine origin**: Imported, which might imply higher quality or trust in some contexts.

2. **Alternative B**:
   - **Waiting time**: 6 months is a long wait, which could delay protection against the virus.
   - **Vaccine effectiveness**: 95% is very high, providing strong protection.
   - **Risk of side effects**: 1% is higher than Alternative A but still relatively low.
   - **Cash incentive**: 200 RMB is lower compared to Alternative A.
   - **Vaccine origin**: Imported, similar to Alternative A.

3. **Alternative C**:
   - **Waiting time**: Not applicable since this option involves not getting vaccinated.
   - **Vaccine effectiveness**: 0% (no protection).
   - **Risk of side effects**: 0% (no risk from the vaccine itself).
   - **Cash incentive**: None.
   - **Personal health and societal impact**: Choosing not to get vaccinated can increase personal and community risk.

Given these considerations, a rational distribution might be:

- **P(A)**: 0.4
- **P(B)**: 0.35
- **P(C)**: 0.25

This distribution reflects:
- A higher probability for Alternative A due to the immediate availability and high cash incentive.
- A moderate probability for Alternative B, recognizing its high effectiveness but long wait time.
- A lower probability for Alternative C, as not getting vaccinated leaves one unprotected and does not provide any incentives.

These probabilities sum to 1 and represent a balanced approach considering all factors.",success
4,1,3,"When evaluating these choices, it's important to consider multiple factors including the effectiveness of the vaccine, the waiting time, the risk of side effects, and any additional incentives. Here’s a breakdown:

- **Alternative A**: Offers immediate vaccination with moderate effectiveness (50%) and very low risk of side effects (0.1%). The significant cash incentive (800 RMB) is an added benefit. However, 50% effectiveness might not provide sufficient protection against the virus.
  
- **Alternative B**: Provides a highly effective vaccine (95%), which offers strong protection but requires a long waiting time (6 months). The risk of side effects is slightly higher (1%) and the cash incentive is lower (200 RMB).

- **Alternative C**: Opting out means no immediate health risks or benefits from vaccination. This choice might be less favorable given the ongoing pandemic and the potential for severe illness.

Given these considerations, I would assign probabilities based on a balanced view of protection, convenience, and incentives:

- **P(A)**: 0.4
- **P(B)**: 0.5
- **P(C)**: 0.1

This distribution reflects a preference for the highly effective vaccine (B) despite the waiting time, with a significant consideration also given to the immediate option with a good incentive (A), and a low but present probability of opting out (C).",success
4,1,4,"When making a decision regarding vaccination, it's important to consider multiple factors such as effectiveness, risk of side effects, waiting time, and any additional incentives. Here’s a probabilistic approach to evaluate the given alternatives:

1. **Effectiveness**: Higher effectiveness means better protection against the virus.
2. **Risk of Side Effects**: Lower risk is generally preferred.
3. **Waiting Time**: Immediate availability can be crucial in a pandemic.
4. **Cash Incentive**: Financial incentives might influence the decision, especially if there are economic considerations.
5. **Vaccine Origin**: The origin (imported) doesn't significantly change the evaluation for this scenario.

Let's break down each alternative:

- **Alternative A**:
  - Immediate availability is a significant advantage.
  - 50% effectiveness is relatively low but still provides some protection.
  - Very low risk of side effects (0.1%) is beneficial.
  - High cash incentive (800 RMB) adds value.

- **Alternative B**:
  - High effectiveness (95%) is a strong point.
  - Higher risk of side effects (1%) compared to A, but still relatively low.
  - Long waiting time (6 months) is a major disadvantage.
  - Lower cash incentive (200 RMB).

- **Alternative C**:
  - No protection against the virus.
  - No risk of side effects.
  - No financial benefit.

Given these factors, we can assign probabilities based on their relative importance and balance:

- **P(A)**: The immediate availability and high cash incentive make A a strong choice, despite lower effectiveness. Let's assign it a probability of 0.4.
- **P(B)**: High effectiveness is very valuable, but the long waiting time is a significant drawback. Let's assign it a probability of 0.3.
- **P(C)**: Opting out means no protection and no financial benefit, which is generally less favorable. Let's assign it a probability of 0.3.

Thus, the probabilities are:

P(A): 0.4
P(B): 0.3
P(C): 0.3

These probabilities sum to 1, reflecting a balanced consideration of all factors.",success
4,1,5,"To determine which alternative to choose, we need to consider a variety of factors including waiting time, vaccine effectiveness, risk of side effects, cash incentive, and personal values. Here’s a breakdown of the considerations:

### Alternative A:
- **Waiting time**: Immediate (no wait) - This is highly favorable for those who want to get vaccinated as soon as possible.
- **Vaccine effectiveness**: 50% - This is relatively low compared to other options but still provides some protection.
- **Risk of side effects**: 0.1% - Very low risk, which is a positive factor.
- **Cash incentive**: 800 RMB - A significant financial incentive.
- **Vaccine origin**: Imported - The source might be trusted or not depending on personal views.

### Alternative B:
- **Waiting time**: 6 months - This is a long wait, which could be a deterrent for those who want immediate protection.
- **Vaccine effectiveness**: 95% - Highly effective, providing strong protection against COVID-19.
- **Risk of side effects**: 1% - Slightly higher risk compared to Alternative A but still relatively low.
- **Cash incentive**: 200 RMB - Lower financial incentive compared to Alternative A.
- **Vaccine origin**: Imported - Similar to Alternative A in terms of source.

### Alternative C:
- **Waiting time**: Not applicable (opt out) - No waiting, but no protection either.
- **Vaccine effectiveness**: 0% - No protection against COVID-19.
- **Risk of side effects**: 0% - No risk of side effects.
- **Cash incentive**: 0 RMB - No financial incentive.
- **Vaccine origin**: Not applicable (opt out) - No vaccine.

### Personal Values and Considerations:
- **Immediate Protection vs. Long-Term Protection**: Immediate protection might be more valuable in a high-risk environment, while long-term protection is better for sustained safety.
- **Financial Incentive**: Financial incentives can influence decisions, especially if they are significant.
- **Risk Tolerance**: Some individuals might be more risk-tolerant regarding side effects and effectiveness.

### Probabilistic Choice:
Given these considerations, I would assign probabilities based on the trade-offs between immediate protection, long-term effectiveness, financial incentives, and personal values. Here is a possible distribution:

- **P(A)**: 0.4 - Immediate protection and significant financial incentive are strong motivators.
- **P(B)**: 0.35 - High effectiveness and moderate risk of side effects make this a good long-term choice.
- **P(C)**: 0.25 - Opting out might be chosen by those who are highly risk-averse or have other concerns about vaccines.

These probabilities sum to 1, reflecting the relative likelihood of choosing each alternative based on the given factors.",success
4,1,6,"When making a decision regarding vaccination, it's important to consider multiple factors including effectiveness, risk of side effects, waiting time, and any additional incentives. Here's an analysis based on the given alternatives:

### Analysis:
1. **Vaccine Effectiveness**:
   - Alternative A: 50% (moderate)
   - Alternative B: 95% (high)
   - Alternative C: 0% (no protection)

2. **Risk of Side Effects**:
   - Alternative A: 0.1% (very low)
   - Alternative B: 1% (low)
   - Alternative C: 0% (no side effects, but no protection)

3. **Waiting Time**:
   - Alternative A: Immediate (walk-in)
   - Alternative B: 6 months
   - Alternative C: No waiting time

4. **Cash Incentive**:
   - Alternative A: 800 RMB
   - Alternative B: 200 RMB
   - Alternative C: None

5. **Vaccine Origin**:
   - Both A and B are imported, which might be a neutral factor if there are no concerns about the origin.

### Decision-Making:
- **Alternative A**: Offers immediate protection with moderate effectiveness and very low risk of side effects. The high cash incentive is also a significant benefit.
- **Alternative B**: Provides the highest level of protection but requires a long waiting time. The lower cash incentive might be less appealing.
- **Alternative C**: Opting out means no protection against COVID-19, which could lead to higher health risks.

### Probabilities:
Given the importance of immediate protection and the significant cash incentive, Alternative A seems more favorable despite its moderate effectiveness. However, for those who prioritize long-term high effectiveness and can wait, Alternative B might be a better choice. Opting out (Alternative C) is generally not recommended due to the lack of protection.

### Probabilities:
- **P(A)**: 0.6
- **P(B)**: 0.3
- **P(C)**: 0.1

These probabilities reflect a higher likelihood of choosing Alternative A, followed by B, and a low probability of opting out (C).",success
4,1,7,"When making a decision regarding vaccination, it's important to consider multiple factors such as the effectiveness of the vaccine, the risk of side effects, waiting time, and any additional incentives. Here's how I would evaluate each option:

### Alternative A:
- **Waiting Time:** Immediate (no wait) - This is highly beneficial for those who want protection as soon as possible.
- **Vaccine Effectiveness:** 50% - This is relatively low compared to other options but still provides some level of protection.
- **Risk of Side Effects:** 0.1% - Very low risk, which is a positive factor.
- **Cash Incentive:** 800 RMB - A significant financial incentive.
- **Vaccine Origin:** Imported - The source is reputable, assuming it meets regulatory standards.

### Alternative B:
- **Waiting Time:** 6 months - This is a long wait and could be risky if there are new variants or surges in cases during this period.
- **Vaccine Effectiveness:** 95% - Very high effectiveness, which is highly desirable for long-term protection.
- **Risk of Side Effects:** 1% - Slightly higher than Alternative A but still relatively low.
- **Cash Incentive:** 200 RMB - Lower financial incentive compared to Alternative A.
- **Vaccine Origin:** Imported - Again, a reputable source.

### Alternative C:
- **Do Not Receive the Vaccine (Opt Out):**
- **Protection:** None - This leaves you vulnerable to the virus.
- **Risk of Side Effects:** 0% - No risk from the vaccine itself.
- **Cash Incentive:** 0 RMB - No financial benefit.
- **Vaccine Origin:** N/A - Not applicable.

### Decision-Making:
Given these factors, I would assign probabilities based on a balance between immediate protection, long-term effectiveness, and personal risk tolerance. Here's my assessment:

- **P(A):** 0.4
  - Immediate protection is valuable, especially if there are current or anticipated surges in cases.
  - The financial incentive of 800 RMB is significant.
  - Despite lower effectiveness, the low risk of side effects and no wait time make it a reasonable choice.

- **P(B):** 0.4
  - High effectiveness (95%) provides strong long-term protection.
  - The waiting time is a major drawback but may be acceptable if the current risk is perceived as low.
  - The financial incentive of 200 RMB is less, but the high effectiveness compensates for this.

- **P(C):** 0.2
  - Opting out leaves you unprotected and vulnerable to the virus.
  - This option might be chosen by those who are highly risk-averse regarding vaccines or have strong personal reasons against vaccination.

### Final Probabilities:
- **P(A):** 0.4
- **P(B):** 0.4
- **P(C):** 0.2

These probabilities reflect a balanced consideration of immediate and long-term benefits, risks, and financial incentives.",success
4,1,8,"Choosing among these alternatives involves balancing several factors, including effectiveness, waiting time, risk of side effects, and financial incentives. Given the context, I'll provide a probabilistic distribution based on weighing these factors:

- **Alternative A** offers immediate vaccination with moderate effectiveness and a very low risk of side effects, plus a significant cash incentive. The main drawback is its lower effectiveness compared to Alternative B.
- **Alternative B** provides high effectiveness but requires a long waiting period, has a higher risk of side effects, and offers a smaller cash incentive.
- **Alternative C** involves not getting vaccinated at all, which means no immediate protection against the virus and no financial incentive.

Considering these points:

- **P(A): 0.45** - This option is attractive due to its immediate availability and significant financial incentive, despite lower effectiveness.
- **P(B): 0.35** - The high effectiveness of this vaccine makes it a strong choice for those willing to wait and accept the higher risk of side effects.
- **P(C): 0.20** - Opting out is less likely given the availability of effective vaccines and financial incentives, but some individuals might prefer to avoid vaccination due to personal beliefs or health concerns.

These probabilities reflect a balanced consideration of effectiveness, waiting time, risk of side effects, and financial incentives.",success
4,1,9,"In making a decision about which vaccination option to choose, it's important to consider various factors such as the waiting time, vaccine effectiveness, risk of side effects, cash incentive, and personal health values. Given that I am an AI model and do not have personal preferences or health conditions, I will provide a probabilistic distribution based on a balanced consideration of these factors.

Here’s a breakdown of the considerations for each alternative:

- **Alternative A**: Offers immediate vaccination with moderate effectiveness and a low risk of side effects, along with a significant cash incentive. The main drawback is its lower effectiveness compared to Alternative B.
- **Alternative B**: Provides a highly effective vaccine but requires a long waiting period and has a higher risk of side effects. The cash incentive is lower than that of Alternative A.
- **Alternative C**: Opting out means no immediate health benefits from vaccination, avoiding the risks of side effects, but also missing out on the cash incentives.

Given these considerations, here’s a probabilistic distribution reflecting the likelihood of choosing each alternative:

P(A): 0.4
P(B): 0.35
P(C): 0.25

This distribution suggests a higher probability for Alternative A due to its immediate availability and significant incentive, followed by Alternative B for those who prioritize long-term effectiveness despite the wait, and a lower but still present probability for opting out (Alternative C), which might be chosen by individuals who are extremely risk-averse or have other health considerations.",success
4,1,10,"Choosing among these alternatives involves weighing several factors, including waiting time, effectiveness, side effect risks, cash incentives, and personal beliefs about vaccination. Here’s a breakdown of how one might consider each option:

- **Alternative A** offers immediate access to the vaccine with a moderate level of effectiveness and a very low risk of side effects, along with a substantial cash incentive. The primary drawback is the lower effectiveness compared to Alternative B.
  
- **Alternative B** provides the highest level of protection against COVID-19 but requires a significant waiting period and has a higher risk of side effects. Additionally, it offers a smaller cash incentive.

- **Alternative C** (not receiving the vaccine) means no immediate health risks from vaccination but also leaves one unprotected against the virus, which could lead to more severe outcomes if infected.

Given these considerations, here is a possible distribution of probabilities reflecting a balanced approach:

P(A): 0.45
P(B): 0.35
P(C): 0.20

This distribution suggests a preference for getting vaccinated with a focus on immediate access and higher incentives (Alternative A), while still considering the long-term benefits and higher effectiveness of Alternative B, but also acknowledging that some might choose to opt out due to personal reasons or concerns about vaccines in general.",success
5,1,1,"When making a decision like this, it's important to weigh all the factors, including waiting time, vaccine effectiveness, risk of side effects, cash incentive, and personal values. Here’s an analysis based on these criteria:

1. **Waiting Time**: A shorter waiting time is generally preferred as it reduces the period during which one remains vulnerable to infection.
2. **Vaccine Effectiveness**: Higher effectiveness means better protection against the virus.
3. **Risk of Side Effects**: Lower risk of side effects is preferable for safety and peace of mind.
4. **Cash Incentive**: A higher cash incentive can be a significant motivator, especially if it can help cover other expenses or provide immediate benefit.
5. **Vaccine Origin**: Since both vaccines are domestic in this case, origin does not influence the decision.

Given these considerations:

- **Alternative A** has a longer waiting time and lower effectiveness but offers some financial incentive and a moderate risk of side effects.
- **Alternative B** has a shorter waiting time, very high effectiveness, minimal risk of side effects, and a substantial cash incentive.
- **Alternative C** (opting out) means no immediate protection against the virus, which could be risky given the ongoing pandemic.

Based on these factors, I would assign probabilities as follows:

- **P(A): 0.15** - This option is less favorable due to the long waiting time and lower effectiveness.
- **P(B): 0.70** - This option is highly favorable with high effectiveness, low risk of side effects, a shorter wait, and a significant cash incentive.
- **P(C): 0.15** - Opting out is less favorable due to the lack of protection against the virus.

These probabilities reflect the likelihood of choosing each alternative based on the given criteria.",success
5,1,2,"To provide a probabilistic choice, I need to consider the key factors for each option and weigh them against individual preferences. However, since we don't have specific personal preferences or health conditions to guide this decision, I will base it on general considerations such as effectiveness, risk, waiting time, and incentive.

Here's how I would break down the probabilities based on these factors:

1. **Effectiveness**: Higher effectiveness is a strong positive factor.
   - Alternative B has 95% effectiveness, which is significantly higher than A's 70%.

2. **Risk of Side Effects**: Lower risk is preferable.
   - Alternative B has a very low risk (0.1%) compared to A's 10%.

3. **Waiting Time**: Shorter waiting times are generally better.
   - Alternative B has a shorter waiting time (3 months) compared to A's 6 months.

4. **Cash Incentive**: Higher incentives can be a motivator for some.
   - Alternative B offers 800 RMB, which is much higher than A's 50 RMB.

5. **Vaccine Origin**: Both are domestic, so this factor is neutral between A and B.

Given these considerations, Alternative B stands out as the most favorable option due to its high effectiveness, low risk of side effects, shorter waiting time, and significant cash incentive. Opting out (Alternative C) would generally be less favorable unless there are strong personal or health reasons against vaccination.

Here is a possible distribution of probabilities reflecting these considerations:

P(A): 0.1
P(B): 0.8
P(C): 0.1

This distribution reflects a strong preference for Alternative B, with some consideration given to the other options.",success
5,1,3,"When making a decision regarding vaccination, it's important to consider several factors including waiting time, vaccine effectiveness, risk of side effects, and any additional incentives. Here’s how I would evaluate the given alternatives:

1. **Alternative A**:
   - **Waiting Time**: 6 months (long wait)
   - **Vaccine Effectiveness**: 70% (moderate)
   - **Risk of Side Effects**: 10% (relatively high)
   - **Cash Incentive**: 50 RMB (low incentive)
   - **Vaccine Origin**: Domestic

2. **Alternative B**:
   - **Waiting Time**: 3 months (shorter wait)
   - **Vaccine Effectiveness**: 95% (high)
   - **Risk of Side Effects**: 0.1% (very low)
   - **Cash Incentive**: 800 RMB (high incentive)
   - **Vaccine Origin**: Domestic

3. **Alternative C**:
   - **Do not receive the vaccine (opt out)**

### Decision Analysis:
- **Waiting Time**: A shorter waiting time is generally more favorable as it provides protection sooner.
- **Vaccine Effectiveness**: Higher effectiveness means better protection against the virus.
- **Risk of Side Effects**: Lower risk of side effects is preferable to minimize potential health issues.
- **Cash Incentive**: While a cash incentive can be appealing, it should not outweigh the importance of vaccine effectiveness and safety.

### Probabilities:
Given the factors above, here’s how I would assign probabilities:

- **P(A)**: 0.1
  - Long waiting time and moderate effectiveness make this option less attractive.
  
- **P(B)**: 0.8
  - Shorter waiting time, high effectiveness, very low risk of side effects, and a significant cash incentive make this the most favorable option.

- **P(C)**: 0.1
  - Opting out is the least desirable as it provides no protection against the virus.

### Final Probabilities:
- P(A): 0.1
- P(B): 0.8
- P(C): 0.1

These probabilities sum to 1, reflecting a balanced consideration of all factors.",success
5,1,4,"To provide a structured approach to this decision-making problem, we can consider the key factors and weigh them according to their importance. The factors include waiting time, vaccine effectiveness, risk of side effects, cash incentive, and personal health considerations.

### Evaluation of Alternatives

1. **Waiting Time:**
   - Alternative A: 6 months (longer wait)
   - Alternative B: 3 months (shorter wait)
   - Alternative C: No wait (immediate)

2. **Vaccine Effectiveness:**
   - Alternative A: 70% (moderate effectiveness)
   - Alternative B: 95% (high effectiveness)
   - Alternative C: 0% (no protection)

3. **Risk of Side Effects:**
   - Alternative A: 10% (moderately high risk)
   - Alternative B: 0.1% (very low risk)
   - Alternative C: 0% (no risk, but no benefit)

4. **Cash Incentive:**
   - Alternative A: 50 RMB (small incentive)
   - Alternative B: 800 RMB (large incentive)
   - Alternative C: 0 RMB (no incentive)

5. **Vaccine Origin:**
   - Both alternatives A and B are domestic, which might be a neutral factor if there is no specific preference or concern regarding the origin.

### Decision Criteria
- **Health Considerations:** High vaccine effectiveness and low risk of side effects are crucial for protecting personal health.
- **Convenience:** Shorter waiting time can reduce anxiety and uncertainty.
- **Financial Incentive:** A higher cash incentive might be attractive, especially if it can offset other costs or provide immediate financial benefit.

### Probabilistic Choice
Given the importance of each factor, we can assign probabilities based on a balanced consideration:

- **Alternative A:**
  - Longer wait time (negative)
  - Moderate effectiveness (neutral to slightly positive)
  - Moderately high risk of side effects (negative)
  - Small cash incentive (slightly positive)

- **Alternative B:**
  - Shorter wait time (positive)
  - High effectiveness (very positive)
  - Very low risk of side effects (very positive)
  - Large cash incentive (very positive)

- **Alternative C:**
  - No wait time (neutral to slightly positive)
  - No protection (strongly negative)
  - No risk of side effects (positive)
  - No financial benefit (negative)

### Probabilities
Based on the above considerations, the probabilities can be assigned as follows:

- **P(A):** 0.2 (Alternative A has some positives but is less favorable overall)
- **P(B):** 0.7 (Alternative B is highly favorable due to high effectiveness and low risk)
- **P(C):** 0.1 (Opting out is the least favorable due to no protection)

Thus, the probabilities are:

P(A): 0.2
P(B): 0.7
P(C): 0.1",success
5,1,5,"When making a decision about which vaccination choice to select, it's important to consider multiple factors including the waiting time, vaccine effectiveness, risk of side effects, and any incentives provided. Here’s an analysis based on these criteria:

1. **Waiting Time**: Shorter waiting times are generally preferred as they allow for earlier protection against the virus.
2. **Vaccine Effectiveness**: Higher effectiveness means a better chance of preventing infection or severe disease.
3. **Risk of Side Effects**: Lower risk is preferable, but it needs to be balanced against other factors like effectiveness.
4. **Cash Incentive**: While not the primary factor, financial incentives can provide additional motivation.
5. **Vaccine Origin**: Since all options are domestic, this does not influence the decision.

### Analysis:
- **Alternative A** offers a moderate waiting time and effectiveness but has a relatively high risk of side effects and a low cash incentive.
- **Alternative B** provides a shorter waiting time, higher effectiveness, lower risk of side effects, and a significant cash incentive. This option appears to be the most balanced and beneficial.
- **Alternative C** (opting out) leaves you without any protection against COVID-19, which is generally not recommended unless there are specific health reasons.

### Probabilities:
Given the analysis, I would assign probabilities as follows:

- **P(A)**: 0.2
- **P(B)**: 0.7
- **P(C)**: 0.1

These probabilities reflect a higher preference for Alternative B due to its superior balance of waiting time, effectiveness, and safety, with the additional financial incentive making it even more attractive.",success
5,1,6,"To approach this decision, we need to consider various factors such as waiting time, effectiveness, risk of side effects, cash incentive, and personal health values. Here’s a structured way to evaluate each alternative:

### Alternative A:
- **Waiting Time:** 6 months (long wait)
- **Effectiveness:** 70% (moderate protection)
- **Risk of Side Effects:** 10% (relatively high risk)
- **Cash Incentive:** 50 RMB (small incentive)
- **Vaccine Origin:** Domestic

### Alternative B:
- **Waiting Time:** 3 months (shorter wait)
- **Effectiveness:** 95% (high protection)
- **Risk of Side Effects:** 0.1% (very low risk)
- **Cash Incentive:** 800 RMB (significant incentive)
- **Vaccine Origin:** Domestic

### Alternative C:
- **Waiting Time:** N/A (no wait)
- **Effectiveness:** 0% (no protection)
- **Risk of Side Effects:** 0% (no risk)
- **Cash Incentive:** 0 RMB (no incentive)
- **Vaccine Origin:** N/A

### Decision Factors:
1. **Protection Against COVID-19:**
   - Alternative B offers the highest effectiveness at 95%, which is crucial for reducing the risk of severe illness.
   - Alternative A provides moderate protection at 70%.
   - Alternative C offers no protection.

2. **Waiting Time:**
   - Alternative B has a shorter waiting time (3 months) compared to Alternative A (6 months).
   - Alternative C involves no waiting but also no protection.

3. **Risk of Side Effects:**
   - Alternative B has the lowest risk of side effects at 0.1%.
   - Alternative A has a higher risk at 10%.
   - Alternative C has no risk since it involves no vaccine.

4. **Cash Incentive:**
   - Alternative B offers the highest cash incentive (800 RMB).
   - Alternative A offers a smaller incentive (50 RMB).
   - Alternative C offers no incentive.

### Personal Values:
- **Health and Safety:** High importance due to the ongoing pandemic.
- **Convenience:** Shorter waiting time is preferred.
- **Financial Incentive:** Additional financial benefit can be a motivator.

Given these considerations, here are the probabilities that sum to 1:

- **P(A):** 0.2 (Alternative A has moderate protection and a small incentive but a long wait and higher risk of side effects.)
- **P(B):** 0.7 (Alternative B offers high protection, low risk of side effects, shorter waiting time, and the highest financial incentive.)
- **P(C):** 0.1 (Opting out provides no protection, which is not advisable given the current health situation.)

These probabilities reflect a higher preference for Alternative B due to its comprehensive benefits in terms of effectiveness, safety, and incentives.",success
5,1,7,"When making a decision about which COVID-19 vaccination alternative to choose, it's important to consider the trade-offs between waiting time, vaccine effectiveness, risk of side effects, cash incentives, and personal values. Given the provided options:

### Alternative A:
- **Waiting time:** 6 months (long wait)
- **Vaccine effectiveness:** 70% (moderate protection)
- **Risk of side effects:** 10% (relatively high)
- **Cash incentive:** 50 RMB (small incentive)
- **Vaccine origin:** Domestic

### Alternative B:
- **Waiting time:** 3 months (shorter wait)
- **Vaccine effectiveness:** 95% (high protection)
- **Risk of side effects:** 0.1% (very low)
- **Cash incentive:** 800 RMB (significant incentive)
- **Vaccine origin:** Domestic

### Alternative C:
- **Do not receive the vaccine (opt out)**
- **No waiting time, no effectiveness, no risk of side effects, no cash incentive**

Given these options, I would evaluate them based on a few key factors:

1. **Protection against COVID-19**: Higher vaccine effectiveness is generally more desirable.
2. **Risk of side effects**: Lower risk of side effects is better.
3. **Waiting time**: Shorter waiting times are preferable.
4. **Cash incentive**: While not the primary factor, a higher cash incentive can be a consideration.

### Analysis:
- **Alternative A** offers moderate protection with a relatively high risk of side effects and a long wait time, but only a small cash incentive.
- **Alternative B** provides high protection with a very low risk of side effects, a shorter wait time, and a significant cash incentive.
- **Alternative C** involves no vaccination, which means no protection against COVID-19.

### Probabilities:
Based on the above considerations, I would assign probabilities as follows:

- **P(A): 0.1** (Low probability because of the long waiting time and relatively high risk of side effects)
- **P(B): 0.8** (High probability due to high effectiveness, low risk of side effects, shorter wait time, and significant cash incentive)
- **P(C): 0.1** (Low probability as opting out means no protection against COVID-19)

These probabilities sum to 1, reflecting the relative likelihood of choosing each alternative based on the provided information and the importance of the factors involved.",success
5,1,8,"When making a decision like this, it's important to consider various factors such as the waiting time, vaccine effectiveness, risk of side effects, cash incentive, and personal health preferences. Here’s a breakdown of how these factors might influence the decision:

1. **Waiting Time**: A shorter waiting time is generally more desirable.
2. **Vaccine Effectiveness**: Higher effectiveness means better protection against COVID-19.
3. **Risk of Side Effects**: Lower risk is preferred, but it needs to be balanced with other factors.
4. **Cash Incentive**: A higher incentive can be a significant motivator for some people.
5. **Personal Health and Risk Tolerance**: This varies from person to person.

Given the options:

- **Alternative A** has a longer waiting time (6 months), moderate effectiveness (70%), a relatively high risk of side effects (10%), and a small cash incentive (50 RMB).
- **Alternative B** has a shorter waiting time (3 months), very high effectiveness (95%), a very low risk of side effects (0.1%), and a significant cash incentive (800 RMB).
- **Alternative C** involves opting out, which means no protection from the vaccine but also no risk of side effects or waiting time.

Based on these factors, I would assign probabilities as follows:

- **P(A)**: 0.2
- **P(B)**: 0.7
- **P(C)**: 0.1

These probabilities reflect a higher preference for Alternative B due to its high effectiveness, low risk of side effects, and significant cash incentive, while still considering the other options.",success
5,1,9,"To provide a structured response, I will evaluate each option based on the provided criteria and make a decision. However, it's important to note that personal preferences can greatly influence such decisions. Here’s an analysis:

1. **Effectiveness**: The primary goal of vaccination is protection against the virus. Alternative B offers significantly higher effectiveness (95%) compared to Alternative A (70%).

2. **Waiting Time**: Alternative B has a shorter waiting time (3 months) compared to Alternative A (6 months), which means you can gain protection sooner.

3. **Risk of Side Effects**: Both alternatives have low risks, but Alternative B has a much lower risk of side effects (0.1%) compared to Alternative A (10%).

4. **Cash Incentive**: While both options offer cash incentives, the incentive for Alternative B is significantly higher (800 RMB) compared to Alternative A (50 RMB).

5. **Vaccine Origin**: Both vaccines are domestic, so this factor does not influence the decision between A and B.

6. **Opting Out (Alternative C)**: This option means no protection against the virus, which is generally less favorable given the ongoing pandemic risks.

Based on these considerations, Alternative B appears to be the most advantageous choice due to its higher effectiveness, lower risk of side effects, shorter waiting time, and higher cash incentive.

Here’s a probabilistic distribution reflecting this evaluation:

- **P(A): 0.1** (Low probability because it has a longer wait time, lower effectiveness, and higher side effect risk)
- **P(B): 0.8** (High probability due to high effectiveness, low side effect risk, shorter waiting time, and significant cash incentive)
- **P(C): 0.1** (Low probability as opting out leaves you unprotected)

These probabilities sum to 1 and reflect a strong preference for Alternative B.",success
5,1,10,"When making a decision about which vaccination alternative to choose, it's important to weigh several factors including waiting time, vaccine effectiveness, risk of side effects, cash incentives, and personal health beliefs. Given the provided alternatives, here’s an analysis:

1. **Waiting Time**: Shorter waiting times are generally preferred.
2. **Vaccine Effectiveness**: Higher effectiveness is crucial in providing better protection against COVID-19.
3. **Risk of Side Effects**: Lower risk of side effects can make a vaccine more appealing to those concerned about safety.
4. **Cash Incentive**: A higher cash incentive might be a significant factor for some individuals.
5. **Vaccine Origin**: Both options A and B are domestic, so this does not differentiate between them.

**Alternative A**:
- Long waiting time (6 months).
- Moderate effectiveness (70%).
- Higher risk of side effects (10%).
- Low cash incentive (50 RMB).

**Alternative B**:
- Shorter waiting time (3 months).
- High effectiveness (95%).
- Very low risk of side effects (0.1%).
- High cash incentive (800 RMB).

**Alternative C**:
- No vaccine, which means no protection against COVID-19.

Given the significant benefits of Alternative B in terms of higher effectiveness, lower risk of side effects, and a substantial cash incentive, it seems to be the most favorable option. Here’s how I would distribute the probabilities:

- **P(A)**: 0.1 (Considering the long waiting time and moderate effectiveness, this is less likely to be chosen.)
- **P(B)**: 0.8 (The combination of high effectiveness, low risk of side effects, and a substantial cash incentive makes this the most appealing option.)
- **P(C)**: 0.1 (Opting out provides no protection and has no incentives, making it the least likely choice.)

These probabilities sum to 1 and reflect the relative attractiveness of each alternative based on the provided information.",success
6,1,1,"When making a decision like this, it's important to weigh the various factors based on their importance and potential impact. Here’s how I would evaluate each alternative:

### Alternative A:
- **Waiting time:** No wait is highly favorable.
- **Vaccine effectiveness:** 70% is relatively good.
- **Risk of side effects:** 10% is moderate but manageable.
- **Cash incentive:** 200 RMB is a decent incentive.
- **Vaccine origin:** Imported, which may imply higher quality and reliability.

### Alternative B:
- **Waiting time:** 1 month is a significant wait.
- **Vaccine effectiveness:** 50% is lower than ideal.
- **Risk of side effects:** 0.1% is very low.
- **Cash incentive:** 800 RMB is a substantial incentive.
- **Vaccine origin:** Imported, which may imply higher quality and reliability.

### Alternative C:
- **No vaccination:** This option avoids all immediate risks but leaves you unprotected against the virus.

### Decision Weighing:
1. **Effectiveness and Protection:**
   - A 70% effective vaccine (A) is more protective than a 50% effective vaccine (B).
   - Opting out (C) offers no protection, which could be risky depending on your health status and the prevalence of the virus.

2. **Waiting Time:**
   - Immediate availability (A) is highly beneficial.
   - A one-month wait (B) can be a significant inconvenience.

3. **Risk of Side Effects:**
   - 10% risk (A) is higher but still manageable.
   - 0.1% risk (B) is very low, which is favorable for those who are particularly concerned about side effects.

4. **Cash Incentive:**
   - 200 RMB (A) is a decent incentive.
   - 800 RMB (B) is a substantial financial benefit, which might be significant for some individuals.

5. **Vaccine Origin:**
   - Both A and B are imported, suggesting similar quality standards.

### Probabilistic Decision:
Given these factors, I would assign probabilities as follows:

- **P(A): 0.4** (High effectiveness, no wait, moderate side effects, decent incentive)
- **P(B): 0.3** (Lower effectiveness, long wait, very low side effects, high incentive)
- **P(C): 0.3** (No protection, but avoids all risks and inconvenience)

These probabilities reflect a balanced consideration of the various factors, with a slight preference for Alternative A due to its immediate availability and higher effectiveness.",success
6,1,2,"When evaluating the choices for COVID-19 vaccination, it's important to consider various factors such as vaccine effectiveness, risk of side effects, waiting time, and any additional incentives. Here’s a breakdown of how these factors might influence the decision:

### Alternative A:
- **Waiting Time**: No wait (immediate availability)
- **Vaccine Effectiveness**: 70%
- **Risk of Side Effects**: 10%
- **Cash Incentive**: 200 RMB
- **Vaccine Origin**: Imported

### Alternative B:
- **Waiting Time**: 1 month
- **Vaccine Effectiveness**: 50%
- **Risk of Side Effects**: 0.1%
- **Cash Incentive**: 800 RMB
- **Vaccine Origin**: Imported

### Alternative C:
- **Do Not Receive the Vaccine (Opt Out)**

### Analysis:
1. **Vaccine Effectiveness**:
   - A: 70% is relatively high.
   - B: 50% is lower but still provides some protection.
   - C: No vaccine means no direct protection against COVID-19.

2. **Risk of Side Effects**:
   - A: 10% risk, which is moderate.
   - B: 0.1% risk, which is very low.
   - C: No side effects since no vaccine is taken.

3. **Waiting Time**:
   - A: Immediate availability is a significant advantage.
   - B: 1 month wait can be a deterrent for some people.
   - C: No waiting time but also no protection.

4. **Cash Incentive**:
   - A: 200 RMB
   - B: 800 RMB, which is significantly higher.
   - C: No incentive.

### Decision:
Given the factors, here’s a probabilistic distribution based on the trade-offs:

- **Alternative A**: High effectiveness and immediate availability are strong positives, but there's a moderate risk of side effects. The cash incentive is relatively low.
  - P(A): 0.4

- **Alternative B**: Lower effectiveness and a longer wait time are negatives, but the very low risk of side effects and high cash incentive make it attractive for some.
  - P(B): 0.35

- **Alternative C**: Opting out means no protection against COVID-19, which is generally not recommended unless there are specific health reasons or concerns.
  - P(C): 0.25

### Final Probabilities:
- P(A): 0.4
- P(B): 0.35
- P(C): 0.25

These probabilities reflect a balanced consideration of the effectiveness, side effects, waiting time, and incentives associated with each alternative.",success
6,1,3,"When making a decision like this, it's important to weigh the various factors based on personal values and circumstances. Here’s how I might evaluate each alternative:

**Alternative A:**
- **Pros:** Immediate availability (no wait), moderate effectiveness, low risk of side effects, financial incentive.
- **Cons:** Lower effectiveness compared to some other vaccines, but still provides significant protection.

**Alternative B:**
- **Pros:** High financial incentive, very low risk of side effects.
- **Cons:** Long waiting time, lower effectiveness, which might be a significant concern given the ongoing nature of the pandemic.

**Alternative C:**
- **Pros:** No immediate health risks from vaccination.
- **Cons:** No protection against the virus, no financial benefit, and potential long-term health risks if exposed to the virus.

Given these considerations, here’s a probabilistic distribution based on balancing effectiveness, risk, waiting time, and incentives:

- **P(A): 0.5** - This option offers a good balance of immediate availability and moderate protection, which is valuable in a rapidly changing situation.
- **P(B): 0.3** - The high financial incentive and very low side effect rate make this an attractive option for some, but the long wait and lower effectiveness are significant drawbacks.
- **P(C): 0.2** - Opting out might be chosen by those who have strong concerns about vaccines or who feel they can manage their risk through other means.

These probabilities reflect a balanced approach considering all factors, but individual preferences may vary widely.",success
6,1,4,"To provide a probabilistic choice, we need to consider the key factors for each alternative and weigh them based on their importance. Here’s a breakdown of how I might evaluate each option:

### Alternative A:
- **Waiting time**: Immediate (no wait) - Very favorable.
- **Vaccine effectiveness**: 70% - Moderately high.
- **Risk of side effects**: 10% - Relatively low, but noticeable.
- **Cash incentive**: 200 RMB - Moderate incentive.
- **Vaccine origin**: Imported - Generally reliable.

### Alternative B:
- **Waiting time**: 1 month - Significant delay, which could be a major drawback.
- **Vaccine effectiveness**: 50% - Lower compared to A, but still provides some protection.
- **Risk of side effects**: 0.1% - Very low risk.
- **Cash incentive**: 800 RMB - High incentive.
- **Vaccine origin**: Imported - Generally reliable.

### Alternative C:
- **Waiting time**: N/A
- **Vaccine effectiveness**: 0% - No protection against the virus.
- **Risk of side effects**: 0% - No risk of vaccine-related side effects.
- **Cash incentive**: 0 RMB - No financial benefit.
- **Vaccine origin**: N/A

### Weighing the Factors:
1. **Immediate Protection (A) vs. Delayed Protection (B)**: Immediate protection is generally more valuable, especially in a pandemic scenario where the virus is actively spreading.
2. **Effectiveness**: Higher effectiveness (70%) is more desirable than lower effectiveness (50%).
3. **Risk of Side Effects**: A 10% risk is higher but still manageable compared to a 0.1% risk, which is minimal.
4. **Cash Incentive**: While 800 RMB is a significant incentive, it may not outweigh the immediate protection and higher effectiveness of Alternative A.
5. **Vaccine Origin**: Both imported vaccines are generally reliable, so this factor is neutral.

### Probabilistic Choices:
Given these considerations, I would assign probabilities as follows:

- **P(A)**: 0.6 (High probability due to immediate protection and moderate effectiveness)
- **P(B)**: 0.3 (Moderate probability due to high incentive but delayed protection)
- **P(C)**: 0.1 (Low probability as opting out provides no protection)

These probabilities sum to 1, reflecting the relative attractiveness of each option based on the given factors.",success
6,1,5,"To determine which alternative is most preferable, we need to weigh several factors: waiting time, vaccine effectiveness, risk of side effects, cash incentive, and personal health considerations. Here’s a structured approach to evaluate these options:

1. **Waiting Time**: Immediate availability (Alternative A) is generally more appealing than waiting for a month (Alternative B).
2. **Vaccine Effectiveness**: Higher effectiveness is better, so 70% (A) is preferred over 50% (B).
3. **Risk of Side Effects**: Lower risk is better, so 0.1% (B) is preferred over 10% (A).
4. **Cash Incentive**: A higher incentive can be a significant factor, with 800 RMB (B) being more attractive than 200 RMB (A).
5. **Vaccine Origin**: Both are imported, so this factor is neutral.

Given these considerations, we can assign probabilities based on the relative importance of each factor:

- **Alternative A**:
  - Immediate availability and higher effectiveness are strong positives.
  - Higher risk of side effects is a significant negative.
  - Lower cash incentive is less attractive.
  
  P(A) = 0.4

- **Alternative B**:
  - Long waiting time is a significant negative.
  - Lower effectiveness is a negative.
  - Very low risk of side effects is a strong positive.
  - Higher cash incentive is very attractive.
  
  P(B) = 0.3

- **Alternative C**:
  - No vaccine means no protection, which is a major negative.
  - No waiting time or side effects, and no cost, but also no benefit from the vaccine.
  
  P(C) = 0.3

The probabilities sum to 1, reflecting the relative attractiveness of each option based on the given factors.

P(A): 0.4
P(B): 0.3
P(C): 0.3",success
6,1,6,"When making a decision about COVID-19 vaccination, it's important to consider multiple factors such as the effectiveness of the vaccine, the risk of side effects, waiting time, and any incentives. Here’s how I would evaluate each alternative based on these criteria:

### Alternative A:
- **Waiting time:** Walk-in (no wait) - This is a significant advantage for people who want immediate protection.
- **Vaccine effectiveness:** 70% - This is relatively high, providing good protection against the virus.
- **Risk of side effects:** 10% - While this is higher than some other options, it's still within an acceptable range for many people.
- **Cash incentive:** 200 RMB - A moderate incentive that might be appealing to some.
- **Vaccine origin:** Imported - The source could influence trust in the vaccine.

### Alternative B:
- **Waiting time:** 1 month - This is a long wait, which delays protection and might be less attractive for those who need immediate coverage.
- **Vaccine effectiveness:** 50% - This is lower than Alternative A, providing less protection.
- **Risk of side effects:** 0.1% - This is very low, making it a safer option in terms of side effects.
- **Cash incentive:** 800 RMB - A significant financial incentive that might be highly appealing.
- **Vaccine origin:** Imported - Again, the source could influence trust.

### Alternative C:
- **Do not receive the vaccine (opt out):**
- This means no immediate protection against the virus, which is a significant risk given the ongoing pandemic. However, it avoids any side effects and financial incentives are irrelevant.

### Decision Weighing:
Given these factors, I would assign probabilities based on the balance of benefits and risks:

- **Alternative A:** 
  - Immediate protection (70% effectiveness) with moderate side effect risk (10%) and a moderate cash incentive (200 RMB).
  - Probability: 0.4

- **Alternative B:**
  - Delayed protection (50% effectiveness) with very low side effect risk (0.1%) and a high cash incentive (800 RMB).
  - Probability: 0.3

- **Alternative C:**
  - No protection against the virus, which is a significant risk.
  - Probability: 0.3

### Final Probabilities:
P(A): 0.4
P(B): 0.3
P(C): 0.3

These probabilities reflect a balanced consideration of immediate protection, side effect risks, and financial incentives.",success
6,1,7,"To provide a probabilistic choice, we need to consider various factors such as personal risk tolerance, the value of time, financial incentives, and the importance of vaccine effectiveness. Here’s how I would break it down:

1. **Vaccine Effectiveness**: Higher effectiveness is generally more desirable.
2. **Risk of Side Effects**: Lower risk is preferred.
3. **Waiting Time**: Immediate availability can be crucial for some individuals.
4. **Cash Incentive**: Financial incentives can influence decisions, especially if they are significant.
5. **Personal Risk Tolerance**: Some may prioritize immediate protection over long-term benefits.

Given these factors, I would assign probabilities as follows:

- **Alternative A**:
  - Immediate availability (walk-in) is a strong positive.
  - 70% effectiveness is reasonably high.
  - 10% risk of side effects is moderate but acceptable for many.
  - 200 RMB cash incentive is modest but can be useful.
  - Imported vaccine might have additional perceived benefits or concerns.

- **Alternative B**:
  - 1-month wait time is a significant drawback.
  - 50% effectiveness is lower, which might not provide sufficient protection for some.
  - 0.1% risk of side effects is very low, which is a strong positive.
  - 800 RMB cash incentive is substantial and could be a major factor for some.
  - Imported vaccine again has its own set of perceptions.

- **Alternative C**:
  - Opting out means no immediate protection against COVID-19.
  - No waiting time or side effects, but also no benefits from the vaccine.
  - No financial incentive.

Based on these considerations, I would assign the following probabilities:

P(A): 0.5
P(B): 0.3
P(C): 0.2

These probabilities reflect a higher preference for immediate protection and moderate effectiveness (Alternative A), with some consideration given to the higher financial incentive (Alternative B) and the option to opt out (Alternative C).",success
6,1,8,"When making a decision like this, it's important to consider multiple factors including effectiveness, risk of side effects, waiting time, and incentives. Here’s how I would weigh these options:

- **Alternative A** offers immediate vaccination with moderate effectiveness (70%) and a relatively low risk of side effects (10%). The 200 RMB incentive is an additional benefit. This option balances immediate protection with a reasonable reward.

- **Alternative B** has the longest waiting time (1 month), lower effectiveness (50%), but a very low risk of side effects (0.1%) and a higher cash incentive (800 RMB). The long wait and reduced effectiveness make this less appealing, despite the high financial reward.

- **Alternative C** involves not getting vaccinated at all, which means no immediate protection against COVID-19, no risk of side effects, and no financial incentive. This option is only preferable if one has strong concerns about vaccination or feels that the risks of contracting COVID-19 are low.

Given these considerations, here’s how I would distribute the probabilities:

- **P(A): 0.6** - The immediate protection and moderate effectiveness make this a strong choice.
- **P(B): 0.2** - Despite the higher incentive, the long wait and lower effectiveness reduce its appeal.
- **P(C): 0.2** - Opting out is a valid choice for those who are very risk-averse or have concerns about vaccination.

These probabilities reflect my assessment of the options based on the given criteria.",success
6,1,9,"To provide a probabilistic choice among the alternatives, we need to consider various factors such as the waiting time, vaccine effectiveness, risk of side effects, cash incentive, and personal health considerations. Here's a breakdown of how these factors might influence the decision:

1. **Waiting Time**: Immediate access (Alternative A) is generally more appealing, especially in a context where the virus is spreading rapidly.
2. **Vaccine Effectiveness**: Higher effectiveness (70% for Alternative A vs 50% for Alternative B) is crucial for protection against the virus.
3. **Risk of Side Effects**: Lower risk of side effects (0.1% for Alternative B vs 10% for Alternative A) can be a significant consideration, especially for individuals with underlying health conditions.
4. **Cash Incentive**: While financial incentives are attractive, they should be weighed against the other factors.
5. **Vaccine Origin**: Both vaccines are imported, so this factor is neutral.

Given these considerations, I would assign probabilities as follows:

- **P(A)**: 0.6
  - Immediate access and higher effectiveness make this option more appealing, despite a higher risk of side effects.
- **P(B)**: 0.3
  - The lower risk of side effects and significant cash incentive are attractive, but the one-month wait and lower effectiveness reduce its overall appeal.
- **P(C)**: 0.1
  - Opting out is the least favorable due to the lack of protection against COVID-19.

Thus, the probabilities that sum to 1 are:
P(A): 0.6
P(B): 0.3
P(C): 0.1",success
6,1,10,"To provide a probabilistic choice among the alternatives, we need to consider various factors such as personal health priorities, financial incentives, and the urgency of getting vaccinated. Here's a breakdown of how these factors might influence the decision:

1. **Vaccine Effectiveness**: Higher effectiveness is generally preferred.
2. **Risk of Side Effects**: Lower risk of side effects is more desirable.
3. **Waiting Time**: Immediate availability can be crucial for those who want to get vaccinated as soon as possible.
4. **Cash Incentive**: Financial incentives can be a significant motivator.
5. **Personal Beliefs and Preferences**: Some individuals might opt out due to personal beliefs or concerns about the vaccine.

Given these considerations, here's a probabilistic distribution of choices:

- **Alternative A**:
  - Immediate availability is very attractive.
  - Moderate effectiveness (70%) and moderate risk of side effects (10%).
  - Decent cash incentive (200 RMB).
  - Imported vaccine might be trusted by some.

- **Alternative B**:
  - Long waiting time (1 month) could deter immediate need for vaccination.
  - Lower effectiveness (50%) but very low risk of side effects (0.1%).
  - High cash incentive (800 RMB).
  - Imported vaccine might be trusted by some.

- **Alternative C**:
  - Opting out means no immediate health benefits from the vaccine.
  - No financial incentives.
  - Suitable for those with strong reservations about vaccination.

Based on these factors, a possible distribution of probabilities could be:

P(A): 0.4
P(B): 0.3
P(C): 0.3

This distribution reflects a higher preference for immediate availability and moderate effectiveness (A), followed by the high financial incentive despite the long wait (B), and a significant but not overwhelming consideration for opting out (C).",success
7,2,1,"To provide a probabilistic choice, we need to consider several factors such as the waiting time, vaccine effectiveness, risk of side effects, cash incentive, and personal health considerations. Here's how I would break it down:

1. **Waiting Time**: Immediate availability (Alternative A) is highly valuable, especially in a pandemic context where infection rates can be high.
2. **Vaccine Effectiveness**: Higher effectiveness (Alternative B at 70%) provides better protection against the virus, which is crucial for long-term health.
3. **Risk of Side Effects**: Lower risk of side effects (1% in Alternative A) might be preferred by individuals who are more concerned about safety.
4. **Cash Incentive**: A higher cash incentive (800 RMB in Alternative A) can be a significant motivator for some.
5. **Vaccine Origin**: The origin of the vaccine (domestic vs. imported) might influence trust and preference, but this is highly subjective.

Given these considerations, I would assign probabilities as follows:

- **Alternative A**: This option offers immediate vaccination with moderate effectiveness, low risk of side effects, and a significant cash incentive. These factors make it an attractive choice.
  - P(A): 0.6

- **Alternative B**: While this option has higher effectiveness, the long waiting time and higher risk of side effects are significant drawbacks. The lower cash incentive also reduces its appeal.
  - P(B): 0.2

- **Alternative C**: Opting out of vaccination is a choice that might be considered by those who are extremely risk-averse or have strong personal reasons against vaccination. However, given the current understanding of the benefits of vaccination in reducing the spread and severity of COVID-19, this option is less favorable.
  - P(C): 0.2

Thus, the probabilities sum to 1:

P(A): 0.6
P(B): 0.2
P(C): 0.2",success
7,2,2,"To provide a structured approach to this decision-making problem, we can consider the key factors and their relative importance. Here's a breakdown of how each factor might influence the choice:

1. **Waiting Time**: Immediate availability (Alternative A) is highly valuable compared to waiting 6 months (Alternative B).
2. **Vaccine Effectiveness**: Higher effectiveness (70% for Alternative B) is more desirable than lower effectiveness (50% for Alternative A).
3. **Risk of Side Effects**: Lower risk (1% for Alternative A) is preferable to higher risk (10% for Alternative B).
4. **Cash Incentive**: A significant incentive (800 RMB for Alternative A) can be a strong motivator compared to a smaller one (50 RMB for Alternative B).
5. **Vaccine Origin**: The origin of the vaccine might influence trust and preference, but this is subjective and may vary by individual.

Given these factors, let's assign probabilities based on their relative importance:

- **Alternative A**:
  - Immediate availability: +1
  - Moderate effectiveness (50%): +0.5
  - Low risk of side effects (1%): +1
  - High cash incentive (800 RMB): +1
  - Domestic origin: +0.5

- **Alternative B**:
  - Long waiting time (6 months): -1
  - Higher effectiveness (70%): +1
  - Higher risk of side effects (10%): -0.5
  - Low cash incentive (50 RMB): -1
  - Imported origin: +0.5

- **Alternative C**:
  - No waiting time: +0
  - No effectiveness: -2
  - No risk of side effects: +1
  - No cash incentive: -1
  - No vaccine (opt out): -1

Summarizing the scores:

- Alternative A: 4.5
- Alternative B: -1
- Alternative C: -3

To convert these scores into probabilities, we can use a softmax function to ensure they sum to 1.

\[ \text{Probability} = \frac{e^{\text{score}}}{\sum e^{\text{scores}}} \]

Calculating the exponentials:

- \( e^{4.5} \approx 90.017 \)
- \( e^{-1} \approx 0.368 \)
- \( e^{-3} \approx 0.050 \)

Sum of exponentials: \( 90.017 + 0.368 + 0.050 = 90.435 \)

Calculating the probabilities:

- \( P(A) = \frac{90.017}{90.435} \approx 0.995 \)
- \( P(B) = \frac{0.368}{90.435} \approx 0.004 \)
- \( P(C) = \frac{0.050}{90.435} \approx 0.001 \)

Thus, the probabilities are:

P(A): 0.995
P(B): 0.004
P(C): 0.001",success
7,2,3,"When making a decision like this, it's important to weigh all factors carefully. Here’s a breakdown of the considerations for each alternative:

### Alternative A:
- **Waiting time:** No wait (immediate availability)
- **Vaccine effectiveness:** 50% (moderate protection)
- **Risk of side effects:** 1% (very low risk)
- **Cash incentive:** 800 RMB (high financial reward)
- **Vaccine origin:** Domestic

### Alternative B:
- **Waiting time:** 6 months (long wait)
- **Vaccine effectiveness:** 70% (higher protection)
- **Risk of side effects:** 10% (moderate risk)
- **Cash incentive:** 50 RMB (low financial reward)
- **Vaccine origin:** Imported

### Alternative C:
- **Do not receive the vaccine:**
  - No immediate health risks or benefits
  - No waiting time
  - No cash incentive
  - No protection against COVID-19

Given these factors, let's consider the probabilities of choosing each alternative:

- **Alternative A:** The immediate availability and high financial reward make this option very attractive. Despite lower effectiveness, the low risk of side effects adds to its appeal.
- **Alternative B:** Higher vaccine effectiveness is a significant benefit, but the long waiting time and higher risk of side effects are major drawbacks. The low cash incentive further reduces its attractiveness.
- **Alternative C:** Opting out means no immediate health risks or benefits. This might be chosen by those who are very risk-averse or have strong concerns about vaccines.

### Probabilities:
- **P(A):** 0.6 (High probability due to immediate availability, high financial reward, and low side effect risk)
- **P(B):** 0.2 (Lower probability due to long waiting time and higher side effect risk, despite better effectiveness)
- **P(C):** 0.2 (Moderate probability for those who prefer no intervention or are uncertain about vaccines)

These probabilities sum to 1, reflecting the relative attractiveness of each option based on the given factors.",success
7,2,4,"To provide a probabilistic choice, I will consider the factors mentioned and weigh them according to their importance in decision-making. Here’s how each factor might be evaluated:

1. **Waiting Time**: Immediate availability is highly valuable, especially during a pandemic.
2. **Vaccine Effectiveness**: Higher effectiveness directly reduces the risk of contracting COVID-19.
3. **Risk of Side Effects**: Lower risk of side effects is preferable for overall safety and peace of mind.
4. **Cash Incentive**: Financial incentives can be significant, especially in times of economic stress.
5. **Vaccine Origin**: The origin might influence trust in the vaccine's quality and safety.

Given these factors, let’s break down each alternative:

- **Alternative A**:
  - Immediate availability is a strong positive.
  - 50% effectiveness is moderate but acceptable for immediate protection.
  - Low risk of side effects (1%) is very favorable.
  - Substantial cash incentive (800 RMB) adds significant value.
  - Domestic origin might be trusted more in some contexts.

- **Alternative B**:
  - Long waiting time (6 months) is a major negative, especially during a pandemic.
  - Higher effectiveness (70%) is beneficial but delayed.
  - Higher risk of side effects (10%) is concerning.
  - Minimal cash incentive (50 RMB) is less attractive.
  - Imported origin might be trusted for quality but can also raise concerns.

- **Alternative C**:
  - No immediate protection against COVID-19.
  - No financial benefit.
  - No risk of side effects, which might be appealing to some.
  - No waiting time, but no vaccine either.

Considering these factors, the probabilities can be assigned as follows:

- **P(A)**: The combination of immediate availability, moderate effectiveness, low side effect risk, and a substantial cash incentive makes this option highly attractive. Probability: 0.6
- **P(B)**: Despite higher effectiveness, the long wait time, higher side effect risk, and minimal financial incentive make this less appealing. Probability: 0.2
- **P(C)**: Opting out provides no protection but also avoids all risks and costs associated with vaccination. This might be a choice for those who are very risk-averse or skeptical. Probability: 0.2

Thus, the probabilities that sum to 1 are:
- P(A): 0.6
- P(B): 0.2
- P(C): 0.2",success
7,2,5,"When making a decision regarding COVID-19 vaccination, it's important to weigh various factors such as effectiveness, risk of side effects, waiting time, and incentives. Here’s how I would evaluate the three alternatives:

### Alternative A:
- **Waiting time:** Immediate (no wait)
- **Vaccine effectiveness:** 50%
- **Risk of side effects:** 1%
- **Cash incentive:** 800 RMB
- **Vaccine origin:** Domestic

**Pros:**
- No waiting time, which is a significant advantage.
- High cash incentive (800 RMB).
- Low risk of side effects (1%).

**Cons:**
- Moderate effectiveness (50%), which might be less reassuring compared to higher effectiveness options.

### Alternative B:
- **Waiting time:** 6 months
- **Vaccine effectiveness:** 70%
- **Risk of side effects:** 10%
- **Cash incentive:** 50 RMB
- **Vaccine origin:** Imported

**Pros:**
- Higher effectiveness (70%).
- Imported vaccine might be perceived as more reliable or advanced.

**Cons:**
- Long waiting time (6 months), which could expose you to the risk of infection for a longer period.
- Higher risk of side effects (10%).
- Low cash incentive (50 RMB).

### Alternative C:
- **Do not receive the vaccine (opt out)**

**Pros:**
- No risk of side effects.
- No waiting time.

**Cons:**
- No protection against COVID-19, which could be a significant health risk.
- No financial benefit.

### Decision Analysis:

Given the factors, I would prioritize:
1. **Vaccine effectiveness:** Higher effectiveness provides better protection.
2. **Risk of side effects:** Lower risk is generally preferred.
3. **Waiting time:** Immediate availability is highly valuable.
4. **Cash incentive:** Financial benefits can be a significant factor.

### Probabilities:

- **P(A):** 0.6
  - High immediate availability and low risk of side effects make this option attractive, despite moderate effectiveness.
  
- **P(B):** 0.3
  - Higher effectiveness is appealing, but the long waiting time and higher risk of side effects reduce its attractiveness.
  
- **P(C):** 0.1
  - Opting out has a low probability due to the significant health risks involved.

### Final Probabilities:
- P(A): 0.6
- P(B): 0.3
- P(C): 0.1

These probabilities reflect a balanced consideration of all factors, with a strong preference for immediate availability and lower risk of side effects.",success
7,2,6,"When evaluating the choices for COVID-19 vaccination, we need to consider several factors including effectiveness, risk of side effects, waiting time, and incentives. Here’s a breakdown of each alternative:

### Alternative A:
- **Waiting Time:** Walk-in (no wait)
- **Vaccine Effectiveness:** 50%
- **Risk of Side Effects:** 1%
- **Cash Incentive:** 800 RMB
- **Vaccine Origin:** Domestic

**Pros:**
- No waiting time, immediate availability.
- High cash incentive.
- Low risk of side effects.

**Cons:**
- Lower vaccine effectiveness compared to Alternative B.

### Alternative B:
- **Waiting Time:** 6 months
- **Vaccine Effectiveness:** 70%
- **Risk of Side Effects:** 10%
- **Cash Incentive:** 50 RMB
- **Vaccine Origin:** Imported

**Pros:**
- Higher vaccine effectiveness.
- Imported vaccines might have better quality control.

**Cons:**
- Long waiting time.
- Higher risk of side effects.
- Lower cash incentive.

### Alternative C:
- **Do not receive the vaccine (opt out)**

**Pros:**
- No risk of side effects.
- No need to wait or make a decision.

**Cons:**
- No protection against COVID-19.
- No financial incentive.

Given these considerations, we can assign probabilities based on a balanced approach:

- **Alternative A:** High immediate value with a reasonable trade-off between effectiveness and risk. The high cash incentive is a significant factor.
- **Alternative B:** Better long-term protection but at the cost of waiting and higher side effects. The low incentive makes it less attractive.
- **Alternative C:** Opting out means no immediate or long-term benefits, which might not be ideal given the current pandemic situation.

### Probabilities:
- **P(A):** 0.6 (High probability due to immediate availability and high incentive)
- **P(B):** 0.3 (Moderate probability for better long-term protection but with significant drawbacks)
- **P(C):** 0.1 (Low probability as it offers no benefits)

These probabilities sum up to 1, reflecting a balanced consideration of all factors.

```plaintext
P(A): 0.6
P(B): 0.3
P(C): 0.1
```",success
7,2,7,"To provide a probabilistic choice among the alternatives, we need to consider the key factors such as waiting time, vaccine effectiveness, risk of side effects, cash incentive, and personal health values. Here's how these factors might influence the decision:

1. **Waiting Time**: Immediate availability (Alternative A) is highly valuable, especially in a pandemic where the virus is actively spreading.
2. **Vaccine Effectiveness**: Higher effectiveness (Alternative B at 70% vs. Alternative A at 50%) provides better protection against the virus.
3. **Risk of Side Effects**: Lower risk (1% for A) might be preferred over higher risk (10% for B), especially for individuals who are more concerned about side effects.
4. **Cash Incentive**: A significant cash incentive (800 RMB for A vs. 50 RMB for B) can be a strong motivator, particularly in lower-income settings.
5. **Vaccine Origin**: The origin of the vaccine might influence trust and preference, but this is highly subjective and varies by individual.

Given these considerations, here's a possible distribution of probabilities:

- **Alternative A (Immediate walk-in, 50% effectiveness, 1% side effects, 800 RMB, Domestic)**:
  - Immediate availability and high cash incentive are significant motivators.
  - Moderate effectiveness and low risk of side effects add to its appeal.

- **Alternative B (6 months wait, 70% effectiveness, 10% side effects, 50 RMB, Imported)**:
  - Higher effectiveness is a strong point, but the long waiting time and higher risk of side effects are significant drawbacks.
  - Low cash incentive further reduces its appeal.

- **Alternative C (Do not receive the vaccine)**:
  - Opting out might be chosen by those who are extremely risk-averse or have strong concerns about vaccines in general.

Based on these factors, a reasonable distribution of probabilities might be:

- **P(A): 0.6**
- **P(B): 0.3**
- **P(C): 0.1**

These probabilities reflect a preference for the immediate and well-incentivized option (A), with some consideration given to the higher effectiveness of B, and a small probability assigned to opting out entirely (C).",success
7,2,8,"To provide a probabilistic choice, we need to consider several factors such as personal risk tolerance, the value of time, and the perceived benefits of each option. Here’s a breakdown:

- **Alternative A**: This option is immediately available with no waiting time, has a moderate effectiveness, low side effect risk, and a significant cash incentive. The domestic origin might be less concerning if you trust local vaccine development.
  
- **Alternative B**: This option offers higher effectiveness but requires a long wait, has a higher risk of side effects, and provides only a small cash incentive. The imported origin might be more trusted by some individuals.

- **Alternative C**: Opting out means avoiding all risks associated with the vaccine but also forgoing any protection against COVID-19 and the cash incentives.

Given these factors, let's assign probabilities based on a balanced approach:

- **P(A)**: 0.6 (High probability due to immediate availability, good incentive, and low risk of side effects)
- **P(B)**: 0.3 (Moderate probability for those who value higher effectiveness and are willing to wait and accept the higher side effect risk)
- **P(C)**: 0.1 (Low probability as it involves no protection against a potentially serious illness)

These probabilities sum to 1, reflecting a decision-making process that considers immediate benefits, long-term health impacts, and personal values.",success
7,2,9,"When making a decision regarding COVID-19 vaccination, it's important to consider several factors including the waiting time, vaccine effectiveness, risk of side effects, cash incentives, and personal health status. However, since this is a hypothetical scenario and I am an AI, I will provide probabilities based on a balanced consideration of the given alternatives.

Here’s how each factor might influence the decision:

- **Waiting Time**: Immediate availability (Alternative A) is generally more appealing than waiting 6 months (Alternative B).
- **Vaccine Effectiveness**: Higher effectiveness (70% in Alternative B) is preferable to lower effectiveness (50% in Alternative A), but it must be weighed against other factors.
- **Risk of Side Effects**: A lower risk of side effects (1% in Alternative A) is more desirable than a higher risk (10% in Alternative B).
- **Cash Incentive**: A larger cash incentive (800 RMB in Alternative A) can be a significant motivator, especially if the vaccine has reasonable effectiveness and low side effects.
- **Vaccine Origin**: The origin of the vaccine might influence trust, but this factor is subjective and may vary from person to person.

Given these considerations, here are the probabilities:

- **P(A): 0.6** - Alternative A offers immediate vaccination with a moderate level of effectiveness, very low risk of side effects, and a significant cash incentive. These factors make it the most attractive option.
- **P(B): 0.3** - Alternative B provides higher vaccine effectiveness but requires a long wait time and has a higher risk of side effects. The lower cash incentive also makes it less appealing.
- **P(C): 0.1** - Opting out (Alternative C) is the least likely choice, as vaccination offers protection against COVID-19, which can be crucial for personal and public health.

These probabilities reflect a balanced consideration of all factors provided in the alternatives.",success
7,2,10,"To provide a probabilistic choice among the alternatives, I'll consider factors like effectiveness, waiting time, risk of side effects, cash incentives, and personal health beliefs. Here’s how these factors might influence the decision:

1. **Effectiveness**: Higher vaccine effectiveness is generally preferred as it offers better protection against the virus.
2. **Waiting Time**: A shorter waiting time can be more appealing, especially if there's a concern about getting infected during the wait period.
3. **Risk of Side Effects**: Lower risk of side effects is preferable to avoid potential health complications.
4. **Cash Incentive**: While not directly related to health, financial incentives might influence some individuals' decisions.
5. **Personal Health Beliefs and Circumstances**: Personal beliefs about vaccines and current health status can play a significant role.

Given these considerations:

- **Alternative A** offers immediate vaccination with moderate effectiveness but has a good cash incentive and low risk of side effects. This could be appealing for those who want to get vaccinated quickly and are somewhat motivated by the financial reward.
- **Alternative B** provides higher vaccine effectiveness, which is crucial for protection, but comes with a long waiting period and a higher risk of side effects. The cash incentive is much lower, which might not be as motivating.
- **Alternative C** (opting out) might be chosen by individuals who are hesitant about vaccines or do not see the immediate benefit given their personal circumstances.

Based on these factors, I would assign the following probabilities:

P(A): 0.45
P(B): 0.35
P(C): 0.20

These probabilities reflect a higher likelihood of choosing Alternative A due to its balance between immediate availability and financial incentive, while still considering the moderate effectiveness and low side effect risk. Alternative B is less likely due to the long wait time and higher side effect risk, but it still has some appeal for those prioritizing high vaccine effectiveness. Opting out (Alternative C) is the least likely choice, as vaccination generally offers significant public health benefits.",success
8,2,1,"To provide a probabilistic choice, I'll consider factors such as waiting time, effectiveness, risk of side effects, cash incentive, and the option to opt out. Here’s how these factors might influence the decision:

1. **Waiting Time**: A longer wait can be inconvenient but might be worth it for better outcomes.
2. **Effectiveness**: Higher effectiveness is generally more desirable in a vaccine.
3. **Risk of Side Effects**: Lower risk is preferred, especially if the side effects are significant.
4. **Cash Incentive**: While not as critical as health factors, this can be a deciding factor for some individuals.
5. **Opting Out**: This might be chosen by those who do not want to take any risks or have concerns about vaccines.

Given these considerations, here’s a possible distribution of probabilities:

- **Alternative A**:
  - High effectiveness (70%)
  - Low risk of side effects (0.1%)
  - Cash incentive (200 RMB)
  - Long wait time (3 months)
  
  This option offers the best protection and minimal risk, but with a significant waiting period. It might be chosen by those who prioritize long-term health benefits.

- **Alternative B**:
  - Lower effectiveness (50%)
  - Higher risk of side effects (1%)
  - Low cash incentive (50 RMB)
  - No wait time
  
  This option is more immediate and has a lower barrier to entry, but it offers less protection and higher risk. It might be chosen by those who need the vaccine quickly or are less concerned about effectiveness.

- **Alternative C**:
  - No vaccination
  - No waiting time
  - No risk of side effects
  - No cash incentive
  
  This option is for those who prefer to avoid all risks associated with vaccination, including potential side effects and unknown long-term effects.

Considering these factors, a possible distribution might be:

- **P(A)**: 0.6 (60%)
- **P(B)**: 0.3 (30%)
- **P(C)**: 0.1 (10%)

This distribution reflects a higher preference for the vaccine with better long-term benefits (A), some consideration for immediate availability and lower barriers (B), and a small but present likelihood of opting out entirely (C).",success
8,2,2,"In making a decision about which COVID-19 vaccination alternative to choose, we need to consider various factors such as waiting time, vaccine effectiveness, risk of side effects, cash incentive, and personal values regarding health and financial incentives. Here’s a probabilistic approach based on balancing these factors:

1. **Vaccine Effectiveness**: Higher effectiveness is more desirable.
2. **Waiting Time**: A shorter waiting time is generally preferred.
3. **Risk of Side Effects**: Lower risk is better.
4. **Cash Incentive**: While not the primary factor, it can be a consideration for some individuals.
5. **Personal Values**: Some might value immediate protection over long-term effectiveness or vice versa.

Given these factors, let's assign probabilities that reflect a balanced decision-making process:

- **Alternative A**:
  - High vaccine effectiveness (70%)
  - Long waiting time (3 months)
  - Low risk of side effects (0.1%)
  - Moderate cash incentive (200 RMB)
  - Domestic origin

- **Alternative B**:
  - Lower vaccine effectiveness (50%)
  - No waiting time
  - Higher risk of side effects (1%)
  - Low cash incentive (50 RMB)
  - Domestic origin

- **Alternative C**:
  - No vaccine, no protection from the virus
  - No waiting time
  - No risk of side effects
  - No financial incentive

### Probabilities:

- **P(A)**: Given the high effectiveness and low risk of side effects, despite the long wait, this option is quite attractive. Let's assign a probability of 0.4.
- **P(B)**: The immediate availability and moderate risk of side effects make it a reasonable choice, but the lower effectiveness reduces its attractiveness. Let's assign a probability of 0.3.
- **P(C)**: Opting out means no protection, which is generally not recommended given the benefits of vaccination. However, some might prefer this due to personal beliefs or health concerns. Let's assign a probability of 0.3.

Thus, the probabilities are:

P(A): 0.4
P(B): 0.3
P(C): 0.3

These probabilities sum to 1 and reflect a balanced consideration of all factors.",success
8,2,3,"When making a decision like this, it's important to consider multiple factors such as waiting time, vaccine effectiveness, risk of side effects, cash incentive, and personal values. Here’s how I would break down the probabilities based on these factors:

1. **Waiting Time**: Alternative A has a 3-month wait, which might be a significant inconvenience. Alternative B is walk-in, making it much more convenient.
2. **Vaccine Effectiveness**: Alternative A offers 70% effectiveness, which is higher than Alternative B’s 50%. This is a substantial difference in terms of protection against the virus.
3. **Risk of Side Effects**: Both alternatives have low risks of side effects, but Alternative A has a lower risk (0.1%) compared to Alternative B (1%). 
4. **Cash Incentive**: Alternative A offers 200 RMB, which is more than the 50 RMB offered by Alternative B.
5. **Personal Values and Preferences**: This can vary widely among individuals. Some might prioritize convenience and immediate protection, while others might value higher effectiveness and lower risk of side effects.

Given these considerations, I would assign probabilities as follows:

- **P(A)**: 0.4 (High effectiveness and lower risk of side effects are significant positives, but the waiting time is a major drawback.)
- **P(B)**: 0.3 (Convenience is a strong positive, but lower effectiveness and higher risk of side effects reduce its appeal.)
- **P(C)**: 0.3 (Opting out might be chosen by those who are highly risk-averse or have concerns about the vaccines.)

These probabilities sum to 1, reflecting a balanced consideration of all factors.",success
8,2,4,"When making a decision like this, it's important to weigh the various factors such as waiting time, vaccine effectiveness, risk of side effects, cash incentives, and personal values. Since I am an AI, I don't have personal preferences or health conditions, but I can provide a probabilistic assessment based on a typical utility analysis.

Here’s a simplified breakdown:

- **Alternative A**: Offers the highest effectiveness (70%) with a very low risk of side effects (0.1%), and includes a significant cash incentive (200 RMB). However, there is a 3-month waiting period.
- **Alternative B**: Provides immediate access to the vaccine, but with lower effectiveness (50%) and a higher risk of side effects (1%). The cash incentive is also lower (50 RMB).
- **Alternative C**: Opting out means no waiting time, no side effects, and no risks from the vaccine itself, but it also means no protection against COVID-19.

Given these factors, here’s a possible probabilistic distribution based on a typical utility analysis:

- **P(A)**: 0.5 (High effectiveness and low risk of side effects are significant positives, despite the waiting time and the cash incentive is substantial.)
- **P(B)**: 0.3 (Immediate access and some protection, but lower effectiveness and higher side effect risk reduce its appeal compared to A.)
- **P(C)**: 0.2 (Opting out might be chosen by those who are very risk-averse or have concerns about vaccines in general.)

These probabilities reflect a balance between the benefits of immediate protection, long-term immunity, and personal risk tolerance. They sum to 1, representing all possible choices.

Thus:
- P(A): 0.5
- P(B): 0.3
- P(C): 0.2",success
8,2,5,"To determine which alternative I would choose, let's break down the decision-making process by considering each factor:

### Alternative A:
- **Waiting time**: 3 months (longer wait)
- **Vaccine effectiveness**: 70% (moderate protection)
- **Risk of side effects**: 0.1% (very low risk)
- **Cash incentive**: 200 RMB (substantial reward)
- **Vaccine origin**: Domestic

### Alternative B:
- **Waiting time**: Walk-in (no wait)
- **Vaccine effectiveness**: 50% (lower protection)
- **Risk of side effects**: 1% (slightly higher risk)
- **Cash incentive**: 50 RMB (modest reward)
- **Vaccine origin**: Domestic

### Alternative C:
- **Do not receive the vaccine** (opt out)
- **Waiting time**: N/A
- **Vaccine effectiveness**: 0% (no protection)
- **Risk of side effects**: 0% (no risk)
- **Cash incentive**: 0 RMB
- **Vaccine origin**: N/A

### Decision Factors:
1. **Effectiveness**: Higher effectiveness reduces the likelihood of contracting COVID-19.
2. **Risk of Side Effects**: Lower risk is generally preferred, but it might be a trade-off with other factors.
3. **Waiting Time**: Immediate availability can be very appealing.
4. **Cash Incentive**: Additional financial reward can influence the decision.
5. **Vaccine Origin**: Since all options are domestic, this factor is neutral.

### Analysis:
- **Alternative A** offers higher effectiveness and a significant cash incentive but requires a longer wait time and has a slightly lower risk of side effects.
- **Alternative B** provides immediate availability and moderate protection with a modest reward but has a higher risk of side effects.
- **Alternative C** means no protection at all, which is generally not advisable unless there are specific health reasons to avoid vaccination.

### Probabilities:
Given the factors, I would assign probabilities based on their relative importance:

- **P(A)**: 0.5 (High effectiveness and significant reward, but longer wait)
- **P(B)**: 0.3 (Immediate availability and moderate protection, with higher risk of side effects)
- **P(C)**: 0.2 (No protection, generally not recommended unless there are specific health concerns)

### Final Answer:
P(A): 0.5
P(B): 0.3
P(C): 0.2",success
8,2,6,"To determine which alternative is most favorable, we need to consider a combination of factors such as waiting time, vaccine effectiveness, risk of side effects, cash incentive, and personal values. Since I am an AI model and do not have personal preferences or health conditions, I will provide a balanced approach based on the given data.

Here’s a breakdown of the considerations:

1. **Waiting Time**:
   - Alternative A: 3 months (long wait)
   - Alternative B: Walk-in (no wait)

2. **Vaccine Effectiveness**:
   - Alternative A: 70% (higher effectiveness)
   - Alternative B: 50% (lower effectiveness)

3. **Risk of Side Effects**:
   - Alternative A: 0.1% (very low risk)
   - Alternative B: 1% (slightly higher risk)

4. **Cash Incentive**:
   - Alternative A: 200 RMB (higher incentive)
   - Alternative B: 50 RMB (lower incentive)

5. **Vaccine Origin**:
   - Both alternatives are domestic, so this factor is neutral.

Given these factors, we can assign probabilities based on a balanced consideration of the pros and cons:

- **Alternative A**: High effectiveness and low risk of side effects are significant positives, but the long waiting time is a negative. The higher cash incentive adds value.
- **Alternative B**: Immediate availability and lower risk of side effects are positives, but the lower effectiveness is a significant negative. The lower cash incentive is also less attractive.
- **Alternative C**: Opting out avoids all risks but provides no protection against COVID-19.

Based on these considerations, here are the probabilities:

P(A): 0.4
P(B): 0.35
P(C): 0.25

These probabilities reflect a balanced approach where Alternative A is slightly favored due to its higher effectiveness and lower risk of side effects, despite the longer waiting time and higher incentive. Alternative B is still a reasonable choice for those who value immediate availability and lower risk of side effects more highly. Opting out (Alternative C) is least likely but still considered for those who are extremely risk-averse or have other reasons to avoid vaccination.",success
8,2,7,"In making a decision about which COVID-19 vaccination alternative to choose, we need to consider the trade-offs between waiting time, vaccine effectiveness, risk of side effects, cash incentive, and personal health values. Here’s an analysis based on these factors:

### Alternative A:
- **Waiting Time:** 3 months (This is a significant delay in receiving protection against the virus.)
- **Vaccine Effectiveness:** 70% (Reasonably effective, but not the highest available.)
- **Risk of Side Effects:** 0.1% (Very low risk, which is favorable.)
- **Cash Incentive:** 200 RMB (A substantial incentive that could be beneficial.)
- **Vaccine Origin:** Domestic (Familiar and potentially more trusted by some individuals.)

### Alternative B:
- **Waiting Time:** Walk-in (Immediate access to the vaccine, which is a major advantage.)
- **Vaccine Effectiveness:** 50% (Lower effectiveness compared to Alternative A, but still provides some protection.)
- **Risk of Side Effects:** 1% (Slightly higher risk compared to Alternative A, but still relatively low.)
- **Cash Incentive:** 50 RMB (Lower incentive compared to Alternative A.)
- **Vaccine Origin:** Domestic (Same as Alternative A.)

### Alternative C:
- **Do Not Receive the Vaccine:**
- **Waiting Time:** N/A
- **Vaccine Effectiveness:** 0% (No protection against the virus.)
- **Risk of Side Effects:** 0% (No risk, but also no benefit.)
- **Cash Incentive:** 0 RMB (No financial incentive.)
- **Vaccine Origin:** Not applicable

### Decision Analysis:
1. **Health and Safety:**
   - Alternative A offers a higher effectiveness with very low side effects, which is beneficial for long-term health.
   - Alternative B provides immediate access but with lower effectiveness and slightly higher risk of side effects.
   - Opting out (Alternative C) leaves you without any protection against the virus.

2. **Financial Incentive:**
   - Alternative A offers a substantial cash incentive of 200 RMB.
   - Alternative B offers a smaller incentive of 50 RMB.
   - Alternative C offers no financial benefit.

3. **Convenience:**
   - Alternative B is the most convenient as it allows for immediate vaccination.
   - Alternative A requires a 3-month wait, which may be inconvenient for some.

### Probabilities:
Given these considerations, I would assign probabilities based on the balance of health benefits, financial incentives, and convenience:

- **P(A): 0.6** (High probability due to high effectiveness and low side effects, despite the waiting time and good cash incentive.)
- **P(B): 0.3** (Moderate probability due to immediate access but lower effectiveness and slightly higher risk of side effects, with a smaller cash incentive.)
- **P(C): 0.1** (Low probability as it leaves you without any protection against the virus.)

These probabilities sum to 1, reflecting a balanced consideration of all factors.",success
8,2,8,"When evaluating these alternatives, it's important to consider various factors such as waiting time, vaccine effectiveness, risk of side effects, cash incentive, and personal health beliefs. Here’s a breakdown of the considerations:

1. **Waiting Time**: Alternative A has a 3-month wait, which might be inconvenient for those who want immediate protection.
2. **Vaccine Effectiveness**: Alternative A offers higher effectiveness (70%) compared to B (50%), which is a significant factor in choosing a vaccine.
3. **Risk of Side Effects**: Alternative A has a lower risk of side effects (0.1%) compared to B (1%).
4. **Cash Incentive**: Alternative A offers a higher cash incentive (200 RMB) compared to B (50 RMB), which might be a motivating factor for some.
5. **Vaccine Origin**: Both vaccines are domestic, so this factor is neutral.

Given these considerations, I would assign probabilities based on the balance of benefits and risks:

- **Alternative A**: This option offers higher effectiveness and lower risk of side effects, but with a longer waiting time. The cash incentive is also attractive.
  - P(A): 0.6

- **Alternative B**: This option provides immediate availability, which could be crucial for those who need protection right away. However, it has lower effectiveness and a higher risk of side effects.
  - P(B): 0.2

- **Alternative C**: Opting out means no protection against the virus, which is generally not recommended given the ongoing pandemic risks.
  - P(C): 0.2

These probabilities reflect a preference for the vaccine with the highest effectiveness and lowest risk of side effects, while also considering the waiting time and cash incentive.

Thus, the final probabilities are:
P(A): 0.6
P(B): 0.2
P(C): 0.2",success
8,2,9,"When making a decision like this, it's important to weigh the various factors such as waiting time, vaccine effectiveness, risk of side effects, cash incentives, and personal health considerations. However, since I'm an AI model, I don't have personal preferences or health conditions to consider. Instead, I'll provide probabilities based on a balanced consideration of the given factors.

Here's a breakdown:

- **Alternative A**: Offers a higher effectiveness (70%) but with a longer waiting time (3 months). The risk of side effects is very low (0.1%), and there's a significant cash incentive (200 RMB). This option might be more appealing to someone who values long-term protection and financial incentives.
- **Alternative B**: Provides immediate access with moderate effectiveness (50%) and a higher risk of side effects (1%). The cash incentive is lower (50 RMB). This option might be suitable for those who prefer not to wait and are willing to accept the lower effectiveness and higher side effect risk.
- **Alternative C**: Opting out means no waiting, no side effects, no financial incentives, and no protection against COVID-19. This choice might be considered by individuals who are generally low-risk or have concerns about vaccines.

Given these considerations, I would distribute the probabilities as follows:

- **P(A)**: 0.4 (This option is strong due to its higher effectiveness and lower side effect risk, despite the longer wait.)
- **P(B)**: 0.3 (Immediate access and moderate effectiveness make this a reasonable choice, but the higher side effect risk reduces its appeal slightly.)
- **P(C)**: 0.3 (Opting out is a significant decision, and while it avoids all risks associated with vaccination, it also leaves one unprotected.)

These probabilities reflect a balanced consideration of the factors provided.",success
8,2,10,"In making a decision about which vaccination option to choose, we need to consider several factors including the waiting time, vaccine effectiveness, risk of side effects, cash incentive, and personal health values. Here’s an analysis based on these criteria:

1. **Waiting Time**: A shorter wait time is generally more convenient.
2. **Vaccine Effectiveness**: Higher effectiveness means better protection against COVID-19.
3. **Risk of Side Effects**: Lower risk is preferable to minimize potential health complications.
4. **Cash Incentive**: While not the most critical factor, a cash incentive can provide additional value.
5. **Personal Health Values**: This includes personal beliefs about vaccination and individual health status.

Given these factors, here’s a probabilistic assessment of each alternative:

- **Alternative A**:
  - **Waiting Time**: 3 months (longer wait)
  - **Vaccine Effectiveness**: 70% (moderate to high effectiveness)
  - **Risk of Side Effects**: 0.1% (very low risk)
  - **Cash Incentive**: 200 RMB (good incentive)
  - **Vaccine Origin**: Domestic

- **Alternative B**:
  - **Waiting Time**: Walk-in (no wait, very convenient)
  - **Vaccine Effectiveness**: 50% (moderate effectiveness)
  - **Risk of Side Effects**: 1% (low risk)
  - **Cash Incentive**: 50 RMB (small incentive)
  - **Vaccine Origin**: Domestic

- **Alternative C**:
  - **Waiting Time**: N/A
  - **Vaccine Effectiveness**: 0% (no protection)
  - **Risk of Side Effects**: 0% (no risk)
  - **Cash Incentive**: 0 RMB
  - **Vaccine Origin**: N/A

Considering the balance between these factors, here is a probabilistic distribution:

- **P(A)**: 0.4 (The high effectiveness and good cash incentive make this option attractive despite the longer wait.)
- **P(B)**: 0.35 (The convenience of no wait and moderate effectiveness are significant, but the lower effectiveness and smaller incentive reduce its appeal.)
- **P(C)**: 0.25 (Opting out is a valid choice for those who are very risk-averse or have strong personal beliefs against vaccination.)

These probabilities sum to 1, reflecting a balanced consideration of all factors.",success
9,2,1,"When evaluating the choices for COVID-19 vaccination, it's important to consider a variety of factors including waiting time, vaccine effectiveness, risk of side effects, cash incentives, and personal health beliefs. Here’s how I would distribute the probabilities based on these factors:

### Alternative A:
- **Waiting Time**: 3 months (longer wait)
- **Vaccine Effectiveness**: 70% (moderate)
- **Risk of Side Effects**: 10% (relatively high)
- **Cash Incentive**: 200 RMB (moderate)
- **Vaccine Origin**: Imported

### Alternative B:
- **Waiting Time**: 1 month (shorter wait)
- **Vaccine Effectiveness**: 95% (high)
- **Risk of Side Effects**: 0.1% (very low)
- **Cash Incentive**: 800 RMB (high)
- **Vaccine Origin**: Imported

### Alternative C:
- **Do Not Receive the Vaccine** (opt out)

Given these factors, here’s a possible distribution of probabilities:

- **P(A)**: 0.2
- **P(B)**: 0.7
- **P(C)**: 0.1

### Explanation:
- **Alternative A**: While it has a moderate cash incentive and is imported, the long waiting time and relatively high risk of side effects make it less attractive.
- **Alternative B**: This option stands out due to its high effectiveness, very low risk of side effects, shorter waiting time, and high cash incentive. These factors significantly increase its appeal.
- **Alternative C**: Opting out is given a low probability as the benefits of vaccination (especially in terms of protection against the virus) generally outweigh the risks.

These probabilities reflect a balanced consideration of all factors, prioritizing both safety and effectiveness while also considering the incentives and waiting times.",success
9,2,2,"To provide a probabilistic choice, we need to weigh the factors based on their importance. Here’s a breakdown of how one might consider these alternatives:

### Factors to Consider:
1. **Waiting Time**: Shorter waiting times are generally more favorable.
2. **Vaccine Effectiveness**: Higher effectiveness is crucial for preventing infection and severe illness.
3. **Risk of Side Effects**: Lower risk is preferable to minimize potential health issues.
4. **Cash Incentive**: Higher cash incentives can be a significant motivator.
5. **Personal Values and Beliefs**: Some individuals may prioritize certain factors over others.

### Analysis:
- **Alternative A** has a moderate waiting time, moderate effectiveness, a relatively high risk of side effects, and a small cash incentive. The imported origin might also influence the decision based on trust in vaccine sources.
- **Alternative B** offers the shortest waiting time, highest effectiveness, lowest risk of side effects, and the highest cash incentive. It is also an imported vaccine.
- **Alternative C** involves no vaccination, which means no protection against COVID-19 but also no risk of side effects or need to wait.

### Probabilistic Choice:
Given the high effectiveness and low risk of side effects in Alternative B, it seems the most favorable option. However, personal preferences can vary. Here’s a possible distribution:

- **P(A)**: 0.2 (This alternative is less appealing due to the moderate waiting time and higher risk of side effects.)
- **P(B)**: 0.7 (High effectiveness, low risk, and high cash incentive make this the most attractive option.)
- **P(C)**: 0.1 (Opting out might be a choice for those who are extremely risk-averse or have strong personal beliefs against vaccination.)

These probabilities sum to 1, reflecting the relative attractiveness of each alternative based on the given factors.",success
9,2,3,"To provide a structured response, I'll consider each factor and how it might influence the decision. The factors include waiting time, vaccine effectiveness, risk of side effects, cash incentive, and vaccine origin.

1. **Waiting Time**: Shorter waiting times are generally preferred.
2. **Vaccine Effectiveness**: Higher effectiveness is more desirable to ensure better protection against COVID-19.
3. **Risk of Side Effects**: Lower risk of side effects is preferable to minimize health concerns.
4. **Cash Incentive**: A higher cash incentive can be a significant motivator for some individuals.
5. **Vaccine Origin**: The origin (imported or domestic) might influence trust, but in this case, both options are imported.

Given these considerations:

- **Alternative A** has a moderate waiting time, moderate effectiveness, and a relatively high risk of side effects. The cash incentive is low compared to Alternative B.
- **Alternative B** has the shortest waiting time, highest effectiveness, lowest risk of side effects, and the highest cash incentive.
- **Alternative C** involves no waiting time, no effectiveness (since no vaccine is received), no risk of side effects, and no cash incentive.

Based on these factors, I would assign probabilities as follows:

- **P(A)**: 0.15 (moderate waiting time and effectiveness, but high risk of side effects and low incentive)
- **P(B)**: 0.70 (shortest waiting time, highest effectiveness, lowest risk of side effects, and highest cash incentive)
- **P(C)**: 0.15 (no vaccine means no protection, which is a significant downside)

These probabilities sum to 1 and reflect the relative attractiveness of each option based on the given criteria.",success
9,2,4,"To make a decision, we need to weigh the various factors such as waiting time, effectiveness, risk of side effects, cash incentive, and personal health considerations. Here's a breakdown:

### Alternative A:
- **Waiting Time:** 3 months (This is a significant wait, which might delay protection against the virus.)
- **Effectiveness:** 70% (Moderate effectiveness, but not as high as B.)
- **Risk of Side Effects:** 10% (Relatively high risk of side effects.)
- **Cash Incentive:** 200 RMB (A smaller incentive compared to B.)
- **Vaccine Origin:** Imported (Generally trusted, but the origin is less relevant if other factors are more critical.)

### Alternative B:
- **Waiting Time:** 1 month (Shorter wait time, which means quicker protection.)
- **Effectiveness:** 95% (Highly effective, which provides better protection against the virus.)
- **Risk of Side Effects:** 0.1% (Very low risk of side effects, making it a safer option.)
- **Cash Incentive:** 800 RMB (Significantly higher incentive compared to A.)
- **Vaccine Origin:** Imported (Generally trusted.)

### Alternative C:
- **Do not receive the vaccine (opt out):**
- **Waiting Time:** N/A
- **Effectiveness:** 0% (No protection against the virus.)
- **Risk of Side Effects:** 0% (No risk, but no benefit either.)
- **Cash Incentive:** None (No financial incentive.)
- **Vaccine Origin:** Not applicable

### Decision Analysis:
1. **Protection and Safety:**
   - Alternative B offers the highest effectiveness (95%) and the lowest risk of side effects (0.1%), making it the safest and most effective option.
   
2. **Waiting Time:**
   - Alternative B has the shortest waiting time (1 month), which means quicker protection against the virus.

3. **Financial Incentive:**
   - Alternative B also offers the highest cash incentive (800 RMB), which can be a significant factor for some individuals.

4. **Personal Health Considerations:**
   - If you are at higher risk of severe COVID-19 or have concerns about long-term health impacts, the high effectiveness and low side effect rate of Alternative B make it the best choice.

### Probabilities:
Given the analysis, here are the probabilities I would assign to each alternative:

- **P(A): 0.2**
  - This option is less favorable due to the longer waiting time and higher risk of side effects.
  
- **P(B): 0.7**
  - This option is highly favorable due to high effectiveness, low risk of side effects, shorter waiting time, and a significant financial incentive.
  
- **P(C): 0.1**
  - Opting out is the least favorable due to the lack of protection against the virus.

These probabilities sum to 1, reflecting the relative likelihood of choosing each alternative based on the given factors.",success
9,2,5,"When making a decision like this, it's important to weigh all the factors, including waiting time, vaccine effectiveness, risk of side effects, cash incentive, and personal values regarding vaccination. Here’s how I would evaluate each option:

### Alternative A:
- **Waiting time:** 3 months (This is a significant delay in gaining protection.)
- **Vaccine effectiveness:** 70% (Moderate effectiveness, but not the highest available.)
- **Risk of side effects:** 10% (Relatively high risk compared to other options.)
- **Cash incentive:** 200 RMB (A moderate cash incentive.)
- **Vaccine origin:** Imported (No specific concern here.)

### Alternative B:
- **Waiting time:** 1 month (Shorter waiting time, which means quicker protection.)
- **Vaccine effectiveness:** 95% (Highly effective, one of the best available vaccines.)
- **Risk of side effects:** 0.1% (Very low risk, much safer compared to other options.)
- **Cash incentive:** 800 RMB (Significantly higher cash incentive.)
- **Vaccine origin:** Imported (No specific concern here.)

### Alternative C:
- **Do not receive the vaccine (opt out):**
- **Waiting time:** N/A
- **Vaccine effectiveness:** 0% (No protection against COVID-19.)
- **Risk of side effects:** 0% (No risk from the vaccine, but higher risk from the disease itself.)
- **Cash incentive:** N/A
- **Vaccine origin:** N/A

### Decision Analysis:
- **Effectiveness and Safety:**
  - Alternative B offers the highest effectiveness and the lowest risk of side effects.
  - Alternative A has moderate effectiveness but a relatively high risk of side effects.
  - Alternative C provides no protection against the disease, which could be dangerous.

- **Waiting Time:**
  - Alternative B has the shortest waiting time, which is crucial for gaining protection quickly.
  - Alternative A has a much longer waiting time, which increases the risk of exposure during that period.

- **Cash Incentive:**
  - Alternative B offers the highest cash incentive, which could be a significant financial benefit.
  - Alternative A offers a moderate incentive.
  - Alternative C provides no financial benefit.

### Probabilities:
Given the above considerations, here are the probabilities I would assign to each alternative:

- **P(A):** 0.2 (Alternative A is less attractive due to longer waiting time and higher risk of side effects.)
- **P(B):** 0.7 (Alternative B is the most favorable option due to high effectiveness, low risk, short waiting time, and significant cash incentive.)
- **P(C):** 0.1 (Opting out is least favorable due to lack of protection against the disease.)

These probabilities reflect a preference for the option that provides the best balance of safety, effectiveness, and immediate benefits.",success
9,2,6,"In making a decision about which COVID-19 vaccination alternative to choose, it's important to consider various factors including the waiting time, vaccine effectiveness, risk of side effects, cash incentive, and personal health beliefs. Here’s an analysis based on these criteria:

### Alternative A:
- **Waiting Time:** 3 months (longer wait)
- **Vaccine Effectiveness:** 70% (moderate effectiveness)
- **Risk of Side Effects:** 10% (relatively high risk)
- **Cash Incentive:** 200 RMB (low incentive)
- **Vaccine Origin:** Imported

### Alternative B:
- **Waiting Time:** 1 month (short wait)
- **Vaccine Effectiveness:** 95% (very high effectiveness)
- **Risk of Side Effects:** 0.1% (very low risk)
- **Cash Incentive:** 800 RMB (high incentive)
- **Vaccine Origin:** Imported

### Alternative C:
- **Do not receive the vaccine (opt out)**
- No waiting time, no effectiveness, no side effects, and no cash incentive.

Given these factors, here’s a probabilistic distribution based on the importance of each factor:

1. **Waiting Time:** Shorter waiting times are generally preferred.
2. **Vaccine Effectiveness:** Higher effectiveness is more desirable.
3. **Risk of Side Effects:** Lower risk is better.
4. **Cash Incentive:** Higher incentives can be motivating.
5. **Personal Health Beliefs:** Some might prefer to avoid vaccines altogether.

### Probabilistic Distribution:
- **P(A):** 0.2 (The longer wait and moderate effectiveness, coupled with a higher risk of side effects and lower cash incentive, make this option less likely.)
- **P(B):** 0.7 (The short waiting time, high effectiveness, very low risk of side effects, and high cash incentive make this the most appealing option.)
- **P(C):** 0.1 (Opting out might be chosen by those who are strongly against vaccines or have other health concerns.)

These probabilities reflect a balanced consideration of all factors, with Alternative B being the most likely choice due to its overall advantages.",success
9,2,7,"When evaluating the alternatives for COVID-19 vaccination, we need to consider several factors including waiting time, vaccine effectiveness, risk of side effects, cash incentives, and personal values. Here’s a breakdown of how these factors might influence the decision:

### Alternative A:
- **Waiting Time**: 3 months (longer wait)
- **Vaccine Effectiveness**: 70% (moderate protection)
- **Risk of Side Effects**: 10% (relatively high risk)
- **Cash Incentive**: 200 RMB (modest reward)
- **Vaccine Origin**: Imported

### Alternative B:
- **Waiting Time**: 1 month (shorter wait)
- **Vaccine Effectiveness**: 95% (high protection)
- **Risk of Side Effects**: 0.1% (very low risk)
- **Cash Incentive**: 800 RMB (significant reward)
- **Vaccine Origin**: Imported

### Alternative C:
- **Do not receive the vaccine (opt out)**: No waiting time, no effectiveness, no side effects, no cash incentive.

### Decision-Making Process:

1. **Waiting Time**: Shorter waiting times are generally preferred to reduce the risk of infection.
2. **Vaccine Effectiveness**: Higher effectiveness is crucial for better protection against the virus.
3. **Risk of Side Effects**: Lower risk of side effects is preferable to minimize potential health issues.
4. **Cash Incentive**: While cash incentives can be a motivator, they are often secondary to health considerations.
5. **Personal Values**: Personal values and beliefs about vaccination also play a role.

Given these factors, Alternative B stands out as the most favorable option due to its high effectiveness, low risk of side effects, shorter waiting time, and significant cash incentive. 

### Probabilities:

- **P(A)**: 0.1 (10%)
- **P(B)**: 0.8 (80%)
- **P(C)**: 0.1 (10%)

These probabilities reflect a strong preference for Alternative B, with some consideration given to the other options. The sum of these probabilities is 1, as required.",success
9,2,8,"To provide a probabilistic distribution reflecting my choice, I need to consider multiple factors such as the waiting time, vaccine effectiveness, risk of side effects, cash incentive, and personal health values. Here’s how these factors might influence the decision:

1. **Waiting Time**: A shorter waiting time is generally more favorable.
2. **Vaccine Effectiveness**: Higher effectiveness means better protection against COVID-19.
3. **Risk of Side Effects**: Lower risk is preferred to avoid potential adverse reactions.
4. **Cash Incentive**: A higher cash incentive can be a significant motivator for some individuals.
5. **Personal Health Values**: The importance of getting vaccinated versus the risks and benefits.

Given these considerations, here’s a possible distribution:

- **Alternative A**:
  - Waiting time: 3 months (longer)
  - Vaccine effectiveness: 70% (moderate)
  - Risk of side effects: 10% (higher)
  - Cash incentive: 200 RMB (lower)
  - Vaccine origin: Imported

- **Alternative B**:
  - Waiting time: 1 month (shorter)
  - Vaccine effectiveness: 95% (very high)
  - Risk of side effects: 0.1% (very low)
  - Cash incentive: 800 RMB (higher)
  - Vaccine origin: Imported

- **Alternative C**:
  - No vaccine, no waiting time, no risk, no benefit, and no cash incentive.

Based on the above factors, I would assign probabilities as follows:

- **P(A)**: 0.10
- **P(B)**: 0.75
- **P(C)**: 0.15

These probabilities reflect a strong preference for Alternative B due to its high effectiveness and low risk of side effects, combined with a significant cash incentive and a shorter waiting time. However, there is still some consideration given to the other alternatives, acknowledging that different individuals might have different priorities.",success
9,2,9,"When evaluating the choices for a COVID-19 vaccination, it's important to consider multiple factors such as waiting time, vaccine effectiveness, risk of side effects, cash incentives, and personal health priorities. Here’s how I would weigh these options:

### Alternative A:
- **Waiting Time:** 3 months (longer wait)
- **Vaccine Effectiveness:** 70% (moderate)
- **Risk of Side Effects:** 10% (relatively high)
- **Cash Incentive:** 200 RMB (moderate)
- **Vaccine Origin:** Imported

### Alternative B:
- **Waiting Time:** 1 month (shorter wait)
- **Vaccine Effectiveness:** 95% (high)
- **Risk of Side Effects:** 0.1% (very low)
- **Cash Incentive:** 800 RMB (high)
- **Vaccine Origin:** Imported

### Alternative C:
- **Do Not Receive the Vaccine:**
- **Waiting Time:** N/A
- **Vaccine Effectiveness:** 0% (no protection)
- **Risk of Side Effects:** 0% (no side effects)
- **Cash Incentive:** 0 RMB
- **Vaccine Origin:** N/A

### Analysis:
1. **Effectiveness and Risk of Side Effects:**
   - Alternative B offers the highest effectiveness (95%) with a very low risk of side effects (0.1%). This is highly favorable for protecting against COVID-19.
   - Alternative A has moderate effectiveness (70%) but a higher risk of side effects (10%), which might be concerning.

2. **Waiting Time:**
   - Alternative B has the shortest waiting time (1 month), making it more immediate and reducing the period of vulnerability to the virus.
   - Alternative A requires a longer wait (3 months), increasing the exposure risk during that period.

3. **Cash Incentive:**
   - Alternative B offers a higher cash incentive (800 RMB) compared to Alternative A (200 RMB). While financial incentives are not the primary health consideration, they can be a factor for some individuals.

4. **Personal Health and Safety:**
   - Opting out (Alternative C) means no protection against COVID-19, which could lead to higher risks of infection and potential severe outcomes, especially if the virus is prevalent in the community.

### Probabilities:
Given the above considerations, I would assign probabilities as follows:

- **P(A): 0.2** - While Alternative A offers a moderate incentive and effectiveness, the longer waiting time and higher risk of side effects make it less attractive.
- **P(B): 0.7** - Alternative B is the most balanced option with high effectiveness, low risk of side effects, shorter waiting time, and a significant cash incentive.
- **P(C): 0.1** - Opting out has the lowest probability due to the lack of protection against a potentially serious virus.

### Final Answer:
P(A): 0.2
P(B): 0.7
P(C): 0.1",success
9,2,10,"In making a decision regarding which COVID-19 vaccination choice to select, several factors need to be considered, including the waiting time, vaccine effectiveness, risk of side effects, cash incentive, and personal health considerations. Here’s how I would weigh these factors:

### Alternative A:
- **Waiting Time:** 3 months (longer wait but might be acceptable if other options are not available)
- **Effectiveness:** 70% (moderate protection, which is better than no vaccine)
- **Risk of Side Effects:** 10% (higher risk compared to B, but still manageable for most people)
- **Cash Incentive:** 200 RMB (modest incentive)
- **Vaccine Origin:** Imported (may have higher trust due to international standards)

### Alternative B:
- **Waiting Time:** 1 month (shorter wait, more immediate protection)
- **Effectiveness:** 95% (very high protection, which is highly desirable)
- **Risk of Side Effects:** 0.1% (minimal risk, which is very appealing)
- **Cash Incentive:** 800 RMB (significant incentive)
- **Vaccine Origin:** Imported (high trust due to international standards)

### Alternative C:
- **Do Not Receive the Vaccine:**
- **Protection:** None (no protection against COVID-19)
- **Risk of Side Effects:** None (no side effects from the vaccine, but risk of contracting and spreading the virus)
- **Cash Incentive:** 0 RMB (no financial benefit)

### Decision:
Given these factors, I would assign probabilities based on a balanced consideration of effectiveness, safety, and personal benefits:

- **Alternative A:** While it offers moderate protection and a modest incentive, the longer waiting time and higher risk of side effects make it less attractive.
- **Alternative B:** This option provides high effectiveness, minimal side effects, a shorter wait, and a significant financial incentive. It is the most comprehensive choice.
- **Alternative C:** Opting out leaves you without any protection, which is not advisable given the current global health situation.

### Probabilities:
- **P(A): 0.15** (15% chance of choosing this option)
- **P(B): 0.75** (75% chance of choosing this option)
- **P(C): 0.10** (10% chance of choosing this option)

These probabilities reflect a strong preference for the high-protection, low-risk, and incentivized option (B), while still considering the other alternatives.",success
10,2,1,"When evaluating the alternatives for receiving a COVID-19 vaccine, we need to consider multiple factors including waiting time, vaccine effectiveness, risk of side effects, cash incentive, and personal values regarding vaccine origin. Here’s a breakdown of how these factors might influence the decision:

### Alternative A:
- **Waiting Time**: No wait (immediate)
- **Vaccine Effectiveness**: 95% (highly effective)
- **Risk of Side Effects**: 10% (moderate risk, but generally manageable)
- **Cash Incentive**: 800 RMB (substantial financial incentive)
- **Vaccine Origin**: Imported (may have higher trust in some regions)

### Alternative B:
- **Waiting Time**: 3 months (long wait)
- **Vaccine Effectiveness**: 70% (moderately effective, but lower than A)
- **Risk of Side Effects**: 10% (same as A)
- **Cash Incentive**: 200 RMB (lower financial incentive)
- **Vaccine Origin**: Domestic (may be preferred for those who trust domestic products)

### Alternative C:
- **Do Not Receive the Vaccine**:
- **Waiting Time**: N/A
- **Vaccine Effectiveness**: 0% (no protection against COVID-19)
- **Risk of Side Effects**: 0% (no side effects from the vaccine, but higher risk from the disease)
- **Cash Incentive**: 0 RMB (no financial benefit)
- **Vaccine Origin**: N/A

### Personal Values and Considerations:
- **Immediate Protection vs. Waiting**: Immediate protection is crucial if there is a high risk of exposure to COVID-19.
- **Effectiveness**: Higher effectiveness provides better protection, which is important for personal safety.
- **Side Effects**: Both A and B have the same 10% risk of side effects, so this factor is neutral between them.
- **Financial Incentive**: The financial incentive can be a significant motivator, especially if it helps cover other costs or provides immediate benefits.
- **Trust in Vaccine Origin**: Trust in imported vs. domestic vaccines can vary based on personal and regional preferences.

### Probabilities:
Given the above considerations, here is a possible distribution of probabilities:

- **P(A)**: 0.6 (High effectiveness, no wait, substantial financial incentive, and imported vaccine)
- **P(B)**: 0.2 (Moderate effectiveness, long wait, lower financial incentive, but domestic origin)
- **P(C)**: 0.2 (No immediate protection, no financial benefit, but avoids all side effects)

These probabilities reflect a balance between the benefits of immediate and effective protection (A), moderate protection with a longer wait and lower incentive (B), and the decision to avoid vaccination entirely (C).",success
10,2,2,"To provide a probabilistic choice among the alternatives, we need to consider various factors such as personal health priorities, the urgency of protection against COVID-19, financial incentives, and trust in vaccine origins. Here's a breakdown of how these factors might influence the decision:

1. **Waiting Time**: Immediate availability is highly valuable for those who want protection right away.
2. **Vaccine Effectiveness**: Higher effectiveness can provide better protection against the virus.
3. **Risk of Side Effects**: The risk of side effects is the same across all options, which means it doesn't significantly differentiate them.
4. **Cash Incentive**: Financial incentives can be a significant factor for some individuals.
5. **Vaccine Origin**: Trust in the source of the vaccine might influence the decision.

Given these considerations, here’s how I would distribute the probabilities:

- **Alternative A**:
  - Immediate protection (95% effectiveness) and no waiting time are strong positives.
  - The cash incentive is also significant (800 RMB).
  - The imported origin might be a slight concern for some but not a major deterrent.

- **Alternative B**:
  - Lower effectiveness (70%) and a long waiting time (3 months) are negatives.
  - The domestic origin might be preferred by those who trust locally produced vaccines.
  - The lower cash incentive (200 RMB) is a minor positive.

- **Alternative C**:
  - Opting out means no immediate protection, which could be risky if the virus is spreading in the community.
  - No financial incentives and no side effects are neutral factors.

Based on these considerations, I would assign the following probabilities:

- P(A): 0.6
- P(B): 0.3
- P(C): 0.1

These probabilities reflect a higher preference for immediate protection and a significant cash incentive (Alternative A), followed by a moderate preference for domestic vaccines with lower effectiveness and incentives (Alternative B), and the least preference for opting out entirely (Alternative C).",success
10,2,3,"When evaluating the choices for COVID-19 vaccination, it's important to consider multiple factors including waiting time, vaccine effectiveness, risk of side effects, cash incentives, and personal health beliefs. Here’s a breakdown of how these factors might influence the decision:

1. **Waiting Time**: Immediate availability (Alternative A) is more convenient and reduces the risk of contracting the virus while waiting for other options.
2. **Vaccine Effectiveness**: Higher effectiveness (95% in Alternative A vs 70% in Alternative B) means better protection against the virus.
3. **Risk of Side Effects**: Both alternatives have a 10% risk, which is equal and thus does not differentiate between them.
4. **Cash Incentive**: While both offer incentives, the higher amount (800 RMB in Alternative A) might be more appealing for financial reasons.
5. **Vaccine Origin**: Some individuals may prefer domestic products due to trust or national preference, but this factor is subjective.

Given these considerations, here’s a probabilistic distribution reflecting the likelihood of choosing each option based on the provided criteria:

- **P(A)**: 0.6 (High effectiveness and immediate availability are strong positives, along with a higher cash incentive)
- **P(B)**: 0.3 (Despite lower effectiveness and longer wait time, some might prefer domestic origin or the smaller but present financial incentive)
- **P(C)**: 0.1 (Opting out is the least likely due to the significant benefits of vaccination in terms of health protection)

These probabilities sum to 1, reflecting a complete distribution of choices based on the given factors.",success
10,2,4,"To provide a probabilistic choice among the alternatives, we need to consider several factors such as the immediate availability, effectiveness, side effects, financial incentives, and personal values regarding vaccine origin. Here’s how these might be weighed:

1. **Alternative A (Imported Vaccine with High Effectiveness and Cash Incentive):**
   - Immediate availability is a significant advantage.
   - 95% effectiveness provides strong protection against the virus.
   - The risk of side effects is moderate at 10%, which is acceptable for many people.
   - An 800 RMB cash incentive can be quite appealing, especially if financial considerations are important.

2. **Alternative B (Domestic Vaccine with Moderate Effectiveness and Delayed Availability):**
   - A 3-month waiting period might be a deterrent for those who want immediate protection.
   - 70% effectiveness is lower but still provides some level of protection.
   - The risk of side effects is the same as Alternative A at 10%.
   - A 200 RMB cash incentive is less appealing compared to Alternative A.

3. **Alternative C (No Vaccine):**
   - Opting out means no immediate protection against COVID-19, which can be a significant risk.
   - No financial incentives are provided.
   - This might be chosen by those who have strong concerns about vaccines or prefer natural immunity.

Given these considerations, here is a probabilistic distribution reflecting the likelihood of choosing each alternative:

P(A): 0.6
P(B): 0.3
P(C): 0.1

This distribution suggests that Alternative A (imported vaccine with high effectiveness and a significant cash incentive) is the most likely choice, followed by Alternative B (domestic vaccine with delayed availability), and finally Alternative C (opting out).",success
10,2,5,"When making a decision about which COVID-19 vaccination choice to select, it's important to consider multiple factors including waiting time, vaccine effectiveness, risk of side effects, cash incentives, and personal values or preferences. Here’s an analysis based on the provided alternatives:

### Alternative A:
- **Waiting Time**: Walk-in (no wait) - This is a significant advantage for those who want immediate protection.
- **Vaccine Effectiveness**: 95% - Very high, which provides strong protection against the virus.
- **Risk of Side Effects**: 10% - Moderate risk, but generally acceptable given the high effectiveness.
- **Cash Incentive**: 800 RMB - A substantial financial incentive.
- **Vaccine Origin**: Imported - May be perceived as higher quality or more reliable by some.

### Alternative B:
- **Waiting Time**: 3 months - This is a long wait, which may not be ideal for those who want immediate protection.
- **Vaccine Effectiveness**: 70% - Lower than Alternative A, but still provides good protection.
- **Risk of Side Effects**: 10% - Same as Alternative A.
- **Cash Incentive**: 200 RMB - Lower financial incentive.
- **Vaccine Origin**: Domestic - May be preferred by those who trust domestic products.

### Alternative C:
- **Do not receive the vaccine (opt out)**: This option provides no protection against the virus and no financial incentive. It may be chosen by those who are extremely risk-averse or have strong personal reasons for avoiding vaccination.

### Decision Analysis:
Given the high effectiveness and immediate availability of Alternative A, it seems to offer the best balance of benefits. The substantial cash incentive further adds to its appeal. Alternative B has a lower effectiveness and a longer wait time, making it less attractive despite the domestic origin. Opting out (Alternative C) leaves one vulnerable to the virus without any incentives.

### Probabilities:
Based on the analysis, I would assign probabilities as follows:

- **P(A)**: 0.7 - High probability due to immediate availability, high effectiveness, and substantial financial incentive.
- **P(B)**: 0.2 - Moderate probability for those who prefer a domestic vaccine or are willing to wait for a lower but still significant protection.
- **P(C)**: 0.1 - Low probability as it offers no protection or incentives.

These probabilities sum to 1, reflecting the relative attractiveness of each alternative based on the given information and analysis.",success
10,2,6,"To provide a probabilistic distribution reflecting my choice among these alternatives, I'll consider factors such as vaccine effectiveness, waiting time, side effects, and financial incentives. Here’s a breakdown of the reasoning:

1. **Vaccine Effectiveness**: Higher effectiveness means better protection against COVID-19.
2. **Waiting Time**: Immediate availability can be crucial in a pandemic to ensure timely protection.
3. **Risk of Side Effects**: Both options A and B have the same risk, which simplifies this part of the decision.
4. **Cash Incentive**: Financial incentives can influence decisions, especially for those who value immediate rewards.
5. **Vaccine Origin**: Some may prefer domestic vaccines due to trust or logistical reasons.

Given these considerations:

- **Alternative A** is highly attractive due to its high effectiveness and immediate availability, which outweighs the higher cash incentive of Alternative B and the convenience of not waiting. The imported origin might be a slight concern for some but does not significantly impact the decision.
- **Alternative B** offers less protection (70% vs 95%) and requires a long wait, which is a significant drawback in terms of immediate health benefits. However, it still provides some level of protection and a smaller financial incentive.
- **Alternative C** (not receiving the vaccine) carries the risk of not being protected against COVID-19 at all, which is generally less favorable unless there are strong personal or medical reasons to avoid vaccination.

Based on this analysis, here’s the probabilistic distribution:

P(A): 0.6
P(B): 0.3
P(C): 0.1

This distribution reflects a higher preference for Alternative A due to its immediate availability and high effectiveness, with some consideration given to Alternatives B and C.",success
10,2,7,"When evaluating these alternatives, it's important to consider several factors including the effectiveness of the vaccine, the risk of side effects, waiting time, cash incentives, and personal values such as trust in vaccine origin. Here’s a breakdown of how each factor might influence the decision:

1. **Vaccine Effectiveness**: Higher effectiveness is generally preferred as it provides better protection against COVID-19.
2. **Risk of Side Effects**: Both options A and B have the same risk of side effects, so this doesn't differentiate them significantly.
3. **Waiting Time**: Immediate availability (Alternative A) is more convenient and can provide protection sooner.
4. **Cash Incentive**: The higher cash incentive in Alternative A might be more attractive for some individuals.
5. **Vaccine Origin**: Trust in the origin of the vaccine can vary based on personal or cultural preferences.

Given these considerations, I would distribute the probabilities as follows:

- **Alternative A** offers immediate protection with high effectiveness and a significant financial incentive, which makes it very appealing despite being imported. This option has strong positive attributes that outweigh potential concerns about its origin.
- **Alternative B** is less attractive due to the long waiting time and lower effectiveness, even though it comes from a domestic source and offers some cash incentive.
- **Alternative C** (opting out) should be considered if one has significant concerns about side effects or distrust in vaccines, but given the high risk of COVID-19, this option is generally less advisable.

Based on these factors, here are the probabilities:

P(A): 0.6
P(B): 0.3
P(C): 0.1

These probabilities reflect a strong preference for Alternative A due to its immediate availability, high effectiveness, and significant cash incentive, while still acknowledging that some individuals might prefer waiting or opting out based on personal circumstances or values.",success
10,2,8,"When making a decision like this, it's important to consider various factors including personal health risks, the urgency of protection, financial incentives, and trust in vaccine origins. However, since I'm an AI and don't have personal preferences or health conditions, I'll base my response on a balanced approach considering the effectiveness, risk, waiting time, and financial incentive.

Here's a breakdown:

- **Alternative A**: Offers the highest vaccine effectiveness (95%) with no wait time and a significant cash incentive (800 RMB). The side effect risk is 10%, which is moderate. This option might be most appealing to those who want immediate protection and are willing to accept a higher risk of side effects for better efficacy.
  
- **Alternative B**: Offers lower vaccine effectiveness (70%) with a long waiting time (3 months) and a smaller cash incentive (200 RMB). The side effect risk is the same as in Alternative A. This might be more suitable for those who are not in immediate need of vaccination or have concerns about imported vaccines.

- **Alternative C**: Opting out means no protection against COVID-19, which could be a significant health risk, especially if the virus is spreading widely in the community. This option would only be advisable for individuals with strong contraindications to vaccination or those who are not at high risk of exposure.

Given these considerations, here's a possible distribution of probabilities:

- **P(A): 0.6** (High effectiveness and immediate availability make this a strong choice)
- **P(B): 0.3** (Lower effectiveness and long wait time reduce its appeal, but it still offers some protection)
- **P(C): 0.1** (Opting out is the least favorable due to health risks)

These probabilities reflect a balanced consideration of all factors, with a strong preference for immediate and effective protection.",success
10,2,9,"To provide a probabilistic assessment of which alternative I would choose, considering factors like waiting time, vaccine effectiveness, risk of side effects, cash incentive, and origin, here's a breakdown:

- **Alternative A** offers immediate vaccination with high effectiveness (95%) and a significant cash incentive (800 RMB), despite the 10% risk of side effects. The imported nature might be seen as more reliable in some contexts.
- **Alternative B** has a long waiting period, lower effectiveness (70%), and a smaller cash incentive (200 RMB). However, it shares the same risk of side effects as Alternative A and uses a domestically produced vaccine.
- **Alternative C** involves opting out of vaccination, which carries no immediate risks but also provides no protection against COVID-19 and no financial incentive.

Given these considerations, I would assign probabilities based on the desirability and practicality of each option:

- **P(A): 0.6** - High effectiveness and immediate availability are strong factors.
- **P(B): 0.2** - Lower effectiveness and a longer wait time reduce its appeal.
- **P(C): 0.2** - Opting out is a viable choice for those who do not wish to be vaccinated, but it carries the risk of no protection.

These probabilities reflect a preference for immediate and effective vaccination with a significant incentive, while still acknowledging the valid considerations that might lead someone to choose a delayed or no vaccination option.",success
10,2,10,"When making a decision about vaccination, it's important to consider multiple factors including effectiveness, risk of side effects, waiting time, and any additional incentives. Here’s how I would break down the choices:

### Alternative A:
- **Waiting Time**: Walk-in (no wait) - This is highly favorable as it saves a lot of time.
- **Vaccine Effectiveness**: 95% - This is very high and provides strong protection against COVID-19.
- **Risk of Side Effects**: 10% - This is relatively low and comparable to other options.
- **Cash Incentive**: 800 RMB - A significant financial incentive.
- **Vaccine Origin**: Imported - Some might prefer domestic vaccines, but the high effectiveness outweighs this concern.

### Alternative B:
- **Waiting Time**: 3 months - This is a long wait and could expose you to the risk of infection during that period.
- **Vaccine Effectiveness**: 70% - This is lower compared to Alternative A, providing less protection.
- **Risk of Side Effects**: 10% - Same as Alternative A.
- **Cash Incentive**: 200 RMB - Lower financial incentive.
- **Vaccine Origin**: Domestic - Might be preferred for those who have a preference for domestic products.

### Alternative C:
- **Waiting Time**: N/A
- **Vaccine Effectiveness**: 0% - No protection against COVID-19.
- **Risk of Side Effects**: 0% - No side effects, but no benefits either.
- **Cash Incentive**: 0 RMB - No financial incentive.
- **Vaccine Origin**: N/A

### Decision Making:
Given the factors, Alternative A seems to be the most favorable due to its high effectiveness, immediate availability, and significant cash incentive. Alternative B is less attractive due to the long waiting time and lower effectiveness. Opting out (Alternative C) provides no protection against COVID-19 and no financial benefit.

### Probabilities:
Based on these considerations, here are the probabilities for each alternative:

- **P(A): 0.7**
- **P(B): 0.2**
- **P(C): 0.1**

These probabilities reflect a strong preference for Alternative A, with some consideration given to the other options.",success
11,2,1,"When making a decision about which vaccination option to choose, it's important to consider multiple factors such as the waiting time, vaccine effectiveness, risk of side effects, cash incentive, and personal health considerations. Here’s a probabilistic approach based on these factors:

1. **Waiting Time**: A shorter waiting time is generally more favorable.
2. **Vaccine Effectiveness**: Higher effectiveness is better for protection against the virus.
3. **Risk of Side Effects**: Both options have the same low risk, so this factor is neutral.
4. **Cash Incentive**: A higher cash incentive can be a motivating factor.
5. **Personal Health Considerations**: This includes your current health status and risk tolerance.

Given these considerations, I would assign probabilities as follows:

- **Alternative A**:
  - Short waiting time (1 month)
  - Lower effectiveness (50%)
  - Low risk of side effects (0.1%)
  - Smaller cash incentive (50 RMB)
  - Domestic origin

- **Alternative B**:
  - Longer waiting time (6 months)
  - Higher effectiveness (95%)
  - Low risk of side effects (0.1%)
  - Larger cash incentive (200 RMB)
  - Domestic origin

- **Alternative C**:
  - No vaccine
  - No waiting time
  - No effectiveness
  - No risk of side effects
  - No cash incentive

### Probabilities:

- **P(A)**: 0.3
  - Reasoning: The shorter waiting time is a significant advantage, but the lower effectiveness and smaller cash incentive make it less attractive compared to B.

- **P(B)**: 0.5
  - Reasoning: The higher effectiveness and larger cash incentive are strong motivators, despite the longer waiting time.

- **P(C)**: 0.2
  - Reasoning: Opting out is a valid choice for those who have concerns about vaccines or prefer to wait for more information, but it offers no protection against the virus.

These probabilities reflect a balanced consideration of all factors and sum to 1.",success
11,2,2,"To determine which alternative I would choose, I'll consider several factors including waiting time, effectiveness, risk of side effects, cash incentive, and the overall benefit of vaccination. Here’s a step-by-step reasoning process:

1. **Waiting Time**: Shorter waiting times are generally more favorable as they provide protection sooner.
2. **Vaccine Effectiveness**: Higher effectiveness means better protection against the virus.
3. **Risk of Side Effects**: The risk is the same (0.1%) for both vaccines, so this factor doesn't differentiate them.
4. **Cash Incentive**: A higher cash incentive can be a motivator, but it's usually secondary to health benefits.
5. **Vaccine Origin**: Both are domestic, so origin does not influence the decision.

### Alternative A
- **Waiting Time**: 1 month (short)
- **Effectiveness**: 50% (moderate)
- **Risk of Side Effects**: 0.1% (low)
- **Cash Incentive**: 50 RMB (moderate)
- **Vaccine Origin**: Domestic

### Alternative B
- **Waiting Time**: 6 months (long)
- **Effectiveness**: 95% (high)
- **Risk of Side Effects**: 0.1% (low)
- **Cash Incentive**: 200 RMB (high)
- **Vaccine Origin**: Domestic

### Alternative C
- **Waiting Time**: N/A
- **Effectiveness**: 0% (no protection)
- **Risk of Side Effects**: 0% (no side effects)
- **Cash Incentive**: 0 RMB (no incentive)
- **Vaccine Origin**: N/A

### Decision Making
- **Alternative A** provides immediate protection, which is valuable in a pandemic. However, the effectiveness is only 50%, which might not be sufficient for high-risk individuals.
- **Alternative B** offers much higher protection (95%) but requires waiting six months, during which time there is no protection.
- **Alternative C** means no protection at all, which is generally not advisable unless there are specific health reasons to avoid vaccination.

Given the trade-offs, I would assign probabilities as follows:

- **P(A)**: 0.4 (Moderate effectiveness but immediate protection and a moderate incentive)
- **P(B)**: 0.5 (High effectiveness and a significant incentive, despite the long wait)
- **P(C)**: 0.1 (Opting out is generally not recommended due to lack of protection)

These probabilities sum to 1, reflecting my evaluation of the alternatives based on the given factors.",success
11,2,3,"Choosing among these alternatives involves weighing various factors such as waiting time, effectiveness, side effects, and incentives. Given the options:

- **Alternative A** offers a shorter wait but lower effectiveness with a small cash incentive.
- **Alternative B** has a longer wait but higher effectiveness and a larger cash incentive.
- **Alternative C** is opting out entirely.

To provide probabilities that sum to 1, I'll consider the following reasoning:

1. **Effectiveness**: Higher effectiveness (95%) in Alternative B is significantly more desirable compared to 50% in Alternative A, especially for a disease like COVID-19.
2. **Waiting Time**: While waiting for 6 months might be inconvenient, the higher effectiveness of Alternative B justifies this wait.
3. **Risk of Side Effects**: The risk of side effects is the same (0.1%) for both vaccines, so it doesn't influence the decision much.
4. **Cash Incentive**: A larger cash incentive in Alternative B (200 RMB) compared to 50 RMB in Alternative A might be more attractive.
5. **Vaccine Origin**: Both are domestic, so this factor is neutral.

Given these considerations, I would assign the probabilities as follows:

- **P(A)**: 0.1 (Lower effectiveness and shorter wait time make it less appealing)
- **P(B)**: 0.7 (Higher effectiveness and larger cash incentive make it the most appealing)
- **P(C)**: 0.2 (Opting out is a valid choice for some, but given the benefits of vaccination, it's less likely)

Thus:

P(A): 0.1
P(B): 0.7
P(C): 0.2",success
11,2,4,"When making a decision regarding COVID-19 vaccination, it's important to consider multiple factors such as the waiting time, vaccine effectiveness, risk of side effects, cash incentives, and personal values. Here’s an analysis based on these criteria:

### Alternative A:
- **Waiting Time:** 1 month (shorter)
- **Vaccine Effectiveness:** 50% (moderate)
- **Risk of Side Effects:** 0.1% (low)
- **Cash Incentive:** 50 RMB
- **Vaccine Origin:** Domestic

### Alternative B:
- **Waiting Time:** 6 months (longer)
- **Vaccine Effectiveness:** 95% (high)
- **Risk of Side Effects:** 0.1% (low)
- **Cash Incentive:** 200 RMB
- **Vaccine Origin:** Domestic

### Alternative C:
- **Do not receive the vaccine** (opt out)

### Decision Analysis:

1. **Waiting Time:**
   - Shorter waiting time is generally more favorable as it reduces the period of vulnerability to the virus.
   - Alternative A has a much shorter waiting time compared to B.

2. **Vaccine Effectiveness:**
   - Higher effectiveness means better protection against the virus.
   - Alternative B offers significantly higher effectiveness (95%) compared to A (50%).

3. **Risk of Side Effects:**
   - Both alternatives have the same low risk of side effects (0.1%), so this factor is neutral.

4. **Cash Incentive:**
   - Cash incentives can be a motivating factor, especially for those who value immediate financial benefits.
   - Alternative B offers a higher cash incentive (200 RMB) compared to A (50 RMB).

5. **Personal Values and Preferences:**
   - Some individuals may prioritize immediate protection over long-term effectiveness.
   - Others might prefer the highest possible protection, even if it means waiting longer.

### Probabilities:

Given these considerations, I would assign probabilities as follows:

- **P(A): 0.3** (Moderate probability due to shorter waiting time and moderate effectiveness)
- **P(B): 0.5** (Higher probability due to high effectiveness and higher cash incentive, despite longer waiting time)
- **P(C): 0.2** (Lower probability as opting out leaves one vulnerable to the virus)

These probabilities reflect a balanced consideration of all factors, with a slight preference for the long-term benefits provided by Alternative B.",success
11,2,5,"Choosing a vaccination option involves weighing multiple factors, including effectiveness, waiting time, side effects, and incentives. Here's an analysis of the options:

- **Alternative A**: This has a relatively low waiting time but also lower effectiveness. The side effect risk is minimal, and there is a small cash incentive.
- **Alternative B**: This offers significantly higher effectiveness but requires a much longer wait. It also has a minimal side effect risk and a larger cash incentive.
- **Alternative C**: Opting out means no vaccine, which could leave you more vulnerable to the virus, but it avoids any risks or inconveniences associated with vaccination.

Given these considerations, if I were to assign probabilities based on a typical individual's preferences for minimizing health risks while also considering time and financial incentives, it might look something like this:

- **P(A): 0.2** - Some people might prefer the quicker option despite lower effectiveness due to immediate protection needs or inconvenience of waiting.
- **P(B): 0.7** - Most individuals would likely choose this option for its high effectiveness, which is crucial in a health crisis, and the significant cash incentive could also be a strong motivator.
- **P(C): 0.1** - A smaller segment might opt out due to personal beliefs, concerns about vaccines, or other reasons.

These probabilities reflect a general approach considering both health benefits and practical considerations. However, individual choices can vary widely based on personal circumstances and values.",success
11,2,6,"When evaluating the options for COVID-19 vaccination, it's important to consider multiple factors such as vaccine effectiveness, waiting time, risk of side effects, and personal incentives. Here’s a breakdown of how these factors might influence the decision:

### Alternative A:
- **Waiting Time:** 1 month (shorter wait)
- **Vaccine Effectiveness:** 50% (moderate protection)
- **Risk of Side Effects:** 0.1% (very low risk)
- **Cash Incentive:** 50 RMB (small incentive)
- **Vaccine Origin:** Domestic

### Alternative B:
- **Waiting Time:** 6 months (longer wait)
- **Vaccine Effectiveness:** 95% (high protection)
- **Risk of Side Effects:** 0.1% (very low risk)
- **Cash Incentive:** 200 RMB (larger incentive)
- **Vaccine Origin:** Domestic

### Alternative C:
- **Do not receive the vaccine (opt out):**
- **Waiting Time:** N/A
- **Vaccine Effectiveness:** 0% (no protection)
- **Risk of Side Effects:** 0% (no risk)
- **Cash Incentive:** 0 RMB (no incentive)
- **Vaccine Origin:** N/A

### Decision Analysis:
1. **Effectiveness and Waiting Time:**
   - Alternative A offers moderate protection but with a shorter waiting time.
   - Alternative B provides high protection but requires a much longer wait.

2. **Risk of Side Effects:**
   - Both vaccines have the same low risk of side effects (0.1%).

3. **Cash Incentive:**
   - Alternative B has a higher cash incentive, which might be more attractive.
   - Alternative A offers a smaller but still positive incentive.

4. **Personal Values and Circumstances:**
   - If immediate protection is crucial, Alternative A might be preferred.
   - If long-term high protection is more important, Alternative B might be the better choice.
   - Opting out (Alternative C) should only be considered if there are strong personal or health reasons against vaccination.

### Probabilities:
Given these considerations, I would assign probabilities as follows:

- **P(A):** 0.3
- **P(B):** 0.5
- **P(C):** 0.2

These probabilities reflect a higher preference for the high-protection vaccine (B) with a moderate consideration for immediate protection (A) and a low but non-zero probability of opting out (C).",success
11,2,7,"To provide a probabilistic choice among the given alternatives, I'll consider factors such as waiting time, vaccine effectiveness, risk of side effects, and cash incentives. Here's a breakdown of how these factors might influence the decision:

1. **Vaccine Effectiveness**: Higher effectiveness is generally preferred to reduce the likelihood of contracting COVID-19.
2. **Waiting Time**: A shorter waiting time means earlier protection against the virus.
3. **Risk of Side Effects**: The risk of side effects is the same for both vaccines (0.1%), so this factor does not differentiate between them.
4. **Cash Incentive**: A higher cash incentive might be a motivating factor, especially if it can help offset other costs or provide immediate financial benefit.

Given these considerations, here's how I would distribute the probabilities:

- **Alternative A**:
  - Pros: Short waiting time (1 month), early protection.
  - Cons: Lower effectiveness (50%), lower cash incentive (50 RMB).
  - Probability: 0.2

- **Alternative B**:
  - Pros: High effectiveness (95%), higher cash incentive (200 RMB).
  - Cons: Long waiting time (6 months), delayed protection.
  - Probability: 0.7

- **Alternative C**:
  - Pros: No immediate health risks or side effects, no need to wait.
  - Cons: No protection against COVID-19, potential long-term health risks.
  - Probability: 0.1

Thus, the probabilities are:

P(A): 0.2  
P(B): 0.7  
P(C): 0.1  

These probabilities reflect a preference for higher vaccine effectiveness and cash incentives, while also considering the importance of early protection.",success
11,2,8,"To provide a probabilistic assessment of which alternative I might choose, it's important to consider the key factors for each option:

- **Waiting Time**: Shorter waiting times are generally more favorable.
- **Vaccine Effectiveness**: Higher effectiveness reduces the risk of contracting COVID-19.
- **Risk of Side Effects**: Lower risks are preferred, but in this case, all options have the same risk.
- **Cash Incentive**: Financial incentives can be a significant factor for some individuals.
- **Vaccine Origin**: Since all vaccines are domestic, this doesn't differentiate between the choices.

Given these factors, here's a probabilistic distribution based on their relative importance:

1. **Alternative A**:
   - Short waiting time (1 month) is highly favorable.
   - Lower effectiveness (50%) but with a small cash incentive (50 RMB).

2. **Alternative B**:
   - Much longer waiting time (6 months), which could be a significant drawback.
   - Very high effectiveness (95%) and a larger cash incentive (200 RMB).

3. **Alternative C**:
   - No vaccine means no protection against COVID-19, but also no side effects or waiting time.

Considering the balance between immediate availability, effectiveness, and financial incentives, I would assign probabilities as follows:

- **P(A)**: 0.4
- **P(B)**: 0.5
- **P(C)**: 0.1

This distribution reflects a higher preference for Alternative B due to its high effectiveness and larger cash incentive, despite the longer waiting time. Alternative A is still attractive due to its shorter wait, and a small probability is assigned to not receiving the vaccine (Alternative C) as it offers no protection against the virus.",success
11,2,9,"When evaluating the alternatives for COVID-19 vaccination, it's important to consider several factors such as waiting time, vaccine effectiveness, risk of side effects, cash incentives, and personal health values. Here’s a breakdown of how each alternative might be perceived:

### Alternative A:
- **Waiting Time:** 1 month (short)
- **Vaccine Effectiveness:** 50% (moderate)
- **Risk of Side Effects:** 0.1% (very low)
- **Cash Incentive:** 50 RMB (small)
- **Vaccine Origin:** Domestic

### Alternative B:
- **Waiting Time:** 6 months (long)
- **Vaccine Effectiveness:** 95% (high)
- **Risk of Side Effects:** 0.1% (very low)
- **Cash Incentive:** 200 RMB (moderate)
- **Vaccine Origin:** Domestic

### Alternative C:
- **Do Not Receive the Vaccine:**
- **No Waiting Time**
- **No Vaccine Effectiveness**
- **No Risk of Side Effects**
- **No Cash Incentive**

### Decision Factors:
1. **Vaccine Effectiveness:** A 95% effective vaccine (B) is significantly more desirable than a 50% effective one (A).
2. **Waiting Time:** Waiting for 6 months (B) is a long time, which might be a deterrent.
3. **Risk of Side Effects:** Both vaccines have the same low risk of side effects (0.1%), so this factor is neutral.
4. **Cash Incentive:** A higher cash incentive (200 RMB for B vs 50 RMB for A) could be more attractive, but it might not outweigh the other factors.
5. **Personal Health Values:** The decision to opt out (C) depends on individual health beliefs and risk tolerance.

### Probabilities:
Given these considerations, I would assign probabilities based on a balanced evaluation of the factors:

- **P(A):** 0.20
  - Short waiting time is attractive, but lower effectiveness might be a deterrent.
- **P(B):** 0.65
  - High effectiveness and moderate cash incentive make this the most appealing option despite the long wait.
- **P(C):** 0.15
  - Opting out is a valid choice for those who are risk-averse or have strong personal beliefs against vaccination.

These probabilities sum to 1, reflecting the relative attractiveness of each alternative based on the given factors.",success
11,2,10,"When evaluating the choices, it's important to consider multiple factors including the waiting time, vaccine effectiveness, risk of side effects, cash incentive, and personal health beliefs. Here’s a breakdown of how these factors might influence the decision:

1. **Waiting Time**: A shorter waiting time is generally more favorable as it means you can gain protection sooner.
2. **Vaccine Effectiveness**: Higher effectiveness is crucial for providing better protection against the virus.
3. **Risk of Side Effects**: Both alternatives have the same risk, which is low (0.1%).
4. **Cash Incentive**: While the cash incentive can be a motivator, it should not outweigh health considerations.
5. **Personal Health Beliefs and Risk Tolerance**: This includes your personal comfort with vaccines and your assessment of the risks associated with getting or not getting vaccinated.

Given these factors, here’s how I would distribute the probabilities:

- **Alternative A**: The vaccine is available sooner, which might be important if you are in a high-risk environment. However, the effectiveness is relatively low at 50%, which might not provide sufficient protection.
- **Alternative B**: This option has a much higher effectiveness (95%), which provides better protection. The waiting time is longer (6 months), but this might be acceptable given the significant increase in effectiveness.
- **Alternative C**: Opting out means no immediate risk from the vaccine, but it also leaves you unprotected against the virus, which could be a significant health risk.

Based on these considerations, here are the probabilities:

P(A): 0.2
P(B): 0.7
P(C): 0.1

These probabilities reflect a higher preference for Alternative B due to its high effectiveness, with some consideration given to the immediate availability of Alternative A and a small chance of opting out (Alternative C) if personal health beliefs strongly influence the decision.",success
12,2,1,"When making a decision about which COVID-19 vaccination choice to select, it's important to weigh the various factors such as waiting time, vaccine effectiveness, risk of side effects, cash incentive, and personal values. Here’s a breakdown of how these factors might influence the decision:

### Alternative A:
- **Waiting Time**: 6 months (longer wait)
- **Vaccine Effectiveness**: 95% (highly effective)
- **Risk of Side Effects**: 1% (low risk)
- **Cash Incentive**: 800 RMB (significant financial incentive)
- **Vaccine Origin**: Imported

### Alternative B:
- **Waiting Time**: 1 month (shorter wait)
- **Vaccine Effectiveness**: 50% (moderate effectiveness)
- **Risk of Side Effects**: 1% (low risk)
- **Cash Incentive**: 50 RMB (minimal financial incentive)
- **Vaccine Origin**: Imported

### Alternative C:
- **Do Not Receive the Vaccine**
- **Waiting Time**: N/A
- **Vaccine Effectiveness**: 0% (no protection)
- **Risk of Side Effects**: 0% (no risk)
- **Cash Incentive**: 0 RMB
- **Vaccine Origin**: N/A

### Decision Analysis:
1. **Effectiveness and Risk**: Alternative A offers the highest effectiveness at 95%, which is crucial for preventing severe illness. Both A and B have a low risk of side effects (1%), making this factor less decisive.
2. **Waiting Time**: The longer wait time for A might be a significant deterrent, especially if there is an immediate need for protection or travel plans.
3. **Cash Incentive**: The 800 RMB incentive in Alternative A is substantial and could be a strong motivator, while the 50 RMB in B is minimal.
4. **Personal Values**: Some individuals might prioritize immediate protection (B) over waiting for a more effective vaccine (A), or they might opt out entirely if they have concerns about vaccines (C).

### Probabilities:
Given these factors, here are the probabilities I would assign to each alternative:

- **P(A)**: 0.5
- **P(B)**: 0.3
- **P(C)**: 0.2

These probabilities reflect a higher likelihood of choosing Alternative A due to its high effectiveness and significant financial incentive, but also acknowledge the value of immediate protection (B) and the option to opt out (C) for those who are uncertain about vaccination.

### Final Answer:
P(A): 0.5
P(B): 0.3
P(C): 0.2",success
12,2,2,"When evaluating the alternatives for COVID-19 vaccination, it's important to consider multiple factors such as waiting time, vaccine effectiveness, risk of side effects, cash incentives, and personal health beliefs. Here’s a breakdown of each alternative:

### Alternative A:
- **Waiting Time:** 6 months (long wait)
- **Vaccine Effectiveness:** 95% (very high)
- **Risk of Side Effects:** 1% (low)
- **Cash Incentive:** 800 RMB (high)
- **Vaccine Origin:** Imported

### Alternative B:
- **Waiting Time:** 1 month (short wait)
- **Vaccine Effectiveness:** 50% (moderate)
- **Risk of Side Effects:** 1% (low)
- **Cash Incentive:** 50 RMB (low)
- **Vaccine Origin:** Imported

### Alternative C:
- **Do Not Receive the Vaccine:**
- **Waiting Time:** N/A
- **Vaccine Effectiveness:** 0% (no protection)
- **Risk of Side Effects:** 0% (no side effects from vaccine)
- **Cash Incentive:** 0 RMB
- **Vaccine Origin:** N/A

### Decision Factors:
1. **Waiting Time:** A shorter waiting time is generally preferred to gain protection sooner.
2. **Vaccine Effectiveness:** Higher effectiveness means better protection against the virus.
3. **Risk of Side Effects:** Both alternatives have a low risk, so this factor is less critical.
4. **Cash Incentive:** Financial incentives can be a motivator for some individuals.
5. **Personal Health Beliefs and Risk Tolerance:** Personal beliefs about vaccines and tolerance for risk also play a role.

### Probabilities:
Given the factors above, I would assign probabilities based on the balance of these considerations:

- **P(A): 0.4**
  - High effectiveness and high cash incentive are strong positives, but the long waiting time is a significant negative.
  
- **P(B): 0.35**
  - Shorter waiting time and moderate effectiveness make this a reasonable choice, though the lower cash incentive is a drawback.
  
- **P(C): 0.25**
  - Opting out means no protection, which is a significant risk, but it might be chosen by those who are very risk-averse or have strong personal beliefs against vaccination.

These probabilities sum to 1 and reflect a balanced consideration of the pros and cons of each alternative.",success
12,2,3,"To make a decision, let's evaluate each alternative based on the criteria provided:

### Alternative A:
- **Waiting time:** 6 months (long wait)
- **Vaccine effectiveness:** 95% (very high)
- **Risk of side effects:** 1% (low)
- **Cash incentive:** 800 RMB (high)
- **Vaccine origin:** Imported

### Alternative B:
- **Waiting time:** 1 month (short wait)
- **Vaccine effectiveness:** 50% (moderate)
- **Risk of side effects:** 1% (low)
- **Cash incentive:** 50 RMB (low)
- **Vaccine origin:** Imported

### Alternative C:
- **Do not receive the vaccine:**
- **Waiting time:** N/A
- **Vaccine effectiveness:** 0% (no protection)
- **Risk of side effects:** 0% (no risk from the vaccine itself, but higher risk from the disease)
- **Cash incentive:** 0 RMB
- **Vaccine origin:** N/A

### Evaluation:
1. **Waiting Time:**
   - Alternative A has a long wait time, which might be a significant inconvenience.
   - Alternative B has a short wait time, making it more immediate and convenient.

2. **Vaccine Effectiveness:**
   - Alternative A offers very high effectiveness, providing strong protection against the virus.
   - Alternative B offers moderate effectiveness, which is still beneficial but less protective than A.

3. **Risk of Side Effects:**
   - Both A and B have a low risk of side effects (1%), making this factor relatively neutral between the two.

4. **Cash Incentive:**
   - Alternative A provides a high cash incentive, which could be a significant financial benefit.
   - Alternative B offers a much lower cash incentive, which might not be as motivating.

5. **Vaccine Origin:**
   - Both A and B are imported vaccines, so the origin is neutral between the two.

### Decision:
- **Alternative A** is attractive due to its high effectiveness and substantial cash incentive, despite the long wait time.
- **Alternative B** is more immediate but offers less protection and a lower financial benefit.
- **Alternative C** involves no risk from the vaccine but leaves you unprotected against the virus, which could be risky given the ongoing pandemic.

### Probabilities:
Given the evaluation, I would assign probabilities as follows:

- **P(A): 0.6**
  - High effectiveness and significant cash incentive make this a strong choice.
- **P(B): 0.3**
  - Immediate availability is a plus, but lower effectiveness and minimal financial benefit reduce its appeal.
- **P(C): 0.1**
  - Opting out leaves you unprotected, which is the least favorable option.

These probabilities sum to 1, reflecting the relative strengths and weaknesses of each alternative.",success
12,2,4,"When making a decision about COVID-19 vaccination, it's important to weigh the benefits and risks associated with each option. Here’s an analysis of the three alternatives:

### Alternative A:
- **Waiting time:** 6 months (longer wait but higher effectiveness)
- **Vaccine effectiveness:** 95% (highly effective)
- **Risk of side effects:** 1% (low risk)
- **Cash incentive:** 800 RMB (substantial financial incentive)
- **Vaccine origin:** Imported

### Alternative B:
- **Waiting time:** 1 month (shorter wait but lower effectiveness)
- **Vaccine effectiveness:** 50% (moderate effectiveness)
- **Risk of side effects:** 1% (low risk)
- **Cash incentive:** 50 RMB (minimal financial incentive)
- **Vaccine origin:** Imported

### Alternative C:
- **Do not receive the vaccine (opt out)**
- **Waiting time:** N/A
- **Vaccine effectiveness:** 0%
- **Risk of side effects:** 0% (no risk of side effects from the vaccine, but higher risk of contracting COVID-19)
- **Cash incentive:** 0 RMB
- **Vaccine origin:** N/A

### Decision Analysis:
1. **Effectiveness and Risk:**
   - Alternative A offers a high level of protection (95%) with a low risk of side effects (1%). This is the most effective option in terms of preventing COVID-19.
   - Alternative B provides moderate protection (50%) with the same low risk of side effects. It's less effective but available sooner.
   - Opting out leaves you without any vaccine-induced protection, which increases the risk of contracting and potentially spreading the virus.

2. **Waiting Time:**
   - Waiting 6 months for Alternative A might be a significant delay, especially if there are concerns about the current spread of the virus.
   - Alternative B is available in just 1 month, which could be more appealing if you want to get vaccinated sooner.

3. **Financial Incentive:**
   - The cash incentive for Alternative A (800 RMB) is substantial and could be a significant factor for some individuals.
   - The cash incentive for Alternative B (50 RMB) is minimal and might not influence the decision as much.

4. **Personal Values and Circumstances:**
   - Personal health status, risk of exposure to COVID-19, and financial situation can also play a role in the decision-making process.

### Probabilistic Decision:
Given the analysis, I would assign probabilities based on the relative importance of each factor:

- **P(A): 0.6** (High effectiveness, significant incentive, but longer wait)
- **P(B): 0.3** (Moderate effectiveness, shorter wait, minimal incentive)
- **P(C): 0.1** (No protection, no risk from the vaccine, but higher risk of contracting COVID-19)

These probabilities reflect a preference for high effectiveness and financial incentives, while still considering the importance of getting vaccinated sooner to reduce the risk of infection.",success
12,2,5,"When making a decision like this, it's important to weigh the various factors such as waiting time, vaccine effectiveness, risk of side effects, cash incentive, and personal beliefs about vaccination. Here’s how I would evaluate each alternative:

### Alternative A:
- **Waiting Time:** 6 months (longer wait)
- **Vaccine Effectiveness:** 95% (very high)
- **Risk of Side Effects:** 1% (low)
- **Cash Incentive:** 800 RMB (substantial)
- **Vaccine Origin:** Imported

### Alternative B:
- **Waiting Time:** 1 month (short wait)
- **Vaccine Effectiveness:** 50% (moderate)
- **Risk of Side Effects:** 1% (low)
- **Cash Incentive:** 50 RMB (minimal)
- **Vaccine Origin:** Imported

### Alternative C:
- **Do not receive the vaccine (opt out)**

### Decision Making:
1. **Effectiveness and Risk:**
   - A 95% effective vaccine is significantly more protective against COVID-19 compared to a 50% effective vaccine.
   - Both have a 1% risk of side effects, which is low.

2. **Waiting Time:**
   - Waiting 6 months for Alternative A might be a significant delay, especially if the virus is spreading rapidly in your community.
   - Waiting 1 month for Alternative B is much more immediate and could provide protection sooner.

3. **Cash Incentive:**
   - 800 RMB is a substantial incentive and could be a deciding factor for some individuals.
   - 50 RMB is minimal and might not influence the decision as much.

4. **Personal Beliefs and Context:**
   - If you believe in the importance of vaccination to protect yourself and others, this might tip the balance towards getting vaccinated.
   - The context of the pandemic (e.g., local infection rates, personal risk factors) should also be considered.

### Probabilities:
Given the above considerations, here’s a possible distribution of probabilities:

- **P(A): 0.4**
  - High effectiveness and substantial cash incentive are strong positives, but the long waiting time is a significant drawback.
  
- **P(B): 0.5**
  - Short waiting time and immediate protection make this a compelling choice, despite lower effectiveness and minimal cash incentive.

- **P(C): 0.1**
  - Opting out might be a choice for those who are very risk-averse or have strong personal beliefs against vaccination, but it is the least likely given the benefits of vaccination.

These probabilities sum to 1 and reflect a balanced consideration of all factors.",success
12,2,6,"When making a decision like this, it's important to consider various factors such as the waiting time, vaccine effectiveness, risk of side effects, cash incentive, and personal health priorities. Here’s a breakdown of how these factors might influence the decision:

### Alternative A:
- **Waiting Time**: 6 months (long wait, but potentially worth it for higher effectiveness)
- **Vaccine Effectiveness**: 95% (very high, significantly reduces risk of infection)
- **Risk of Side Effects**: 1% (low risk, manageable)
- **Cash Incentive**: 800 RMB (substantial financial incentive)
- **Vaccine Origin**: Imported (may be trusted for quality)

### Alternative B:
- **Waiting Time**: 1 month (short wait, more immediate protection)
- **Vaccine Effectiveness**: 50% (moderate effectiveness, still reduces risk but not as much as A)
- **Risk of Side Effects**: 1% (low risk, manageable)
- **Cash Incentive**: 50 RMB (minimal financial incentive)
- **Vaccine Origin**: Imported (may be trusted for quality)

### Alternative C:
- **Do Not Receive the Vaccine**:
- No waiting time
- No vaccine effectiveness (no protection against COVID-19)
- No risk of side effects (but higher risk of infection)
- No cash incentive

Given these considerations, here’s a possible distribution of probabilities based on a balanced approach:

- **P(A)**: 0.6 (High effectiveness and substantial financial incentive make it the most attractive option despite the long wait)
- **P(B)**: 0.3 (Shorter waiting time and moderate effectiveness make it a reasonable choice, especially for those who need protection sooner)
- **P(C)**: 0.1 (Opting out is less likely due to the lack of protection against COVID-19)

These probabilities reflect a preference for higher effectiveness and financial incentives while considering the urgency of protection. The distribution can be adjusted based on personal health priorities and risk tolerance.",success
12,2,7,"When making a decision about which COVID-19 vaccination choice to select, we need to consider multiple factors such as waiting time, vaccine effectiveness, risk of side effects, cash incentive, and personal values. Here’s how I would weigh these options:

### Alternative A:
- **Waiting time**: 6 months (long wait)
- **Vaccine effectiveness**: 95% (very high)
- **Risk of side effects**: 1% (low)
- **Cash incentive**: 800 RMB (high)
- **Vaccine origin**: Imported

### Alternative B:
- **Waiting time**: 1 month (short wait)
- **Vaccine effectiveness**: 50% (moderate)
- **Risk of side effects**: 1% (low)
- **Cash incentive**: 50 RMB (low)
- **Vaccine origin**: Imported

### Alternative C:
- **Do not receive the vaccine (opt out)**

### Decision Analysis:

1. **Waiting Time**:
   - A longer waiting time means a higher risk of exposure to the virus, which could be significant if the virus is highly prevalent.
   - Shorter waiting times reduce this risk.

2. **Vaccine Effectiveness**:
   - Higher effectiveness (95%) provides much better protection against the virus.
   - Moderate effectiveness (50%) still offers some protection but is less reliable.

3. **Risk of Side Effects**:
   - Both alternatives A and B have a 1% risk of side effects, which is low and similar for both.

4. **Cash Incentive**:
   - A higher cash incentive (800 RMB) can be a significant motivator.
   - A lower cash incentive (50 RMB) might not be as motivating.

5. **Personal Values**:
   - The decision to vaccinate or not also depends on personal values, such as the importance of health, financial considerations, and trust in imported vaccines.

### Probabilistic Decision:

Given these factors, I would assign probabilities based on a balanced consideration of all aspects:

- **P(A)**: 0.4 (High effectiveness and high cash incentive, but long wait)
- **P(B)**: 0.5 (Shorter wait and moderate effectiveness, with low risk of side effects)
- **P(C)**: 0.1 (Opting out is a less favorable option due to the lack of protection)

These probabilities sum to 1 and reflect a preference for alternatives that provide better protection and more immediate benefits, while still considering the importance of waiting time and financial incentives.",success
12,2,8,"When making a decision regarding COVID-19 vaccination, it's important to consider several factors including the waiting time, vaccine effectiveness, risk of side effects, and any incentives offered. Here’s an analysis based on the provided alternatives:

### Alternative A:
- **Waiting Time:** 6 months (long wait but might be worth it for higher efficacy)
- **Vaccine Effectiveness:** 95% (very high)
- **Risk of Side Effects:** 1% (low)
- **Cash Incentive:** 800 RMB (significant financial incentive)
- **Vaccine Origin:** Imported (may have more stringent quality control)

### Alternative B:
- **Waiting Time:** 1 month (short wait, immediate protection)
- **Vaccine Effectiveness:** 50% (moderate, less effective than A)
- **Risk of Side Effects:** 1% (low)
- **Cash Incentive:** 50 RMB (minimal financial incentive)
- **Vaccine Origin:** Imported

### Alternative C:
- **Do not receive the vaccine:**
- **No waiting time, no effectiveness, no risk of side effects, no cash incentive**

### Decision Analysis:
1. **Waiting Time vs. Effectiveness:**
   - Waiting 6 months for a highly effective vaccine (95%) might be worth it if you are in a low-risk environment during the wait.
   - A 1-month wait for a less effective vaccine (50%) might be more appealing if immediate protection is needed.

2. **Risk of Side Effects:**
   - Both vaccines have a 1% risk of side effects, which is relatively low and similar between the two options.

3. **Cash Incentive:**
   - The cash incentive for Alternative A (800 RMB) is significantly higher than that for Alternative B (50 RMB), which could be a deciding factor for some individuals.

4. **Vaccine Origin:**
   - Both vaccines are imported, suggesting similar quality control standards.

### Probabilities:
Given the factors above, here’s how I would distribute the probabilities:

- **P(A): 0.6** (High effectiveness and significant financial incentive make this a strong choice)
- **P(B): 0.3** (Immediate protection with low risk of side effects, but less effective and lower incentive)
- **P(C): 0.1** (Opting out is a valid choice for those who prefer no intervention, but it carries the highest risk in terms of potential infection)

These probabilities reflect a weighted decision based on the provided factors, emphasizing the balance between effectiveness, waiting time, and financial incentives.",success
12,2,9,"When evaluating the alternatives for COVID-19 vaccination, we need to consider various factors including waiting time, vaccine effectiveness, risk of side effects, cash incentive, and personal values. Here’s a probabilistic distribution based on a balanced consideration of these factors:

### Factors Considered:
1. **Waiting Time**: Longer waiting times might be less favorable for those who want protection sooner.
2. **Vaccine Effectiveness**: Higher effectiveness is generally more desirable.
3. **Risk of Side Effects**: Both options have the same risk, so this factor is neutral.
4. **Cash Incentive**: A higher cash incentive can be a significant motivator.
5. **Personal Values and Risk Tolerance**: Some might prefer to avoid vaccination entirely due to personal beliefs or health concerns.

### Probabilistic Distribution:
- **Alternative A** (6 months, 95% effectiveness, 1% side effects, 800 RMB, Imported):
  - High effectiveness and a substantial cash incentive make this option very attractive.
  - However, the long waiting time is a significant drawback.
  - Probability: 0.4

- **Alternative B** (1 month, 50% effectiveness, 1% side effects, 50 RMB, Imported):
  - Shorter waiting time and immediate protection are strong points.
  - Lower effectiveness and minimal cash incentive reduce its appeal.
  - Probability: 0.3

- **Alternative C** (Do not receive the vaccine):
  - Opting out might be preferred by those who are risk-averse or have concerns about vaccines.
  - Probability: 0.3

### Final Probabilities:
P(A): 0.4
P(B): 0.3
P(C): 0.3

These probabilities reflect a balanced consideration of the factors involved, with Alternative A being the most likely choice due to its high effectiveness and significant cash incentive, despite the long waiting time.",success
12,2,10,"To provide a probabilistic choice, I need to consider the relative importance of each factor for an average decision-maker. Here's how we can break it down:

- **Waiting Time:** Shorter waiting time is generally preferred.
- **Vaccine Effectiveness:** Higher effectiveness is more desirable as it provides better protection against COVID-19.
- **Risk of Side Effects:** The risk of side effects is the same for both options A and B, so this factor does not differentiate between them.
- **Cash Incentive:** A higher cash incentive can be a significant motivator for some individuals.
- **Vaccine Origin:** Both vaccines are imported, so this factor is neutral.

Given these considerations:

1. **Alternative A** offers the highest effectiveness (95%) and a substantial cash incentive (800 RMB), but it has the longest waiting time (6 months).
2. **Alternative B** provides immediate access to the vaccine with a shorter waiting time (1 month) but lower effectiveness (50%) and a much smaller cash incentive (50 RMB).
3. **Alternative C** involves no waiting, no side effects, and no risk of infection from the vaccine itself, but it leaves the individual unprotected against COVID-19.

Given these trade-offs, a reasonable distribution of probabilities might be:

- **P(A): 0.4** (High effectiveness and significant cash incentive, despite long wait)
- **P(B): 0.3** (Immediate protection, though less effective, with minimal financial reward)
- **P(C): 0.3** (No risks from the vaccine, but no protection against COVID-19)

These probabilities reflect a balanced consideration of all factors, assuming an average individual's preferences. Adjustments can be made based on personal risk tolerance and specific circumstances.",success
13,3,1,"When making a decision about which vaccination option to choose, it's important to consider several factors including the waiting time, vaccine effectiveness, risk of side effects, cash incentives, and personal values. Here’s how I would break down the probabilities based on these factors:

1. **Waiting Time**: A shorter waiting time is generally more favorable.
2. **Vaccine Effectiveness**: Higher effectiveness is better for reducing the risk of contracting COVID-19.
3. **Risk of Side Effects**: Lower risk is preferable to minimize potential health issues.
4. **Cash Incentive**: While financial incentives can be attractive, they should not outweigh health considerations.
5. **Personal Values and Preferences**: Some may prefer domestic vaccines over imported ones due to trust or other personal reasons.

Given these factors, here’s a possible distribution of probabilities:

- **Alternative A**:
  - Waiting time: 1 month (less favorable)
  - Vaccine effectiveness: 50% (moderate)
  - Risk of side effects: 1% (low risk)
  - Cash incentive: 800 RMB (high incentive)
  - Vaccine origin: Imported (may be less trusted by some)

- **Alternative B**:
  - Waiting time: walk-in (very favorable)
  - Vaccine effectiveness: 70% (higher than A)
  - Risk of side effects: 0.1% (very low risk)
  - Cash incentive: 50 RMB (low incentive)
  - Vaccine origin: Domestic (may be more trusted)

- **Alternative C**:
  - No vaccine, no waiting time
  - No effectiveness
  - No risk of side effects
  - No cash incentive

Considering the above factors, I would assign probabilities as follows:

- **P(A): 0.25**
- **P(B): 0.50**
- **P(C): 0.25**

These probabilities reflect a balanced consideration where:
- Alternative B is the most favorable due to its high effectiveness, very low risk of side effects, and immediate availability.
- Alternative A has a higher cash incentive and moderate effectiveness but requires a longer wait time.
- Alternative C (opting out) is less favorable but still considered due to personal values or concerns about vaccines.

The probabilities sum to 1, representing the total decision space.",success
13,3,2,"In making a decision regarding which vaccination choice to select, we need to consider several factors such as the waiting time, vaccine effectiveness, risk of side effects, cash incentive, and the origin of the vaccine. Each factor can influence the decision differently depending on personal values and circumstances. Here's an analysis based on these criteria:

1. **Waiting Time**: Immediate availability is highly desirable for many people to avoid prolonged uncertainty or increased risk.
2. **Vaccine Effectiveness**: A higher effectiveness rate generally means better protection against the virus, which is a significant factor in choosing a vaccine.
3. **Risk of Side Effects**: Lower risk of side effects can be more appealing, especially for those who are particularly concerned about health risks.
4. **Cash Incentive**: Financial incentives can influence decisions, especially for individuals who value immediate financial benefits.
5. **Vaccine Origin**: Trust in domestic versus imported vaccines may vary based on personal beliefs and experiences with healthcare systems.

Given these factors, here's a probabilistic distribution reflecting the likelihood of choosing each alternative:

- **Alternative A**:
  - Waiting time: 1 month (less desirable)
  - Vaccine effectiveness: 50% (moderate)
  - Risk of side effects: 1% (low to moderate)
  - Cash incentive: 800 RMB (high)
  - Vaccine origin: Imported (mixed trust)

- **Alternative B**:
  - Waiting time: walk-in (very desirable)
  - Vaccine effectiveness: 70% (good)
  - Risk of side effects: 0.1% (very low)
  - Cash incentive: 50 RMB (low)
  - Vaccine origin: Domestic (high trust)

- **Alternative C**:
  - No immediate health risk from vaccination
  - No protection against the virus
  - No financial benefit

Based on a balanced consideration of these factors, here is a possible distribution:

- **P(A)**: 0.25 (The high cash incentive and moderate effectiveness are attractive, but the waiting time and imported origin reduce its appeal.)
- **P(B)**: 0.60 (The immediate availability, good effectiveness, very low risk of side effects, and domestic origin make this a strong choice.)
- **P(C)**: 0.15 (Opting out is less likely due to the benefits of vaccination in terms of health protection.)

These probabilities sum to 1, reflecting a balanced decision-making process considering all factors.",success
13,3,3,"When making a decision like this, it's important to consider the trade-offs between waiting time, vaccine effectiveness, risk of side effects, cash incentives, and personal values. Given the information provided:

- **Alternative A** offers a higher cash incentive but has lower effectiveness and a longer wait time.
- **Alternative B** is immediately available, more effective, and has a lower risk of side effects, though it comes with a smaller cash incentive.
- **Alternative C** involves opting out, which means no waiting time or side effects but also no protection against the virus.

Given these factors, here's how I would weigh the probabilities based on a balanced approach:

- **P(A): 0.25** - The higher cash incentive and the fact that it's an imported vaccine might be appealing to some, despite the lower effectiveness and longer wait time.
- **P(B): 0.60** - This option is immediately available, more effective, and has a very low risk of side effects, making it a strong choice for many people.
- **P(C): 0.15** - Opting out might be chosen by those who are highly risk-averse or have other concerns about vaccination.

These probabilities reflect a balanced consideration of the benefits and risks associated with each alternative.",success
13,3,4,"To determine the best choice among the given alternatives, we can consider several factors such as waiting time, vaccine effectiveness, risk of side effects, cash incentive, and personal health preferences. Here’s a step-by-step reasoning process to assign probabilities:

1. **Waiting Time**: 
   - Alternative A has a 1-month wait, which might be inconvenient for some.
   - Alternative B is walk-in, making it more convenient.

2. **Vaccine Effectiveness**:
   - Alternative A: 50% effectiveness
   - Alternative B: 70% effectiveness
   - Higher effectiveness generally means better protection against the virus.

3. **Risk of Side Effects**:
   - Alternative A: 1% risk
   - Alternative B: 0.1% risk
   - Lower risk of side effects is generally preferred, especially for those with health concerns.

4. **Cash Incentive**:
   - Alternative A: 800 RMB
   - Alternative B: 50 RMB
   - Higher cash incentives can be a significant motivator for some individuals.

5. **Vaccine Origin**:
   - Alternative A: Imported
   - Alternative B: Domestic
   - Trust in vaccine origin might vary based on personal or cultural preferences.

Given these factors, let's assign probabilities:

- **Alternative A**: 
  - Higher cash incentive (800 RMB) and imported vaccine are strong positives.
  - Lower effectiveness (50%) and longer wait time (1 month) are negatives.
  - Probability: 0.2

- **Alternative B**:
  - No waiting time, higher effectiveness (70%), and lower risk of side effects (0.1%) are significant positives.
  - Lower cash incentive (50 RMB) is a negative but less critical compared to the other factors.
  - Probability: 0.6

- **Alternative C**:
  - Opting out means no protection, which is generally not recommended unless there are strong personal health reasons.
  - Probability: 0.2

Summing these probabilities:
P(A): 0.2
P(B): 0.6
P(C): 0.2

These probabilities sum to 1, reflecting a balanced consideration of the given alternatives.",success
13,3,5,"To provide a probabilistic choice, I'll consider the key factors and how they might influence a decision. Here's a breakdown:

- **Waiting Time**: Shorter waiting times are generally more favorable.
- **Vaccine Effectiveness**: Higher effectiveness is crucial for protection against COVID-19.
- **Risk of Side Effects**: Lower risk is preferred to avoid potential health issues.
- **Cash Incentive**: While not the most critical factor, it can influence decisions.
- **Vaccine Origin**: This might be less important if the vaccine meets safety and efficacy standards.

Given these considerations:

- **Alternative A** offers a higher cash incentive and imported vaccine, which some may prefer for perceived quality. However, it has a lower effectiveness rate and longer waiting time.
- **Alternative B** provides immediate access and a slightly higher effectiveness with minimal side effects, though the cash incentive is much lower.
- **Alternative C** involves no risk of side effects but also no protection against COVID-19.

Based on these factors, I would assign the following probabilities:

P(A): 0.2
P(B): 0.7
P(C): 0.1

This reflects a higher preference for Alternative B due to its immediate availability and better balance of effectiveness and safety, with some consideration given to the other options.",success
13,3,6,"To provide a decision based on the given alternatives, I'll consider several factors including waiting time, effectiveness, side effects, cash incentive, and vaccine origin. Here’s how each factor might influence the probabilities:

1. **Waiting Time**: A longer wait can be inconvenient but may be offset by other benefits.
2. **Effectiveness**: Higher effectiveness is generally more desirable as it provides better protection against the virus.
3. **Risk of Side Effects**: Lower risk of side effects is preferred to minimize health concerns.
4. **Cash Incentive**: Financial incentives can be a motivating factor, especially if they are significant.
5. **Vaccine Origin**: The origin (imported vs. domestic) might influence trust or preference based on personal beliefs or public perception.

### Analysis:
- **Alternative A** has the longest wait but offers a high cash incentive and moderate effectiveness with a low risk of side effects. It is also an imported vaccine, which some may prefer due to perceived higher quality.
- **Alternative B** has no waiting time, good effectiveness, very low risk of side effects, and a domestic origin, which might be preferred for trust reasons. However, the cash incentive is much lower.
- **Alternative C** (opting out) involves no waiting, no side effects, but also no protection from the vaccine.

### Probabilities:
Given these considerations, I would distribute the probabilities as follows:

- **P(A): 0.35** - The high cash incentive and moderate effectiveness make it a reasonable choice despite the wait.
- **P(B): 0.45** - Immediate availability, good effectiveness, and very low risk of side effects make this a strong option.
- **P(C): 0.20** - Opting out is less likely due to the benefits of vaccination in protecting against COVID-19.

These probabilities reflect a balanced consideration of all factors, with a slight preference for Alternative B due to its immediate availability and good overall profile.",success
13,3,7,"To provide a probabilistic assessment of which alternative I might choose, we need to consider the key factors for each option and weigh them against my preferences. Here’s a breakdown:

### Alternative A:
- **Waiting time:** 1 month (long wait)
- **Vaccine effectiveness:** 50% (moderate protection)
- **Risk of side effects:** 1% (low risk)
- **Cash incentive:** 800 RMB (high incentive)
- **Vaccine origin:** Imported

### Alternative B:
- **Waiting time:** Walk-in (no wait)
- **Vaccine effectiveness:** 70% (higher protection)
- **Risk of side effects:** 0.1% (very low risk)
- **Cash incentive:** 50 RMB (low incentive)
- **Vaccine origin:** Domestic

### Alternative C:
- **Do not receive the vaccine (opt out)**

### Considerations:
- **Waiting time:** A shorter waiting time is generally more desirable.
- **Vaccine effectiveness:** Higher effectiveness provides better protection against COVID-19.
- **Risk of side effects:** Lower risk of side effects is preferred.
- **Cash incentive:** Financial incentives can be a significant factor, especially if the amount is substantial.
- **Vaccine origin:** Some may prefer domestic vaccines due to familiarity and trust.

### Probabilistic Assessment:
Given these factors, I will assign probabilities based on a weighted consideration of each factor:

1. **Waiting time:** Alternative B has no wait, which is a significant advantage.
2. **Vaccine effectiveness:** Alternative B offers higher protection (70%) compared to A (50%).
3. **Risk of side effects:** Both A and B have low risk, but B has a very low risk (0.1% vs 1%).
4. **Cash incentive:** Alternative A offers a much higher cash incentive (800 RMB vs 50 RMB).
5. **Vaccine origin:** This is subjective, but generally, domestic vaccines might be preferred for trust and familiarity.

### Probabilities:
- **P(A):** 0.2
- **P(B):** 0.6
- **P(C):** 0.2

### Explanation:
- **Alternative A:** While the cash incentive is high, the long waiting time and lower effectiveness make it less attractive.
- **Alternative B:** The combination of no wait, higher effectiveness, and very low risk of side effects makes this the most appealing option.
- **Alternative C:** Opting out is a viable choice for those who are uncertain or prefer to avoid vaccination altogether.

These probabilities reflect my assessment of the given alternatives based on the provided factors.",success
13,3,8,"When making a decision like this, it's important to consider multiple factors including waiting time, vaccine effectiveness, risk of side effects, cash incentives, and the origin of the vaccine. Each factor can have different levels of importance depending on personal values and circumstances. Here’s how I might weigh these options:

1. **Vaccine Effectiveness**: Higher effectiveness is generally more desirable as it provides better protection against COVID-19.
2. **Risk of Side Effects**: Lower risk of side effects is preferable to minimize potential health impacts.
3. **Waiting Time**: Immediate availability can be a significant advantage, especially for those who want to get vaccinated as soon as possible.
4. **Cash Incentive**: While not the most critical factor, cash incentives can provide additional motivation.
5. **Vaccine Origin**: The origin of the vaccine might influence trust and preference based on personal or cultural factors.

Given these considerations:

- **Alternative A** offers a moderate waiting time, moderate effectiveness, low risk of side effects, a significant cash incentive, and an imported vaccine. The high cash incentive is a strong positive.
- **Alternative B** provides immediate availability, higher effectiveness, very low risk of side effects, but a much lower cash incentive and a domestic vaccine. The immediacy and higher effectiveness are significant positives.
- **Alternative C** (not receiving the vaccine) avoids all risks but also offers no protection against COVID-19.

Based on these factors, I would assign probabilities as follows:

- **P(A)**: 0.3
- **P(B)**: 0.6
- **P(C)**: 0.1

These probabilities reflect a preference for the immediate and higher effectiveness of Alternative B, while still considering the significant cash incentive of Alternative A and the option to opt out (Alternative C) as a less likely choice.",success
13,3,9,"To provide a probabilistic choice, I'll consider the key factors for each alternative and how they might influence a decision. The factors include waiting time, vaccine effectiveness, risk of side effects, cash incentive, and vaccine origin.

1. **Waiting Time**: A longer wait can be inconvenient.
2. **Vaccine Effectiveness**: Higher effectiveness is generally more desirable.
3. **Risk of Side Effects**: Lower risk is preferable.
4. **Cash Incentive**: A higher incentive might provide additional motivation.
5. **Vaccine Origin**: Preferences may vary, but some might prefer domestic options for various reasons (e.g., trust, economic support).

### Analysis:
- **Alternative A** has a longer wait time and moderate effectiveness with a low risk of side effects, plus a significant cash incentive. The imported origin might be a positive or negative depending on personal preference.
- **Alternative B** offers immediate access and higher effectiveness with very low risk of side effects but only a small cash incentive. It is domestically produced.
- **Alternative C** involves opting out, which means no waiting time, no side effects, no vaccine protection, and no cash incentive.

### Probabilities:
Given the trade-offs, I'll assign probabilities based on the relative importance of these factors:

- **P(A)**: 0.3
  - A significant cash incentive (800 RMB) might be a strong motivator for some, despite the longer wait time and moderate effectiveness.
- **P(B)**: 0.5
  - Immediate access, higher effectiveness, and very low risk of side effects make this option attractive to many people, even with a smaller cash incentive.
- **P(C)**: 0.2
  - Opting out might be chosen by those who are skeptical about vaccines or prefer natural immunity, despite the lack of protection.

### Final Probabilities:
- P(A): 0.3
- P(B): 0.5
- P(C): 0.2

These probabilities sum to 1 and reflect a balanced consideration of all factors.",success
13,3,10,"When evaluating the three alternatives for COVID-19 vaccination, we need to consider several factors including waiting time, vaccine effectiveness, risk of side effects, cash incentive, and personal values regarding vaccine origin. Here’s a breakdown of how each factor might influence the decision:

1. **Waiting Time**: A shorter waiting time is generally more favorable.
2. **Vaccine Effectiveness**: Higher effectiveness means better protection against the virus.
3. **Risk of Side Effects**: Lower risk of side effects is preferable to minimize health concerns.
4. **Cash Incentive**: Financial incentives can be a significant motivator for some individuals.
5. **Vaccine Origin**: Personal or cultural preferences may influence the choice between domestic and imported vaccines.

Given these considerations, let's assign probabilities based on the trade-offs:

- **Alternative A**:
  - Waiting time: 1 month (less favorable)
  - Vaccine effectiveness: 50% (moderate)
  - Risk of side effects: 1% (moderately low)
  - Cash incentive: 800 RMB (very high)
  - Vaccine origin: Imported (neutral to slightly less favorable)

- **Alternative B**:
  - Waiting time: Walk-in (very favorable)
  - Vaccine effectiveness: 70% (high)
  - Risk of side effects: 0.1% (very low)
  - Cash incentive: 50 RMB (low)
  - Vaccine origin: Domestic (favorable)

- **Alternative C**:
  - No vaccine, no waiting time, no risk, no effectiveness, and no cash incentive.

Based on the above factors, I would assign the following probabilities:

- **P(A)**: 0.25
- **P(B)**: 0.60
- **P(C)**: 0.15

These probabilities reflect a preference for Alternative B due to its high effectiveness and low risk of side effects, despite the lower cash incentive. Alternative A is still considered due to the significant financial incentive, but it is less favored because of the longer waiting time. Opting out (Alternative C) is given the lowest probability as it provides no protection against the virus.",success
14,3,1,"When making a decision about which vaccination option to choose, it's important to weigh the various factors such as waiting time, vaccine effectiveness, risk of side effects, cash incentive, and vaccine origin. Each of these factors can have different levels of importance depending on individual preferences and circumstances.

Here’s a breakdown of how I might consider each alternative:

1. **Alternative A**:
   - **Waiting Time**: 3 months (shorter wait)
   - **Vaccine Effectiveness**: 50% (moderate effectiveness)
   - **Risk of Side Effects**: 10% (relatively high risk)
   - **Cash Incentive**: 800 RMB (high incentive)
   - **Vaccine Origin**: Imported

2. **Alternative B**:
   - **Waiting Time**: 6 months (longer wait)
   - **Vaccine Effectiveness**: 70% (higher effectiveness)
   - **Risk of Side Effects**: 0.1% (very low risk)
   - **Cash Incentive**: 200 RMB (low incentive)
   - **Vaccine Origin**: Domestic

3. **Alternative C**:
   - **No Vaccine**: Opting out means no waiting time, no effectiveness, no side effects, and no cash incentive.

Given these considerations, I would assign probabilities based on a balanced approach:

- **P(A)**: 0.4
  - Shorter wait time and high cash incentive are significant positives, but the moderate effectiveness and relatively high risk of side effects are negatives.
  
- **P(B)**: 0.5
  - Higher vaccine effectiveness and very low risk of side effects are strong positives, despite the longer wait time and lower cash incentive.
  
- **P(C)**: 0.1
  - Opting out is a less favorable choice due to the lack of protection against COVID-19, but it might be considered by those who are extremely risk-averse or have other health concerns.

These probabilities reflect a weighted decision-making process that balances effectiveness, safety, wait time, and financial incentives. The sum of these probabilities is 1, indicating a complete distribution of preference across the three alternatives.",success
14,3,2,"When making a decision about COVID-19 vaccination, it's important to consider multiple factors including waiting time, vaccine effectiveness, risk of side effects, and any additional incentives. Here's how I would evaluate the three alternatives based on these criteria:

### Alternative A:
- **Waiting time:** 3 months (shorter wait)
- **Vaccine effectiveness:** 50% (moderate protection)
- **Risk of side effects:** 10% (relatively high risk)
- **Cash incentive:** 800 RMB (significant financial benefit)
- **Vaccine origin:** Imported

### Alternative B:
- **Waiting time:** 6 months (longer wait)
- **Vaccine effectiveness:** 70% (higher protection)
- **Risk of side effects:** 0.1% (very low risk)
- **Cash incentive:** 200 RMB (moderate financial benefit)
- **Vaccine origin:** Domestic

### Alternative C:
- **Do not receive the vaccine (opt out)**
- **Waiting time:** N/A
- **Vaccine effectiveness:** 0% (no protection)
- **Risk of side effects:** 0% (no risk)
- **Cash incentive:** 0 RMB (no financial benefit)

### Decision Analysis:
1. **Protection and Risk:**
   - Alternative B offers the highest vaccine effectiveness with very low risk of side effects, making it a strong choice for those prioritizing safety and long-term protection.
   - Alternative A provides moderate protection but comes with a higher risk of side effects, which might be a concern for some individuals.

2. **Waiting Time:**
   - Alternative A has a shorter waiting time, which is beneficial if you want to get vaccinated sooner rather than later.
   - Alternative B has a longer waiting time, which might be less appealing if immediate protection is a priority.

3. **Financial Incentive:**
   - Alternative A offers the highest cash incentive, which could be a significant factor for some individuals.
   - Alternative B provides a moderate financial incentive, which is still beneficial but not as high as Alternative A.

4. **Opting Out:**
   - Choosing to opt out (Alternative C) means no protection against COVID-19, which could be risky given the ongoing pandemic and potential for new variants.

### Probabilities:
Given these considerations, I would assign probabilities based on a balanced approach that takes into account both immediate benefits and long-term safety:

- **P(A): 0.3** (Moderate probability, considering the balance between shorter waiting time and higher financial incentive, despite higher side effects risk)
- **P(B): 0.5** (Highest probability, due to higher effectiveness and very low side effects risk, even with longer waiting time and moderate financial incentive)
- **P(C): 0.2** (Lowest probability, as opting out leaves no protection against the virus)

These probabilities sum to 1, reflecting a balanced decision-making process based on the given criteria.",success
14,3,3,"When making a decision about which COVID-19 vaccination choice to select, it's important to consider multiple factors such as the waiting time, vaccine effectiveness, risk of side effects, cash incentives, and personal values. Here’s a probabilistic approach based on weighing these factors:

1. **Waiting Time**: Shorter waiting times are generally preferred.
2. **Vaccine Effectiveness**: Higher effectiveness is more desirable.
3. **Risk of Side Effects**: Lower risk of side effects is better.
4. **Cash Incentive**: A higher cash incentive can be a positive factor, especially if it helps offset other costs or inconveniences.
5. **Personal Values and Preferences**: This includes trust in the vaccine origin (imported vs. domestic) and personal health considerations.

Given these factors, let's assign probabilities based on a balanced consideration:

- **Alternative A**:
  - Short waiting time: +1
  - Moderate effectiveness: +0.5
  - Higher risk of side effects: -1
  - High cash incentive: +1
  - Imported vaccine (may have varying levels of trust): 0

- **Alternative B**:
  - Long waiting time: -1
  - High effectiveness: +1
  - Very low risk of side effects: +1
  - Low cash incentive: -0.5
  - Domestic vaccine (generally trusted): +0.5

- **Alternative C** (Do not receive the vaccine):
  - No waiting time: +1
  - No effectiveness: -2
  - No risk of side effects: +1
  - No cash incentive: -1
  - Personal choice and potential long-term health implications: 0

Summarizing these factors, we can assign probabilities:

- **P(A)**: The combination of a short waiting time, moderate effectiveness, higher risk of side effects, and high cash incentive suggests a balanced choice. Let's assign it a probability of 0.4.
- **P(B)**: High effectiveness, very low risk of side effects, long waiting time, and low cash incentive make this a strong but less immediate option. Let's assign it a probability of 0.3.
- **P(C)**: Opting out involves no waiting time or side effects but also no protection from the vaccine and no cash incentive. This is a more cautious choice. Let's assign it a probability of 0.3.

Thus, the probabilities are:
- P(A): 0.4
- P(B): 0.3
- P(C): 0.3

These probabilities sum to 1, reflecting a balanced consideration of all factors.",success
14,3,4,"To provide a probabilistic choice, I need to consider the various factors involved in each option and weigh them according to their importance. Here’s a breakdown of how these might be considered:

1. **Waiting Time**: Shorter waiting times are generally more favorable.
2. **Vaccine Effectiveness**: Higher effectiveness is crucial for protection against the virus.
3. **Risk of Side Effects**: Lower risk of side effects is preferred.
4. **Cash Incentive**: A higher cash incentive can be a motivating factor.
5. **Vaccine Origin**: The origin might influence trust in the vaccine.

### Analysis:
- **Alternative A** offers a shorter waiting time and a significant cash incentive, but it has lower effectiveness and a relatively high risk of side effects.
- **Alternative B** has a longer waiting time and a smaller cash incentive, but it is more effective with a very low risk of side effects.
- **Alternative C** avoids all risks but also forgoes the benefits of vaccination.

### Probabilities:
Given these considerations, I would assign probabilities as follows:

- **P(A)**: 0.3
  - Reason: The combination of shorter waiting time and higher cash incentive makes it a reasonable choice, despite lower effectiveness and higher side effects.
  
- **P(B)**: 0.5
  - Reason: Higher effectiveness and very low risk of side effects make this the most balanced and safe option, even with a longer wait and smaller incentive.
  
- **P(C)**: 0.2
  - Reason: Opting out is less favorable due to the lack of protection against the virus, but it might be chosen by those who are extremely risk-averse or have strong personal objections to vaccination.

These probabilities sum to 1, reflecting a distribution of choices based on the given factors.",success
14,3,5,"When making a decision like this, it's important to weigh all factors including waiting time, vaccine effectiveness, risk of side effects, cash incentive, and personal health considerations. Here’s a probabilistic approach to evaluating the alternatives based on these criteria:

1. **Waiting Time**: Shorter waiting times are generally more favorable as they provide protection sooner.
2. **Vaccine Effectiveness**: Higher effectiveness means better protection against the virus.
3. **Risk of Side Effects**: Lower risk is preferable to minimize health concerns.
4. **Cash Incentive**: Financial incentives can be a motivator, but should be considered in the context of other factors.
5. **Vaccine Origin**: The origin might influence trust and preference based on personal or societal perceptions.

Given these considerations:

- **Alternative A** offers a shorter waiting time and a significant cash incentive, but has lower effectiveness and higher side effect risk compared to B. It’s a balanced choice with some risks.
- **Alternative B** provides the highest effectiveness and the lowest side effect risk, but requires a longer wait and offers a smaller cash incentive. It is the most cautious option.
- **Alternative C** (opting out) avoids all immediate health risks and financial incentives, but leaves one vulnerable to the virus.

Based on these factors, here’s a probabilistic distribution reflecting the likelihood of choosing each alternative:

P(A): 0.3
P(B): 0.6
P(C): 0.1

This distribution suggests a higher preference for Alternative B due to its high effectiveness and low side effect risk, with some consideration given to the shorter waiting time and financial incentive of A, and minimal likelihood of opting out entirely.",success
14,3,6,"Choosing between these alternatives involves weighing multiple factors, including waiting time, vaccine effectiveness, risk of side effects, cash incentives, and personal beliefs about vaccination. Since I am an AI, I don't have personal preferences or health conditions that would influence my decision. However, I can provide a probabilistic distribution based on the information provided, considering what might be most beneficial for a typical individual.

Here’s a breakdown:

1. **Alternative A**:
   - **Waiting time**: 3 months (shorter wait)
   - **Vaccine effectiveness**: 50% (moderate protection)
   - **Risk of side effects**: 10% (moderate risk)
   - **Cash incentive**: 800 RMB (high incentive)
   - **Vaccine origin**: Imported

2. **Alternative B**:
   - **Waiting time**: 6 months (longer wait)
   - **Vaccine effectiveness**: 70% (higher protection)
   - **Risk of side effects**: 0.1% (very low risk)
   - **Cash incentive**: 200 RMB (low incentive)
   - **Vaccine origin**: Domestic

3. **Alternative C**:
   - No vaccine, no waiting time, no effectiveness, no risk of side effects, and no cash incentive.

Given the factors:

- **Waiting Time**: A shorter wait might be more appealing to someone who wants protection sooner.
- **Vaccine Effectiveness**: Higher effectiveness is generally more desirable for better protection against the virus.
- **Risk of Side Effects**: Lower risk of side effects is preferred by many individuals.
- **Cash Incentive**: Financial incentives can influence decisions, especially if they are significant.

### Probabilistic Distribution

Considering these factors and their relative importance:

- **P(A)**: 0.4 (The shorter wait and higher cash incentive make it a strong option, but the moderate effectiveness and side effects reduce its appeal slightly.)
- **P(B)**: 0.5 (The higher effectiveness and very low risk of side effects are significant positives, despite the longer wait and lower cash incentive.)
- **P(C)**: 0.1 (Opting out is a less likely choice given the benefits of vaccination in terms of protection against the virus.)

These probabilities sum to 1 and reflect a balanced consideration of all factors provided.",success
14,3,7,"When evaluating these options, we need to consider several factors such as the waiting time, effectiveness of the vaccine, risk of side effects, cash incentive, and personal values regarding vaccine origin. Here’s a structured approach to determine the probabilities:

1. **Waiting Time**: A shorter waiting time is generally more favorable.
2. **Vaccine Effectiveness**: Higher effectiveness means better protection against COVID-19.
3. **Risk of Side Effects**: Lower risk of side effects is preferable.
4. **Cash Incentive**: Higher cash incentives can be a motivating factor.
5. **Personal Values**: Some individuals may prefer domestic vaccines over imported ones.

Given these factors, let's assign weights to each option based on the provided information:

### Alternative A
- Waiting time: 3 months (shorter)
- Vaccine effectiveness: 50% (moderate)
- Risk of side effects: 10% (higher)
- Cash incentive: 800 RMB (high)
- Vaccine origin: Imported

### Alternative B
- Waiting time: 6 months (longer)
- Vaccine effectiveness: 70% (higher)
- Risk of side effects: 0.1% (very low)
- Cash incentive: 200 RMB (lower)
- Vaccine origin: Domestic

### Alternative C
- No waiting time, no effectiveness, no risk, no cash incentive, and no vaccine.

### Assigning Probabilities
Let's consider the trade-offs:

- **Alternative A**: The shorter waiting time and high cash incentive are significant positives. However, the moderate effectiveness and higher side effect risk are negatives.
- **Alternative B**: The higher effectiveness and very low side effect risk are strong positives. However, the longer waiting time and lower cash incentive are negatives.
- **Alternative C**: Opting out means no protection against COVID-19, which is a significant negative.

Based on these considerations, we can assign probabilities as follows:

- **P(A)**: 0.4 (The high cash incentive and shorter waiting time make it an attractive option despite the moderate effectiveness and higher side effect risk.)
- **P(B)**: 0.5 (The higher effectiveness and very low side effect risk are strong positives, even with a longer waiting time and lower cash incentive.)
- **P(C)**: 0.1 (Opting out is less favorable due to the lack of protection against COVID-19.)

These probabilities sum to 1, reflecting the relative attractiveness of each option based on the given criteria.

### Final Answer
P(A): 0.4  
P(B): 0.5  
P(C): 0.1",success
14,3,8,"To determine which alternative I would choose, we need to weigh the various factors such as waiting time, vaccine effectiveness, risk of side effects, cash incentive, and vaccine origin. Here's a breakdown of how these factors might influence the decision:

1. **Waiting Time**: A shorter waiting time is generally more favorable.
2. **Vaccine Effectiveness**: Higher effectiveness is better for providing protection against COVID-19.
3. **Risk of Side Effects**: Lower risk of side effects is preferable to avoid potential health issues.
4. **Cash Incentive**: A higher cash incentive can be a motivating factor, especially if it helps offset the inconvenience or other costs.
5. **Vaccine Origin**: This might depend on personal trust in domestic versus imported vaccines.

Given these considerations:

- **Alternative A** has a moderate waiting time, moderate effectiveness, and a relatively high risk of side effects but offers a significant cash incentive and is an imported vaccine.
- **Alternative B** has the longest waiting time but higher effectiveness, very low risk of side effects, lower cash incentive, and is a domestic vaccine.
- **Alternative C** (opting out) avoids all risks associated with vaccination but provides no protection against COVID-19.

Let's assign probabilities based on these factors:

- **P(A)**: Alternative A offers a good balance between effectiveness and financial incentive, despite the moderate waiting time and higher side effect risk. Given the significant cash incentive and acceptable effectiveness, it seems like a reasonable choice.
- **P(B)**: Alternative B is attractive due to its high effectiveness and very low risk of side effects, even though the waiting time is longer and the cash incentive is lower. This could be the best option for those prioritizing long-term health benefits.
- **P(C)**: Opting out (Alternative C) might be chosen by individuals who are highly risk-averse or do not believe in the necessity of vaccination. However, it leaves one unprotected against the virus.

Given these considerations, I would assign the following probabilities:

- P(A): 0.4
- P(B): 0.5
- P(C): 0.1

These probabilities reflect a slight preference for Alternative B due to its high effectiveness and low side effect risk, while still considering the significant financial incentive of Alternative A. Opting out (Alternative C) is given the lowest probability as it provides no protection against COVID-19.",success
14,3,9,"To provide a probabilistic choice among the alternatives, we need to consider multiple factors including effectiveness, risk of side effects, waiting time, and cash incentives. Each factor can influence the decision differently depending on personal values and circumstances. Here’s a breakdown:

1. **Effectiveness**: Higher effectiveness is generally more desirable.
2. **Risk of Side Effects**: Lower risk of side effects is preferred.
3. **Waiting Time**: Shorter waiting times are better, especially if there's an immediate need for protection.
4. **Cash Incentive**: A higher cash incentive can be a significant motivator.

Given these considerations, let's assign probabilities based on the trade-offs:

- **Alternative A**:
  - Effectiveness: Moderate (50%)
  - Risk of Side Effects: Relatively high (10%)
  - Waiting Time: Short (3 months)
  - Cash Incentive: High (800 RMB)
  - Vaccine Origin: Imported

- **Alternative B**:
  - Effectiveness: Higher (70%)
  - Risk of Side Effects: Very low (0.1%)
  - Waiting Time: Longer (6 months)
  - Cash Incentive: Low (200 RMB)
  - Vaccine Origin: Domestic

- **Alternative C**:
  - No vaccine, no protection, no risk of side effects, and no incentive.

### Probabilities:

- **P(A)**: Alternative A offers a good balance with a high cash incentive and moderate effectiveness. However, the higher risk of side effects is a significant drawback.
- **P(B)**: Alternative B has the highest effectiveness and very low risk of side effects, but the longer waiting time and lower cash incentive reduce its appeal.
- **P(C)**: Opting out means no protection, which might be less desirable given the ongoing pandemic.

Given these factors, I would assign the probabilities as follows:

- **P(A): 0.4** (High cash incentive and shorter waiting time, but higher side effect risk)
- **P(B): 0.5** (Higher effectiveness and very low side effect risk, despite longer wait and lower incentive)
- **P(C): 0.1** (Opting out is the least desirable due to lack of protection)

These probabilities sum to 1, reflecting a weighted decision based on the given factors.",success
14,3,10,"To provide a probabilistic choice, I will consider the factors mentioned and their relative importance. Here's how they might influence the decision:

- **Waiting Time**: Shorter waiting times can be more appealing for those who want to get vaccinated as soon as possible.
- **Vaccine Effectiveness**: Higher effectiveness is generally preferred as it provides better protection against the virus.
- **Risk of Side Effects**: Lower risk of side effects is desirable, especially for individuals with health concerns or those who are risk-averse.
- **Cash Incentive**: A higher cash incentive might be more attractive to some individuals, depending on their financial situation.
- **Vaccine Origin**: Preferences may vary based on trust in domestic versus imported vaccines.

Given these factors, let's assign probabilities that reflect a balanced consideration of all options:

1. **Alternative A**:
   - Short waiting time (3 months) is a significant positive.
   - Moderate effectiveness (50%) and moderate risk of side effects (10%).
   - High cash incentive (800 RMB).
   - Imported vaccine, which might be seen as more reliable by some.

2. **Alternative B**:
   - Long waiting time (6 months) is a significant negative.
   - Higher effectiveness (70%) and very low risk of side effects (0.1%).
   - Lower cash incentive (200 RMB).
   - Domestic vaccine, which might be preferred for those who trust local products.

3. **Alternative C**:
   - No waiting time or side effects.
   - No protection from the virus.
   - No financial incentive.

Based on these considerations, I would assign the following probabilities:

- **P(A): 0.4**
- **P(B): 0.35**
- **P(C): 0.25**

These probabilities reflect a preference for getting vaccinated sooner with a higher cash incentive (A), but also acknowledge the value of higher effectiveness and lower side effects (B), while recognizing that some might opt out due to various personal reasons (C).",success
15,3,1,"To provide a probabilistic choice among the alternatives, we need to weigh the factors such as waiting time, vaccine effectiveness, risk of side effects, cash incentive, and personal preferences. Here’s how I would distribute the probabilities based on these considerations:

1. **Vaccine Effectiveness**: A higher effectiveness is generally more desirable.
2. **Risk of Side Effects**: Lower risk of side effects is preferable.
3. **Cash Incentive**: While not a primary health consideration, it can influence decision-making.
4. **Vaccine Origin**: Personal preference might play a role here, but in this context, I will assume equal trust in both domestic and imported vaccines.

### Analysis:
- **Alternative A** offers the highest effectiveness (95%) but also has a higher risk of side effects (10%). The cash incentive is significant (200 RMB).
- **Alternative B** has lower effectiveness (70%) with very low risk of side effects (0.1%). The cash incentive is smaller (50 RMB).
- **Alternative C** involves no vaccination, which might be chosen by those who are extremely cautious or have specific health concerns.

### Probabilities:
- **P(A)**: Given the high effectiveness and significant cash incentive, this option is quite attractive despite the higher risk of side effects. I would assign a probability of 0.4.
- **P(B)**: The low risk of side effects and moderate effectiveness make this a safe choice for many. However, the lower effectiveness might be a deterrent for some. I would assign a probability of 0.35.
- **P(C)**: Opting out is a valid choice for those who prefer not to take any risks or have strong personal reasons against vaccination. I would assign a probability of 0.25.

### Final Probabilities:
- P(A): 0.4
- P(B): 0.35
- P(C): 0.25

These probabilities sum to 1, reflecting the relative attractiveness of each option based on the given factors.",success
15,3,2,"To provide a probabilistic choice, I'll consider the factors of effectiveness, risk of side effects, waiting time, cash incentive, and vaccine origin. Here’s a breakdown of how each factor might influence the decision:

1. **Effectiveness**: Alternative A has a higher effectiveness (95%) compared to B (70%), making it more desirable from this perspective.
2. **Risk of Side Effects**: Alternative B has a significantly lower risk of side effects (0.1% vs 10%), which is a strong point in its favor, especially for those who are more concerned about safety.
3. **Waiting Time**: Both A and B have the same waiting time of 1 month, so this factor does not differentiate between them.
4. **Cash Incentive**: Alternative A offers a higher cash incentive (200 RMB) compared to B (50 RMB), which could be more attractive to some individuals.
5. **Vaccine Origin**: The origin might influence trust in the vaccine, with domestic vaccines potentially being preferred by those who have more confidence in local pharmaceutical standards.

Given these considerations, I would distribute the probabilities as follows:

- **P(A)**: 0.6
- **P(B)**: 0.3
- **P(C)**: 0.1

This distribution reflects a preference for the higher effectiveness and cash incentive of Alternative A, while still considering the lower risk of side effects in Alternative B and the option to opt out with Alternative C.",success
15,3,3,"When making a decision about vaccination, it's important to weigh several factors including effectiveness, side effects, waiting time, and any additional incentives. Here’s how I would evaluate the given alternatives:

### Alternative A:
- **Waiting time**: 1 month (same as B)
- **Vaccine effectiveness**: 95% (highly effective)
- **Risk of side effects**: 10% (moderate risk)
- **Cash incentive**: 200 RMB (substantial)
- **Vaccine origin**: Domestic (may be more familiar and trusted)

### Alternative B:
- **Waiting time**: 1 month (same as A)
- **Vaccine effectiveness**: 70% (less effective compared to A)
- **Risk of side effects**: 0.1% (very low risk)
- **Cash incentive**: 50 RMB (lower than A)
- **Vaccine origin**: Imported (may be less familiar but trusted in some contexts)

### Alternative C:
- **Do not receive the vaccine**
- **Waiting time**: N/A
- **Vaccine effectiveness**: 0% (no protection)
- **Risk of side effects**: 0% (no risk from the vaccine, but higher risk from the disease)
- **Cash incentive**: None

### Decision Analysis:
1. **Effectiveness and Risk**:
   - Alternative A offers a significantly higher effectiveness rate (95%) compared to B (70%), which is crucial in providing strong protection against COVID-19.
   - The side effect risk for A (10%) is higher than B (0.1%), but the absolute risk of severe side effects is generally low.

2. **Incentives**:
   - The 200 RMB incentive for A is more substantial and could be a deciding factor for some individuals.
   - The 50 RMB incentive for B is lower but still provides some financial benefit.

3. **Personal Values and Context**:
   - For many, the high effectiveness of A might outweigh the higher side effect risk, especially if they are at higher risk from the disease or value strong protection.
   - Some might prefer the lower risk of side effects with B, even though it is less effective.
   - Opting out (C) leaves one completely unprotected, which could be a significant health risk.

### Probabilities:
Given the above considerations, I would assign probabilities as follows:

- **P(A)**: 0.6
- **P(B)**: 0.3
- **P(C)**: 0.1

These probabilities reflect a higher preference for Alternative A due to its high effectiveness and substantial incentive, while still considering the lower risk of B and the option to opt out (C) as valid choices for some individuals.",success
15,3,4,"To determine which alternative to choose, we need to consider several factors including waiting time, effectiveness, risk of side effects, cash incentive, and personal values regarding the origin of the vaccine. Given that all alternatives have a 1-month waiting time, this factor is equal for all options and does not influence the decision.

Here's how I would weigh the factors:

1. **Vaccine Effectiveness**: Higher effectiveness generally means better protection against COVID-19.
2. **Risk of Side Effects**: Lower risk of side effects can be more appealing to those who are concerned about potential health impacts.
3. **Cash Incentive**: A higher cash incentive might be attractive, especially if it provides immediate financial benefit.
4. **Vaccine Origin**: This could vary in importance depending on personal or cultural preferences.

Given these considerations, here’s a breakdown:

- **Alternative A**:
  - High effectiveness (95%)
  - Moderate risk of side effects (10%)
  - Good cash incentive (200 RMB)
  - Domestic origin

- **Alternative B**:
  - Lower effectiveness (70%)
  - Very low risk of side effects (0.1%)
  - Low cash incentive (50 RMB)
  - Imported origin

- **Alternative C**:
  - No vaccine, no protection
  - No risk of side effects
  - No cost or benefit

Considering these factors, I would assign the following probabilities:

- **P(A)**: 0.60
  - High effectiveness and a good cash incentive make this option very appealing despite the higher risk of side effects.
- **P(B)**: 0.35
  - Lower effectiveness but very low risk of side effects and some financial benefit, making it a reasonable choice for those who are more risk-averse.
- **P(C)**: 0.05
  - Opting out has the lowest probability as it provides no protection against COVID-19.

These probabilities sum to 1 and reflect a balanced consideration of all factors.",success
15,3,5,"When making a decision about which COVID-19 vaccination alternative to choose, it's important to consider the factors of waiting time, vaccine effectiveness, risk of side effects, cash incentive, and vaccine origin. Here’s a breakdown of how these factors might influence the decision:

### Alternative A:
- **Waiting time**: 1 month (same as B)
- **Vaccine effectiveness**: 95% (very high, provides strong protection)
- **Risk of side effects**: 10% (relatively high, but manageable for many people)
- **Cash incentive**: 200 RMB (significant financial incentive)
- **Vaccine origin**: Domestic (may be more trusted or preferred by some)

### Alternative B:
- **Waiting time**: 1 month (same as A)
- **Vaccine effectiveness**: 70% (moderate, provides good protection but less than A)
- **Risk of side effects**: 0.1% (very low, minimizes health concerns)
- **Cash incentive**: 50 RMB (lower financial incentive)
- **Vaccine origin**: Imported (may be perceived as more reliable or advanced by some)

### Alternative C:
- **Do not receive the vaccine** (opt out)
- **Protection**: None
- **Risk of side effects**: None
- **Cash incentive**: None
- **Personal freedom**: Maintained, but at the cost of no protection

Given these factors, here’s a possible way to assign probabilities based on a balanced consideration:

- **Alternative A** is highly effective and provides a significant financial incentive, which might be very appealing. However, the higher risk of side effects could deter some.
- **Alternative B** offers moderate effectiveness with minimal risk of side effects and a smaller financial incentive. This might be a safer choice for those who are more risk-averse.
- **Alternative C** is not recommended as it leaves you without any protection against COVID-19, which could have significant health implications.

### Probabilities:
- **P(A)**: 0.4 (high effectiveness and good financial incentive, but higher side effects)
- **P(B)**: 0.5 (moderate effectiveness with very low risk of side effects and some financial incentive)
- **P(C)**: 0.1 (minimal protection, not recommended)

These probabilities sum to 1 and reflect a balanced consideration of the factors involved.",success
15,3,6,"When making a decision about which COVID-19 vaccination option to choose, it's important to consider the trade-offs between effectiveness, side effects, waiting time, and any additional incentives. Here’s an analysis of each alternative:

### Alternative A:
- **Waiting Time:** 1 month (same for all)
- **Effectiveness:** 95% (highly effective)
- **Risk of Side Effects:** 10% (moderate risk)
- **Cash Incentive:** 200 RMB (significant incentive)
- **Vaccine Origin:** Domestic

### Alternative B:
- **Waiting Time:** 1 month (same for all)
- **Effectiveness:** 70% (less effective compared to A)
- **Risk of Side Effects:** 0.1% (very low risk)
- **Cash Incentive:** 50 RMB (smaller incentive)
- **Vaccine Origin:** Imported

### Alternative C:
- **Waiting Time:** Not applicable (no vaccine)
- **Effectiveness:** 0% (no protection)
- **Risk of Side Effects:** 0% (no side effects)
- **Cash Incentive:** None
- **Vaccine Origin:** N/A

### Decision Analysis:

1. **Effectiveness:**
   - Alternative A offers the highest effectiveness at 95%, which is crucial for preventing severe illness and reducing transmission.
   - Alternative B has a lower effectiveness of 70%, which still provides some protection but not as much as A.
   - Alternative C offers no protection, which increases the risk of contracting and spreading the virus.

2. **Risk of Side Effects:**
   - Alternative A has a moderate risk of side effects at 10%, which might be concerning for some individuals.
   - Alternative B has a very low risk of side effects at 0.1%, making it more appealing to those who are concerned about potential side effects.
   - Alternative C has no risk of side effects but also no protection against the virus.

3. **Cash Incentive:**
   - Alternative A offers a significant cash incentive of 200 RMB, which can be a motivating factor.
   - Alternative B offers a smaller cash incentive of 50 RMB.
   - Alternative C has no financial benefit.

4. **Vaccine Origin:**
   - Alternative A is domestic, which might be preferred by those who trust domestically produced vaccines.
   - Alternative B is imported, which might be seen as more reliable or advanced by some individuals.

### Probabilities:

Given the importance of effectiveness in preventing severe illness and reducing transmission, I would place a higher probability on choosing Alternative A. However, the risk of side effects and personal preferences also play a role.

- **P(A): 0.6** (High effectiveness and significant incentive, moderate side effect risk)
- **P(B): 0.3** (Moderate effectiveness with very low side effect risk and smaller incentive)
- **P(C): 0.1** (No protection but no side effects or financial cost)

These probabilities reflect a balanced consideration of the factors involved, prioritizing high effectiveness while acknowledging the importance of side effect risks and personal preferences.",success
15,3,7,"Choosing a vaccination option involves weighing multiple factors such as effectiveness, side effects, waiting time, and incentives. Here’s a probabilistic distribution based on the evaluation of each alternative:

- **Alternative A**: This option has high vaccine effectiveness (95%) but also a relatively higher risk of side effects (10%). The cash incentive is significant at 200 RMB, which might be an important factor for some individuals. Given the domestic origin, it may also align with preferences or trust in domestically produced vaccines.
- **Alternative B**: This option has lower vaccine effectiveness (70%) but a much lower risk of side effects (0.1%). The cash incentive is smaller at 50 RMB, and the imported origin might influence trust depending on individual perceptions of quality and reliability.
- **Alternative C**: Opting out means no waiting time or side effects, but also no protection against COVID-19, which could be a significant risk given the ongoing pandemic.

Based on these considerations, here is a probabilistic distribution reflecting the likelihood of choosing each option:

P(A): 0.4
P(B): 0.35
P(C): 0.25

These probabilities sum to 1 and reflect a balanced consideration of effectiveness, side effects, incentives, and personal risk tolerance.",success
15,3,8,"When making a decision about which vaccination option to choose, it's important to consider various factors such as the waiting time, vaccine effectiveness, risk of side effects, cash incentives, and personal values. Here’s a breakdown of each alternative:

### Alternative A:
- **Waiting time:** 1 month (same for all options)
- **Vaccine effectiveness:** 95% (highly effective)
- **Risk of side effects:** 10% (moderate risk)
- **Cash incentive:** 200 RMB (significant financial incentive)
- **Vaccine origin:** Domestic

### Alternative B:
- **Waiting time:** 1 month (same for all options)
- **Vaccine effectiveness:** 70% (less effective compared to A)
- **Risk of side effects:** 0.1% (very low risk)
- **Cash incentive:** 50 RMB (lower financial incentive)
- **Vaccine origin:** Imported

### Alternative C:
- **Do not receive the vaccine (opt out)**
- No waiting time
- No vaccine effectiveness
- No risk of side effects
- No cash incentive

### Decision Analysis:
1. **Effectiveness and Risk:**
   - **Alternative A** offers a 95% effectiveness rate, which is significantly higher than Alternative B's 70%. However, it comes with a 10% risk of side effects.
   - **Alternative B** has a lower effectiveness but a very low risk of side effects (0.1%).

2. **Cash Incentive:**
   - **Alternative A** offers a substantial cash incentive of 200 RMB.
   - **Alternative B** offers a smaller incentive of 50 RMB.

3. **Personal Values and Preferences:**
   - Some individuals might prioritize higher effectiveness to protect against the virus, even if it means accepting a higher risk of side effects.
   - Others might prefer a lower risk of side effects, even if it means less protection.
   - Some might be influenced by the cash incentive.

### Probabilities:
Given the trade-offs and considering a balanced approach:

- **P(A): 0.4** (High effectiveness and significant financial incentive, but higher risk of side effects)
- **P(B): 0.3** (Lower effectiveness but very low risk of side effects, with a smaller financial incentive)
- **P(C): 0.3** (Opting out avoids all risks but also offers no protection or incentives)

These probabilities reflect a balanced consideration of the various factors involved in making this decision.",success
15,3,9,"In making a decision about which COVID-19 vaccination alternative to choose, it's important to consider the various factors such as waiting time, vaccine effectiveness, risk of side effects, cash incentive, and personal values. Here’s how I would evaluate each option based on these criteria:

### Alternative A:
- **Waiting Time:** 1 month
- **Vaccine Effectiveness:** 95%
- **Risk of Side Effects:** 10%
- **Cash Incentive:** 200 RMB
- **Vaccine Origin:** Domestic

**Pros:**
- High vaccine effectiveness (95%).
- Substantial cash incentive (200 RMB).

**Cons:**
- Higher risk of side effects (10%).

### Alternative B:
- **Waiting Time:** 1 month
- **Vaccine Effectiveness:** 70%
- **Risk of Side Effects:** 0.1%
- **Cash Incentive:** 50 RMB
- **Vaccine Origin:** Imported

**Pros:**
- Very low risk of side effects (0.1%).
- Imported vaccine might be perceived as more reliable or trustworthy by some.

**Cons:**
- Lower vaccine effectiveness (70%).
- Lower cash incentive (50 RMB).

### Alternative C:
- **Do not receive the vaccine (opt out)**

**Pros:**
- No risk of side effects.
- No waiting time.

**Cons:**
- No protection against COVID-19.
- Potential long-term health risks if exposed to the virus.

### Decision Analysis:
Given the factors, here’s a probabilistic approach to choosing each alternative:

1. **Alternative A:** High effectiveness and substantial cash incentive are significant positives, but the higher risk of side effects is a concern. For many, the trade-off might be worth it.
2. **Alternative B:** Lower effectiveness and lower cash incentive make this less attractive, but the extremely low risk of side effects is a strong point.
3. **Alternative C:** Opting out means no protection against COVID-19, which could lead to serious health risks.

### Probabilities:
- **P(A):** 0.6
- **P(B):** 0.2
- **P(C):** 0.2

These probabilities reflect a higher preference for Alternative A due to its high effectiveness and substantial cash incentive, while still acknowledging the value of low side effects in Alternative B and the option to avoid vaccination entirely in Alternative C.",success
15,3,10,"To provide a probabilistic answer reflecting my preferences among the three alternatives, I'll consider factors such as effectiveness, side effects, waiting time, and incentives. Here's how each factor might influence the decision:

1. **Effectiveness**: Higher effectiveness is generally more desirable.
2. **Risk of Side Effects**: Lower risk of side effects is preferable.
3. **Waiting Time**: Since all options have the same waiting time, this does not affect the choice.
4. **Cash Incentive**: A higher incentive might be a deciding factor for some individuals.

Given these considerations, I would assign probabilities as follows:

- **Alternative A** has the highest effectiveness (95%) but also the highest risk of side effects (10%). The cash incentive is significant at 200 RMB. This option balances high effectiveness with a notable financial benefit.
- **Alternative B** has lower effectiveness (70%) but a very low risk of side effects (0.1%). The cash incentive is much lower at 50 RMB. This option might be preferred by those who are more concerned about side effects and less about the financial incentive.
- **Alternative C** involves not getting vaccinated, which means no effectiveness, no side effects, and no financial benefit.

Considering these factors, I would assign probabilities as follows:

P(A): 0.6
P(B): 0.3
P(C): 0.1

These probabilities reflect a preference for the higher effectiveness and financial incentive of Alternative A, while still considering the lower risk of side effects in Alternative B and the option to opt out entirely (Alternative C).",success
16,3,1,"When making a decision like this, it's important to consider various factors such as waiting time, vaccine effectiveness, risk of side effects, cash incentives, and personal values. Here’s how I would break down the probabilities based on these considerations:

1. **Waiting Time**: A 3-month wait can be significant for someone who wants immediate protection.
2. **Vaccine Effectiveness**: Both alternatives A and B offer the same effectiveness (95%), which is a strong point in their favor.
3. **Risk of Side Effects**: The risk of side effects is much lower with Alternative B, which might be more appealing to those concerned about potential adverse reactions.
4. **Cash Incentive**: A higher cash incentive (800 RMB) could be very attractive, especially if financial considerations are a priority.
5. **Vaccine Origin**: Trust in domestic vs. imported vaccines can vary based on personal beliefs and experiences.

Given these factors, I would assign probabilities as follows:

- **Alternative A** (Imported vaccine with high cash incentive but long wait):
  - High cash incentive is a significant positive factor.
  - Long waiting time could be a deterrent for some.
  - Moderate risk of side effects might be acceptable given the other benefits.

- **Alternative B** (Domestic vaccine with immediate availability and low side effect risk):
  - Immediate availability is a strong point.
  - Very low risk of side effects is highly favorable.
  - Lower cash incentive, but this might be less important if immediate protection and safety are prioritized.

- **Alternative C** (Opting out):
  - This option has no waiting time or side effects but offers no protection against the virus.
  - It also means forgoing any financial incentives.
  - Opting out is generally not recommended unless there are specific health reasons that preclude vaccination.

Based on these considerations, here are the probabilities:

- **P(A): 0.3**
- **P(B): 0.6**
- **P(C): 0.1**

These probabilities reflect a preference for immediate protection and lower risk of side effects (Alternative B), while still considering the financial incentive and effectiveness of Alternative A, with a small probability assigned to opting out.",success
16,3,2,"When making a decision like this, it's important to weigh the various factors involved, such as waiting time, vaccine effectiveness, risk of side effects, cash incentive, and personal values regarding vaccine origin. Here’s a breakdown of how these factors might influence the decision:

### Alternative A:
- **Waiting Time:** 3 months (This could be significant if there is an immediate need for protection.)
- **Vaccine Effectiveness:** 95% (High effectiveness is very desirable.)
- **Risk of Side Effects:** 10% (Moderate risk, which might be acceptable given the high effectiveness and cash incentive.)
- **Cash Incentive:** 800 RMB (A substantial financial incentive.)
- **Vaccine Origin:** Imported (Some people might prefer imported vaccines due to perceived higher quality or trust.)

### Alternative B:
- **Waiting Time:** Walk-in (Immediate access is a significant advantage.)
- **Vaccine Effectiveness:** 95% (High effectiveness, same as Alternative A.)
- **Risk of Side Effects:** 1% (Very low risk, which is highly desirable.)
- **Cash Incentive:** 50 RMB (Lower financial incentive compared to Alternative A.)
- **Vaccine Origin:** Domestic (Some might prefer domestic vaccines due to familiarity or national pride.)

### Alternative C:
- **Waiting Time:** Not applicable (No waiting time if opting out.)
- **Vaccine Effectiveness:** 0% (No protection against the virus.)
- **Risk of Side Effects:** 0% (No risk, but also no benefit.)
- **Cash Incentive:** None
- **Vaccine Origin:** Not applicable

### Decision Analysis:
1. **Effectiveness and Risk of Side Effects:**
   - Both A and B offer high effectiveness (95%), which is crucial for protection.
   - Alternative B has a much lower risk of side effects (1% vs. 10%).

2. **Waiting Time:**
   - Immediate access in B is a significant advantage over the 3-month wait in A.

3. **Cash Incentive:**
   - The cash incentive in A (800 RMB) is much higher than in B (50 RMB), which could be a deciding factor for some individuals.

4. **Personal Values and Preferences:**
   - Some might prefer the imported vaccine (A) due to perceived quality or trust.
   - Others might prefer domestic vaccines (B) due to familiarity or national pride.

### Probabilities:
Given the analysis, I would assign probabilities based on a balance of these factors:

- **P(A): 0.3** (The high financial incentive and effectiveness are strong points, but the long wait and higher risk of side effects reduce its appeal.)
- **P(B): 0.6** (Immediate access, low risk of side effects, and sufficient effectiveness make it a very attractive option.)
- **P(C): 0.1** (Opting out is least likely due to the lack of protection, but some might choose this for personal reasons.)

These probabilities sum to 1, reflecting a balanced consideration of all factors.",success
16,3,3,"When making a decision like this, it's important to consider multiple factors such as waiting time, vaccine effectiveness, risk of side effects, cash incentives, and personal values regarding the origin of the vaccine. Here’s how I would evaluate each alternative:

### Alternative A:
- **Waiting Time:** 3 months (This is a significant delay)
- **Vaccine Effectiveness:** 95% (Very high)
- **Risk of Side Effects:** 10% (Moderate risk, but manageable for most people)
- **Cash Incentive:** 800 RMB (Substantial financial incentive)
- **Vaccine Origin:** Imported (May be more trusted by some individuals)

### Alternative B:
- **Waiting Time:** Walk-in (No wait, immediate availability)
- **Vaccine Effectiveness:** 95% (Very high, same as A)
- **Risk of Side Effects:** 1% (Low risk, very manageable)
- **Cash Incentive:** 50 RMB (Minimal financial incentive)
- **Vaccine Origin:** Domestic (May be preferred by those who trust local products)

### Alternative C:
- **Do not receive the vaccine (opt out)**
- **Waiting Time:** N/A
- **Vaccine Effectiveness:** 0% (No protection against COVID-19)
- **Risk of Side Effects:** 0% (No side effects, but no benefits either)
- **Cash Incentive:** 0 RMB (No financial incentive)
- **Vaccine Origin:** N/A

### Decision Analysis:
- **Alternative A** offers a high effectiveness and substantial cash incentive but has a long waiting time and higher risk of side effects.
- **Alternative B** provides immediate availability, low risk of side effects, and the same high effectiveness as Alternative A, but with a much lower financial incentive.
- **Alternative C** involves no immediate risks or benefits and is generally not recommended due to the lack of protection against COVID-19.

### Probabilities:
Given the factors, I would assign probabilities based on the balance between immediate availability, risk management, and financial incentives:

- **P(A): 0.3** (High effectiveness and substantial incentive, but long wait and moderate side effects)
- **P(B): 0.6** (Immediate availability, low risk, same high effectiveness, minimal but acceptable incentive)
- **P(C): 0.1** (Opting out is generally not recommended due to lack of protection)

These probabilities reflect a preference for immediate protection with manageable risks and some financial benefit, while still considering the other options.",success
16,3,4,"When evaluating the three alternatives for COVID-19 vaccination, we need to consider multiple factors including waiting time, vaccine effectiveness, risk of side effects, cash incentives, and personal values regarding vaccine origin. Here's a breakdown of how these factors might influence the decision:

1. **Waiting Time**: Immediate availability (Alternative B) is generally more appealing than having to wait for 3 months (Alternative A).
2. **Vaccine Effectiveness**: Both Alternatives A and B offer the same level of effectiveness at 95%, which makes this factor neutral between these two options.
3. **Risk of Side Effects**: A lower risk of side effects (1% in Alternative B) is preferable to a higher risk (10% in Alternative A).
4. **Cash Incentive**: The cash incentive in Alternative A (800 RMB) is significantly higher than in Alternative B (50 RMB), which could be a strong motivator for some.
5. **Vaccine Origin**: Some may prefer domestic vaccines due to trust or logistical considerations, while others might not have a strong preference.

Given these factors, I would lean towards a distribution that reflects the balance between immediate availability and lower side effects (B) versus higher cash incentive but longer wait time (A), with a smaller probability for opting out (C).

Here is a proposed distribution:

- **P(A): 0.25** - Reflects the significant financial incentive, which might be important for some individuals despite the waiting period.
- **P(B): 0.65** - The immediate availability and lower risk of side effects make this option very appealing to most people.
- **P(C): 0.10** - A small probability for those who may have strong reasons against vaccination.

These probabilities sum to 1, representing a complete distribution of preferences among the three options.",success
16,3,5,"When making a decision about which vaccination option to choose, it's important to weigh the benefits and risks associated with each alternative. Here’s an analysis of the three options:

- **Alternative A**: This option offers high vaccine effectiveness (95%) but has a longer waiting time (3 months) and a higher risk of side effects (10%). The significant cash incentive (800 RMB) is a strong positive, especially if financial considerations are important.

- **Alternative B**: This option also provides high vaccine effectiveness (95%) with the advantage of no waiting time, which can be very appealing. It has a lower risk of side effects (1%), and although the cash incentive is smaller (50 RMB), it might still be beneficial for some individuals. The fact that it's domestically produced could be a factor depending on personal or societal preferences.

- **Alternative C**: Opting out of vaccination means no immediate health risks from the vaccine but also no protection against COVID-19, which can lead to more severe health outcomes if infected. This option is generally less favorable in terms of public health unless there are specific contraindications to vaccination.

Given these considerations, I would assign probabilities based on a balanced approach that takes into account effectiveness, waiting time, risk of side effects, and financial incentives:

- **P(A)**: 0.3
- **P(B)**: 0.6
- **P(C)**: 0.1

These probabilities reflect a higher preference for getting vaccinated (combined probability of 0.9), with a slight bias towards the domestic option due to its immediate availability and lower side effect risk, while still acknowledging the value of the financial incentive in the imported vaccine option. Opting out is given a low probability as it generally does not provide the same level of protection against COVID-19.",success
16,3,6,"When evaluating the alternatives for receiving a COVID-19 vaccination, it's important to consider various factors such as waiting time, vaccine effectiveness, risk of side effects, cash incentives, and personal preferences regarding vaccine origin. Here’s a breakdown of how these factors might influence the decision:

### Alternative A:
- **Waiting Time:** 3 months (long wait)
- **Vaccine Effectiveness:** 95% (highly effective)
- **Risk of Side Effects:** 10% (moderate risk)
- **Cash Incentive:** 800 RMB (significant incentive)
- **Vaccine Origin:** Imported

### Alternative B:
- **Waiting Time:** Walk-in (immediate availability)
- **Vaccine Effectiveness:** 95% (highly effective)
- **Risk of Side Effects:** 1% (low risk)
- **Cash Incentive:** 50 RMB (minimal incentive)
- **Vaccine Origin:** Domestic

### Alternative C:
- **Do not receive the vaccine:**
- **Waiting Time:** N/A
- **Vaccine Effectiveness:** 0% (no protection)
- **Risk of Side Effects:** 0% (no side effects from vaccination, but potential risk from COVID-19)
- **Cash Incentive:** None
- **Vaccine Origin:** N/A

### Decision Factors:
1. **Waiting Time:** Immediate availability is highly desirable.
2. **Vaccine Effectiveness:** Both A and B offer the same high effectiveness, which is crucial for protection against COVID-19.
3. **Risk of Side Effects:** Lower risk is generally preferred to minimize health concerns.
4. **Cash Incentive:** While 800 RMB is a significant incentive, it may not outweigh other factors like immediate availability and lower side effects.
5. **Vaccine Origin:** Personal preference can vary, but domestic vaccines might be trusted more in some contexts.

### Probabilities:
Given the above considerations, here are the probabilities I would assign to each alternative:

- **P(A): 0.1** (The long waiting time and moderate risk of side effects reduce its attractiveness, despite the high cash incentive.)
- **P(B): 0.8** (Immediate availability, low risk of side effects, and sufficient effectiveness make this a strong choice.)
- **P(C): 0.1** (Opting out is generally less favorable due to the lack of protection against COVID-19.)

These probabilities sum to 1, reflecting my evaluation of the alternatives based on the given factors.",success
16,3,7,"To provide a probabilistic choice, I need to consider the factors that might influence each option. Here's how they break down:

- **Alternative A**: Offers high effectiveness and a significant cash incentive but comes with a longer waiting period and higher risk of side effects.
- **Alternative B**: Provides immediate access, similar vaccine effectiveness as Alternative A, lower risk of side effects, but much less financial incentive.
- **Alternative C**: Opting out means no risk from the vaccine itself but also no protection or financial benefit.

Given these considerations, I would distribute the probabilities based on a balance between urgency, effectiveness, side effect risks, and incentives. Here’s my assessment:

- **P(A)**: 0.35 (The significant cash incentive and high effectiveness are appealing despite the wait and higher risk of side effects.)
- **P(B)**: 0.45 (Immediate access and lower risk of side effects make this a very attractive option, even with a smaller cash incentive.)
- **P(C)**: 0.20 (Opting out is less likely as it provides no benefits, but some might prefer to avoid the vaccine due to personal beliefs or health concerns.)

These probabilities reflect a scenario where most people are inclined towards vaccination for its protective benefits and weigh the immediate access and lower side effects more heavily than financial incentives alone.",success
16,3,8,"In making a decision about which vaccination option to choose, it's important to weigh several factors including the waiting time, vaccine effectiveness, risk of side effects, cash incentive, and personal or societal preferences regarding vaccine origin. Here’s how these factors might be considered:

- **Waiting Time**: A shorter wait is generally more convenient.
- **Vaccine Effectiveness**: Both options A and B have the same high effectiveness rate of 95%, which makes them equally attractive in terms of protection against COVID-19.
- **Risk of Side Effects**: Lower risk of side effects can be a significant factor for many individuals, as it reduces potential health concerns post-vaccination.
- **Cash Incentive**: Financial incentives can also influence decisions, especially if the amount is substantial enough to impact personal finances or contribute to other important expenses.
- **Vaccine Origin**: The preference for domestic or imported vaccines might depend on trust in regulatory standards and personal beliefs about vaccine safety and effectiveness.

Given these considerations, here’s a probabilistic approach to the decision:

- **Alternative A** has a longer wait but offers a significant financial incentive. This might be appealing if the individual values the cash incentive highly enough to offset the waiting period.
- **Alternative B** is immediately available with minimal side effects and provides basic protection without any additional wait or significant risk. The lower cash incentive might not be as compelling, but the immediate availability and low side effect rate are strong positives.
- **Alternative C** (opting out) would only be chosen if there are strong personal beliefs against vaccination or specific health reasons that preclude getting vaccinated.

Given these points, a reasonable distribution of probabilities reflecting a balanced consideration of all factors might look like this:

P(A): 0.3
P(B): 0.6
P(C): 0.1

This distribution suggests a preference for the immediate and safer option (B), with a moderate consideration for the financial incentive in A, and a small probability of opting out entirely.",success
16,3,9,"When making a decision like choosing a COVID-19 vaccination, it's important to weigh the various factors such as waiting time, vaccine effectiveness, risk of side effects, cash incentives, and personal values regarding vaccine origin. Here’s how I would distribute the probabilities based on these considerations:

1. **Alternative A:**
   - **Waiting time:** 3 months is a significant wait, which might be less appealing.
   - **Vaccine effectiveness:** 95% is very high, making it attractive.
   - **Risk of side effects:** 10% is relatively high, which could deter some people.
   - **Cash incentive:** 800 RMB is a substantial amount that could influence the decision positively.
   - **Vaccine origin:** Imported vaccines might be preferred by those who trust international standards more.

2. **Alternative B:**
   - **Waiting time:** Walk-in (no wait) is very convenient and appealing.
   - **Vaccine effectiveness:** 95% is also very high, making it equally effective as Alternative A.
   - **Risk of side effects:** 1% is much lower, which is a significant advantage.
   - **Cash incentive:** 50 RMB is much less than the cash incentive for Alternative A.
   - **Vaccine origin:** Domestic vaccines might be preferred by those who trust local standards.

3. **Alternative C:**
   - **Waiting time:** Not applicable since this option involves not getting vaccinated at all.
   - **Vaccine effectiveness:** 0%, as no vaccine means no protection.
   - **Risk of side effects:** 0% for the vaccine itself, but there is a risk of contracting COVID-19.
   - **Cash incentive:** No cash incentive.
   - **Vaccine origin:** Not applicable.

Given these considerations, I would distribute the probabilities as follows:

- **P(A):** 0.3
  - The high effectiveness and substantial cash incentive are strong positives, but the long waiting time and higher risk of side effects are significant drawbacks.
  
- **P(B):** 0.5
  - The walk-in availability, low risk of side effects, and equal vaccine effectiveness make this a very attractive option, despite the lower cash incentive.
  
- **P(C):** 0.2
  - Opting out has no immediate health benefits and leaves one vulnerable to COVID-19, but it might be chosen by those who are extremely risk-averse or have strong personal objections to vaccination.

These probabilities reflect a balanced consideration of the pros and cons of each alternative.",success
16,3,10,"To provide a probabilistic assessment of which alternative I would choose, it's important to consider the factors such as waiting time, vaccine effectiveness, risk of side effects, cash incentive, and vaccine origin. Here’s how these factors might influence the decision:

1. **Vaccine Effectiveness**: Both Alternatives A and B have the same 95% effectiveness, which is a strong positive factor for both.

2. **Risk of Side Effects**: Alternative B has a much lower risk of side effects (1%) compared to Alternative A (10%), making B more appealing from a safety perspective.

3. **Waiting Time**: Alternative B offers immediate vaccination, which is highly convenient and avoids the 3-month wait for Alternative A.

4. **Cash Incentive**: Alternative A provides a significantly higher cash incentive (800 RMB) compared to Alternative B (50 RMB). This could be a deciding factor for some individuals.

5. **Vaccine Origin**: The origin of the vaccine might influence trust and preference. Some might prefer domestic vaccines, while others might have more confidence in imported ones.

Given these considerations, I would assign probabilities based on the balance of these factors:

- **Alternative A**: High effectiveness and a substantial cash incentive are strong positives, but the long waiting time and higher risk of side effects are significant drawbacks. 
- **Alternative B**: Immediate availability and low risk of side effects are very appealing, though the lower cash incentive is a minor negative.
- **Alternative C**: Opting out means no protection against COVID-19, which is generally not recommended unless there are specific health reasons.

Based on these factors, here are the probabilities:

P(A): 0.3
P(B): 0.6
P(C): 0.1

These probabilities reflect a higher preference for Alternative B due to its immediate availability and lower risk of side effects, while still considering the benefits of Alternative A's cash incentive and the option to opt out (C).",success
17,3,1,"When making a decision about which vaccination option to choose, it's important to consider multiple factors such as the waiting time, vaccine effectiveness, risk of side effects, cash incentives, and personal preferences. Here’s an analysis based on these factors:

1. **Waiting Time**: Immediate availability (Alternative A) is highly valuable if you want to get vaccinated quickly.
2. **Vaccine Effectiveness**: Higher effectiveness (70% for Alternative B) can provide better protection against the virus.
3. **Risk of Side Effects**: Lower risk of side effects (1% for Alternative B) might be more appealing to those who are concerned about potential adverse reactions.
4. **Cash Incentive**: A higher cash incentive (200 RMB for Alternative B) can be a significant motivator.
5. **Vaccine Origin**: Some individuals may prefer domestic vaccines due to trust or availability concerns.

Given these considerations, here’s how I would distribute the probabilities:

- **Alternative A**:
  - Immediate availability is very appealing.
  - Lower effectiveness (50%) and higher risk of side effects (10%) are significant drawbacks.
  - The cash incentive (50 RMB) is modest but still a positive factor.
  - Domestic origin might be preferred by some.

- **Alternative B**:
  - A longer waiting time (3 months) is a major drawback.
  - Higher effectiveness (70%) and lower risk of side effects (1%) are strong positives.
  - The higher cash incentive (200 RMB) adds significant value.

- **Alternative C**:
  - Opting out means no immediate protection against the virus.
  - No waiting time, no side effects, and no cost involved.
  - This might be chosen by those who are skeptical about vaccines or prefer natural immunity.

Based on these considerations, I would assign the following probabilities:

P(A): 0.3
P(B): 0.5
P(C): 0.2

These probabilities reflect a balanced consideration of all factors, with a slight preference for Alternative B due to its higher effectiveness and lower risk of side effects, despite the longer waiting time.",success
17,3,2,"When making a decision about which vaccination option to choose, it's important to consider several factors including effectiveness, risk of side effects, waiting time, and any additional incentives. Here’s how I would weigh the options:

1. **Effectiveness**: A higher vaccine effectiveness generally means better protection against the virus.
2. **Risk of Side Effects**: Lower risk is preferable as it reduces the likelihood of adverse reactions.
3. **Waiting Time**: Immediate availability can be crucial, especially if there are concerns about rising infection rates.
4. **Cash Incentive**: While not the primary factor, a financial incentive can be a consideration for some individuals.

Given these factors, let's evaluate each alternative:

- **Alternative A**:
  - **Waiting time**: No wait
  - **Vaccine effectiveness**: 50% (moderate)
  - **Risk of side effects**: 10% (moderate)
  - **Cash incentive**: 50 RMB (low to moderate)
  - **Vaccine origin**: Domestic

- **Alternative B**:
  - **Waiting time**: 3 months (long wait)
  - **Vaccine effectiveness**: 70% (high)
  - **Risk of side effects**: 1% (very low)
  - **Cash incentive**: 200 RMB (high)
  - **Vaccine origin**: Imported

- **Alternative C**:
  - **No vaccination**: No protection, no risk of side effects, no waiting time, no cash incentive

### Decision Analysis:

- **Effectiveness vs. Risk**: Alternative B offers a higher effectiveness with a very low risk of side effects, making it the most protective option.
- **Waiting Time**: The long wait for Alternative B is a significant drawback, especially if immediate protection is needed.
- **Cash Incentive**: While the cash incentive for Alternative B is higher, it may not be enough to offset the long waiting time.

### Probabilities:

Given these considerations, I would assign probabilities as follows:

- **P(A)**: 0.3 (Moderate probability due to immediate availability and moderate effectiveness)
- **P(B)**: 0.5 (Highest probability due to high effectiveness and low risk of side effects, despite the long wait)
- **P(C)**: 0.2 (Lowest probability as opting out provides no protection)

These probabilities sum to 1:

P(A): 0.3
P(B): 0.5
P(C): 0.2",success
17,3,3,"In making a decision about which COVID-19 vaccination alternative to choose, we need to consider several factors including waiting time, vaccine effectiveness, risk of side effects, cash incentive, and personal values regarding the origin of the vaccine. Here’s an analysis based on these criteria:

1. **Waiting Time**: Immediate access (Alternative A) is highly valuable for those who want to get vaccinated as soon as possible.
2. **Vaccine Effectiveness**: Higher effectiveness (Alternative B at 70%) provides better protection against COVID-19 compared to lower effectiveness (Alternative A at 50%).
3. **Risk of Side Effects**: Lower risk (Alternative B at 1%) is preferable for those who are concerned about side effects.
4. **Cash Incentive**: The higher cash incentive (Alternative B at 200 RMB) might be more appealing, especially if the individual values financial compensation.
5. **Vaccine Origin**: Preferences regarding domestic or imported vaccines can vary based on personal trust and cultural factors.

Given these considerations, I will assign probabilities that reflect a balanced approach considering all factors:

- **Alternative A**: This option is good for immediate protection with a moderate effectiveness rate, though it has a higher risk of side effects. The cash incentive is the lowest among the options.
- **Alternative B**: This offers the highest vaccine effectiveness and the lowest risk of side effects but requires a long waiting time. It also provides the highest financial incentive.
- **Alternative C**: Opting out means no protection from the virus, which might not be advisable given the ongoing pandemic.

Here’s how I would distribute the probabilities:

P(A): 0.3
P(B): 0.6
P(C): 0.1

These probabilities reflect a higher preference for Alternative B due to its higher effectiveness and lower side effects, despite the longer waiting time. Alternative A is still considered as it offers immediate protection, which can be crucial in some situations. Opting out (Alternative C) is given the lowest probability as it provides no protection against the virus.",success
17,3,4,"When making a decision like this, it's important to consider multiple factors including the effectiveness of the vaccine, the risk of side effects, the waiting time, and any incentives. Here’s how I would break down each option:

1. **Alternative A**:
   - Immediate availability is very appealing.
   - 50% effectiveness is relatively low compared to other options.
   - 10% risk of side effects is moderate.
   - 50 RMB cash incentive adds some value but not as much as the higher incentive in Alternative B.

2. **Alternative B**:
   - 3 months waiting time is a significant delay, especially if there’s an immediate threat or high prevalence of the virus.
   - 70% effectiveness is better than Alternative A.
   - Only 1% risk of side effects, which is very low.
   - 200 RMB cash incentive is substantial.

3. **Alternative C**:
   - Opting out means no protection against the virus.
   - No waiting time or side effects to consider.
   - No financial incentive.

Given these considerations, I would assign probabilities based on a balanced approach considering both immediate benefits and long-term health impacts:

- **P(A)**: 0.3 (Immediate availability is valuable, but lower effectiveness and higher risk of side effects are concerns.)
- **P(B)**: 0.5 (Higher effectiveness and very low risk of side effects make this option attractive despite the waiting time and better cash incentive.)
- **P(C)**: 0.2 (Opting out has a significant downside in terms of health protection, but it might be chosen by those who are very risk-averse or skeptical about vaccines.)

These probabilities sum to 1 and reflect a balanced consideration of all factors.",success
17,3,5,"To provide a probabilistic choice, I'll evaluate each option based on the provided criteria and assign weights accordingly. The decision-making process will consider the balance between vaccine effectiveness, risk of side effects, waiting time, cash incentive, and personal health preferences.

1. **Vaccine Effectiveness**: Higher effectiveness is generally more desirable.
2. **Risk of Side Effects**: Lower risk is preferred to avoid potential health issues.
3. **Waiting Time**: Immediate availability can be crucial in a pandemic situation.
4. **Cash Incentive**: Financial incentives might influence the decision, especially if other factors are similar.
5. **Vaccine Origin**: Personal preference or trust in domestic vs. imported vaccines.

### Analysis of Alternatives

- **Alternative A**:
  - **Pros**: No waiting time, immediate protection, and a cash incentive.
  - **Cons**: Lower effectiveness (50%) and higher risk of side effects (10%).

- **Alternative B**:
  - **Pros**: Higher effectiveness (70%), lower risk of side effects (1%), and a significant cash incentive.
  - **Cons**: Long waiting time (3 months).

- **Alternative C**:
  - **Pros**: No immediate health risks or side effects, no need to wait.
  - **Cons**: No protection against the virus, no financial benefit.

### Weighted Probabilities

Given the criteria:

- **Effectiveness and Side Effects**: Alternative B is more favorable due to higher effectiveness and lower side effects.
- **Waiting Time**: Immediate availability (Alternative A) is a significant advantage over waiting three months (Alternative B).
- **Cash Incentive**: The 200 RMB in Alternative B is more attractive than the 50 RMB in Alternative A, but the immediate 50 RMB might still be valuable.
- **Vaccine Origin**: This can vary by personal preference, but generally, imported vaccines are trusted for higher standards.

### Probabilistic Choice

Based on the analysis, I would assign probabilities as follows:

- **P(A)**: 0.3 (Immediate availability and some financial incentive, despite lower effectiveness and higher side effects)
- **P(B)**: 0.5 (Higher effectiveness, lower side effects, significant financial incentive, but long wait time)
- **P(C)**: 0.2 (Opting out is a valid choice for those who are risk-averse or skeptical of vaccines)

### Final Probabilities

P(A): 0.3  
P(B): 0.5  
P(C): 0.2  

These probabilities reflect a balanced consideration of the provided alternatives, taking into account both immediate and long-term benefits and risks.",success
17,3,6,"When evaluating the alternatives for COVID-19 vaccination, it's important to consider multiple factors including effectiveness, risk of side effects, waiting time, and any additional incentives. Here’s a breakdown of each alternative:

### Alternative A:
- **Waiting Time:** Walk-in (no wait) - This is highly convenient.
- **Vaccine Effectiveness:** 50% - Moderate protection.
- **Risk of Side Effects:** 10% - Relatively high risk.
- **Cash Incentive:** 50 RMB - Small but additional benefit.
- **Vaccine Origin:** Domestic - May be more familiar and trusted by some.

### Alternative B:
- **Waiting Time:** 3 months - Long wait, which could increase the risk of contracting the virus during this period.
- **Vaccine Effectiveness:** 70% - Higher protection compared to A.
- **Risk of Side Effects:** 1% - Very low risk.
- **Cash Incentive:** 200 RMB - Significant financial benefit.
- **Vaccine Origin:** Imported - May be perceived as more advanced or reliable by some.

### Alternative C:
- **Do not receive the vaccine (opt out):**
- No waiting time, no side effects, but also no protection against the virus and no cash incentive.

Given these factors, here’s a probabilistic assessment:

- **Alternative A:** The immediate availability and small cash incentive are appealing, but the moderate effectiveness and relatively high risk of side effects are significant drawbacks. This might be suitable for someone who values convenience and immediate action.
  
- **Alternative B:** Despite the long waiting time, the higher effectiveness and very low risk of side effects make this a strong option. The substantial cash incentive is also a significant benefit. This might be more suitable for someone who can wait and prioritizes long-term protection.

- **Alternative C:** Opting out means no immediate risks or benefits, but it leaves one vulnerable to the virus. This might be chosen by those who are highly risk-averse regarding vaccines or have other health considerations.

### Probabilities:
- **P(A): 0.3** - A reasonable choice for those valuing convenience and immediate action.
- **P(B): 0.5** - The most balanced and protective option, despite the wait.
- **P(C): 0.2** - A minority choice for those who prefer to avoid vaccination altogether.

These probabilities reflect a balanced consideration of the factors involved.",success
17,3,7,"When evaluating the choices for a COVID-19 vaccination, it's important to consider factors such as vaccine effectiveness, risk of side effects, waiting time, and any incentives. Here’s a breakdown of how these factors might influence the decision:

### Alternative A:
- **Waiting Time:** Walk-in (no wait) - This is highly convenient.
- **Vaccine Effectiveness:** 50% - Moderately effective but not ideal for high-risk situations.
- **Risk of Side Effects:** 10% - Relatively low risk.
- **Cash Incentive:** 50 RMB - A small incentive, which might be a minor factor.
- **Vaccine Origin:** Domestic - Might be more trusted by some due to familiarity.

### Alternative B:
- **Waiting Time:** 3 months - This is a significant wait, which could be problematic if there's an immediate risk of infection.
- **Vaccine Effectiveness:** 70% - More effective than Alternative A, providing better protection.
- **Risk of Side Effects:** 1% - Very low risk, making it more appealing.
- **Cash Incentive:** 200 RMB - A substantial incentive that might be attractive.
- **Vaccine Origin:** Imported - Might be seen as higher quality but could also raise concerns about supply and trust.

### Alternative C:
- **Do not receive the vaccine (opt out):**
- No immediate risk from the vaccine itself, but increased risk of contracting COVID-19, which can have severe consequences.
- No waiting time or side effects to consider.
- No cash incentive.

### Decision Analysis:
Given the factors, here’s a probabilistic distribution based on the trade-offs:

- **Alternative A:** The convenience of no wait and a moderate effectiveness might make this option appealing for those who want immediate protection. However, the 50% effectiveness is a significant drawback.
- **Alternative B:** Despite the long waiting time, the higher effectiveness and lower risk of side effects make it a strong choice. The substantial cash incentive is also a positive factor.
- **Alternative C:** Opting out means no immediate risks but also no protection against COVID-19. This might be suitable for those who are at low risk or have concerns about vaccines.

### Probabilities:
Based on the analysis, here’s a possible distribution of probabilities:

- **P(A): 0.25** - Reflects the convenience and moderate effectiveness, balanced by the lower overall protection.
- **P(B): 0.50** - Higher effectiveness and low side effects make this the most appealing option, despite the wait.
- **P(C): 0.25** - Opting out is a valid choice for those who are at low risk or have significant concerns about vaccines.

These probabilities sum to 1 and reflect a balanced consideration of all factors.",success
17,3,8,"When making a decision about vaccination, it's important to consider multiple factors including effectiveness, side effects, waiting time, and any incentives. Here’s an analysis of the three alternatives:

- **Alternative A**: This option offers immediate availability with no wait, which is a significant advantage if there's a need for quick protection or if the virus is spreading rapidly in the community. The vaccine has moderate effectiveness (50%) and a relatively high risk of side effects (10%). There is also a small cash incentive (50 RMB). Given that it is domestically produced, there might be additional trust or preference based on local regulations and support.

- **Alternative B**: This option requires a significant waiting time (3 months), which could be a major drawback if immediate protection is needed. However, it offers higher effectiveness (70%) and a much lower risk of side effects (1%). The cash incentive is also significantly higher (200 RMB). Being an imported vaccine might raise concerns about availability or acceptance in some communities, but it generally suggests a higher standard due to international regulations.

- **Alternative C**: Opting out of vaccination means avoiding all risks associated with the vaccine, including side effects and any potential adverse reactions. However, this also leaves one unprotected against the virus, which could be particularly risky if the virus has high transmission rates or severe health impacts in unvaccinated individuals.

Given these considerations, I would assign probabilities as follows:

- **P(A)**: 0.3
- **P(B)**: 0.5
- **P(C)**: 0.2

**Rationale**:
- Alternative B is the most favorable due to its higher effectiveness and lower risk of side effects, despite the long waiting time and being an imported vaccine.
- Alternative A offers immediate protection and a small incentive, which might be valuable in certain situations but has a lower effectiveness and higher risk of side effects.
- Opting out (Alternative C) is the least favorable due to the lack of protection against the virus, though it avoids all risks associated with vaccination.

These probabilities reflect a balanced approach considering both immediate and long-term benefits and risks.",success
17,3,9,"When making a decision like this, it's important to weigh all factors including effectiveness, risk of side effects, waiting time, and any incentives. Here’s how I might break down the choices based on these criteria:

1. **Effectiveness**: Higher effectiveness generally means better protection against COVID-19. Alternative B has the highest effectiveness at 70%, followed by A at 50%.

2. **Risk of Side Effects**: Lower risk is preferable, especially for those who are more concerned about side effects. Alternative B has a much lower risk (1%) compared to A (10%).

3. **Waiting Time**: Immediate availability can be crucial in a pandemic situation where the virus is spreading rapidly. Alternative A offers walk-in service with no wait time.

4. **Cash Incentive**: Financial incentives can play a role, especially for those who might need additional motivation. Alternative B offers the highest incentive at 200 RMB, followed by A at 50 RMB.

5. **Vaccine Origin**: The origin of the vaccine might influence trust in its quality and safety. Some people may prefer imported vaccines due to perceived higher standards or familiarity with certain brands.

Given these considerations, here’s a possible distribution of probabilities:

- **P(A)**: 0.2
- **P(B)**: 0.6
- **P(C)**: 0.2

**Rationale**:
- Alternative A is less effective and has a higher risk of side effects, but it offers immediate protection and some financial incentive. It might be chosen by those who prioritize quick access over long-term effectiveness.
- Alternative B is the most balanced option with high effectiveness, low risk of side effects, and a significant financial incentive. It might be the preferred choice for many people who are willing to wait for better protection.
- Opting out (Alternative C) might be considered by those who are highly skeptical about vaccines or have other reasons not to get vaccinated, despite the benefits of vaccination.

These probabilities reflect a balanced consideration of all factors and represent a hypothetical decision-making process.",success
17,3,10,"To provide a probabilistic choice among the alternatives, we need to consider various factors such as the effectiveness of the vaccine, risk of side effects, waiting time, cash incentives, and personal health considerations. Here’s a breakdown of how these factors might influence the decision:

1. **Effectiveness**: A more effective vaccine is generally preferred to reduce the likelihood of contracting COVID-19.
2. **Risk of Side Effects**: Lower risk of side effects is preferable for those who are more concerned about safety.
3. **Waiting Time**: Immediate availability can be crucial, especially in regions with high infection rates.
4. **Cash Incentive**: Financial incentives might influence the decision, particularly for individuals who value immediate rewards.
5. **Vaccine Origin**: Some individuals may have preferences based on trust in domestic or imported vaccines.

Given these considerations, here’s a probabilistic distribution:

- **Alternative A**:
  - Immediate availability is a strong plus.
  - Lower effectiveness (50%) and higher risk of side effects (10%) are significant drawbacks.
  - The cash incentive (50 RMB) is moderate.
  - Domestic origin might be preferred by some.

- **Alternative B**:
  - Higher effectiveness (70%) and lower risk of side effects (1%) make it more attractive from a health perspective.
  - Long waiting time (3 months) is a major drawback, especially in areas with high infection rates.
  - The cash incentive (200 RMB) is substantial.
  - Imported origin might be seen as more reliable by some.

- **Alternative C**:
  - Opting out eliminates the risk of side effects but leaves the individual vulnerable to COVID-19.
  - No immediate financial benefit.

Based on these factors, I would distribute the probabilities as follows:

- **P(A)**: 0.3 (Immediate availability and moderate cash incentive balance out lower effectiveness and higher side effect risk)
- **P(B)**: 0.5 (Higher effectiveness and lower side effect risk outweigh long waiting time and high cash incentive)
- **P(C)**: 0.2 (Opting out is a valid choice for those who are risk-averse or have other health concerns)

Thus, the probabilities sum to 1:

P(A): 0.3
P(B): 0.5
P(C): 0.2",success
18,3,1,"To provide a structured response, I'll consider the key factors involved in making this decision: waiting time, vaccine effectiveness, risk of side effects, cash incentive, and vaccine origin. Given that the waiting time is the same for both A and B, it won't influence the choice between these two options.

### Factors to Consider:
1. **Vaccine Effectiveness**: Higher effectiveness means better protection against COVID-19.
2. **Risk of Side Effects**: Lower risk is generally preferred.
3. **Cash Incentive**: A higher cash incentive can be a motivating factor.
4. **Vaccine Origin**: Some individuals might prefer domestic vaccines due to trust or logistical reasons.

### Analysis:
- **Alternative A** offers the highest effectiveness (95%) and the lowest risk of side effects (0.1%), along with a significant cash incentive (800 RMB). The vaccine is imported, which might be a factor for some.
- **Alternative B** has lower effectiveness (50%) and a higher risk of side effects (1%), but it comes with a smaller cash incentive (200 RMB) and is domestically produced.
- **Alternative C** involves not getting vaccinated at all, which means no protection against the virus.

### Decision:
Given the high importance of vaccine effectiveness in protecting against COVID-19, and considering that the side effect risk for Alternative A is very low, I would lean heavily towards Alternative A. The cash incentive is also a significant factor, making it even more appealing.

However, there might be some individuals who prefer domestic vaccines or are hesitant to receive any vaccine at all. Therefore, while Alternative A is the most compelling, I'll assign probabilities that reflect this analysis:

- **P(A): 0.8**
- **P(B): 0.15**
- **P(C): 0.05**

These probabilities sum to 1 and reflect a strong preference for the vaccine with the highest effectiveness and lowest risk of side effects, while still accounting for other considerations.",success
18,3,2,"When evaluating the alternatives, it's important to consider multiple factors such as waiting time, effectiveness, risk of side effects, cash incentive, and vaccine origin. Here’s a breakdown of how these factors might influence the decision:

1. **Effectiveness**: 
   - Alternative A offers 95% effectiveness, which is significantly higher than the 50% effectiveness of Alternative B.
   - Higher effectiveness means better protection against the virus.

2. **Risk of Side Effects**:
   - Alternative A has a lower risk of side effects (0.1%) compared to Alternative B (1%).
   - Lower risk of side effects is generally preferable, especially for those who are more concerned about potential adverse reactions.

3. **Cash Incentive**:
   - Alternative A offers a higher cash incentive (800 RMB) compared to Alternative B (200 RMB).
   - The higher incentive might be attractive for those who value the financial reward.

4. **Vaccine Origin**:
   - Alternative A uses an imported vaccine, which might be perceived as more reliable or of higher quality by some individuals.
   - Alternative B uses a domestic vaccine, which might be preferred by those who support local products or have concerns about the supply chain for imported vaccines.

5. **Waiting Time**:
   - Both alternatives A and B have the same waiting time of 6 months, so this factor does not differentiate between them.

Given these considerations, I would assign probabilities based on the relative importance of each factor:

- **Alternative A**: High effectiveness, low risk of side effects, high cash incentive, imported vaccine. This combination is highly favorable.
- **Alternative B**: Lower effectiveness, higher risk of side effects, lower cash incentive, domestic vaccine. This combination is less favorable but still an option for those who prefer a domestic product or have concerns about the imported vaccine.
- **Alternative C**: Opting out means no protection against the virus, which is generally not recommended given the ongoing pandemic.

Here are the probabilities:

- **P(A)**: 0.7
- **P(B)**: 0.2
- **P(C)**: 0.1

These probabilities reflect a strong preference for Alternative A due to its high effectiveness and low risk of side effects, with some consideration given to Alternative B and a small chance of opting out (Alternative C).",success
18,3,3,"In making a decision about which vaccination choice to select, it's important to weigh the factors of waiting time, vaccine effectiveness, risk of side effects, cash incentive, and vaccine origin. Given that all alternatives have the same waiting time (6 months), this factor does not influence the decision. Here’s how I would evaluate the other factors:

1. **Vaccine Effectiveness**: Higher effectiveness is generally more desirable as it provides better protection against COVID-19.
2. **Risk of Side Effects**: A lower risk of side effects is preferred, as it reduces the chance of experiencing adverse reactions.
3. **Cash Incentive**: While not a primary health consideration, a higher cash incentive can be seen as an additional benefit.
4. **Vaccine Origin**: The origin of the vaccine (imported vs. domestic) might influence trust or preference based on personal or societal perceptions.

Given these considerations, I would assign probabilities to each alternative based on their overall appeal:

- **Alternative A** offers the highest effectiveness (95%) and a relatively low risk of side effects (0.1%), along with a significant cash incentive (800 RMB). The vaccine is imported, which might be seen as more reliable by some.
- **Alternative B** has lower effectiveness (50%) and a higher risk of side effects (1%), but it also provides a smaller cash incentive (200 RMB) and uses a domestic vaccine.
- **Alternative C** involves not getting vaccinated at all, which means no protection against the virus, no risk of side effects, and no cash incentive.

Based on these evaluations, I would assign the following probabilities:

- P(A): 0.6
- P(B): 0.3
- P(C): 0.1

These probabilities reflect a preference for the higher effectiveness and lower side effect risk of Alternative A, while still considering the other options to some degree.",success
18,3,4,"To provide a probabilistic choice among the given alternatives, we need to consider various factors such as effectiveness, risk of side effects, waiting time, and cash incentives. Here’s how these factors might influence the decision:

1. **Effectiveness**: Higher effectiveness is generally more desirable.
2. **Risk of Side Effects**: Lower risk of side effects is preferred.
3. **Waiting Time**: All options have the same waiting time, so this factor doesn't differentiate them.
4. **Cash Incentive**: A higher cash incentive can be a motivating factor for some individuals.
5. **Vaccine Origin**: Some might prefer domestic vaccines due to trust or logistical reasons, while others might favor imported vaccines if they are perceived as more reliable.

Given these considerations, let's assign probabilities that reflect the balance of these factors:

- **Alternative A**: High effectiveness (95%) and low risk of side effects (0.1%) make this a very attractive option. The higher cash incentive (800 RMB) further increases its appeal. However, some might be hesitant about imported vaccines.
- **Alternative B**: Lower effectiveness (50%) and higher risk of side effects (1%) make this less appealing. The lower cash incentive (200 RMB) also reduces its attractiveness. However, it is a domestic vaccine, which might be preferred by some.
- **Alternative C**: Opting out means no protection against the virus, which is generally not recommended from a health perspective.

Based on these factors, I would assign the following probabilities:

P(A): 0.7
P(B): 0.2
P(C): 0.1

These probabilities sum to 1 and reflect the higher preference for Alternative A due to its superior effectiveness and lower risk of side effects, with some consideration given to Alternatives B and C.",success
18,3,5,"When making a decision about vaccination, it's important to consider multiple factors including effectiveness, risk of side effects, waiting time, and any incentives. Here’s an analysis based on the provided alternatives:

- **Alternative A**: This option offers the highest vaccine effectiveness (95%) with the lowest risk of side effects (0.1%). The cash incentive is also significant at 800 RMB. However, it has a long waiting time of 6 months.
- **Alternative B**: While this option also has a 6-month waiting time, its effectiveness is much lower at 50%, and the risk of side effects is higher (1%). The cash incentive is smaller (200 RMB).
- **Alternative C**: Opting out means no waiting time, no risk of side effects, and no immediate health benefits from vaccination. It also means forgoing any potential long-term protection against COVID-19.

Given these factors, here’s a probabilistic approach to the decision:

- **P(A)**: 0.6
  - High effectiveness (95%) is crucial in providing strong protection.
  - Low risk of side effects (0.1%) makes it a safer choice.
  - The significant cash incentive (800 RMB) adds value.

- **P(B)**: 0.2
  - Lower effectiveness (50%) reduces its appeal significantly.
  - Higher risk of side effects (1%) is a concern.
  - Smaller cash incentive (200 RMB) provides less additional benefit.

- **P(C)**: 0.2
  - Opting out might be considered if there are strong personal or health reasons to avoid vaccination.
  - No immediate health risks but also no protection against the virus.

These probabilities reflect a preference for the highest effectiveness and lowest risk, while still considering the value of incentives and personal choice. The sum of these probabilities is 1, indicating a complete distribution of choices based on the given criteria.",success
18,3,6,"When making a decision regarding COVID-19 vaccination, it's important to consider multiple factors including the effectiveness of the vaccine, the risk of side effects, waiting time, and any additional incentives. Here’s a breakdown of how these factors might influence the probabilities for each alternative:

### Alternative A:
- **Vaccine Effectiveness (95%)**: High effectiveness is a significant positive factor.
- **Risk of Side Effects (0.1%)**: Very low risk of side effects, which is favorable.
- **Cash Incentive (800 RMB)**: A substantial cash incentive can be a strong motivator.
- **Vaccine Origin (Imported)**: Some may prefer imported vaccines due to perceived higher quality or trust.

### Alternative B:
- **Vaccine Effectiveness (50%)**: Lower effectiveness compared to Alternative A, which is less favorable.
- **Risk of Side Effects (1%)**: Higher risk of side effects compared to Alternative A.
- **Cash Incentive (200 RMB)**: Lower cash incentive than Alternative A.
- **Vaccine Origin (Domestic)**: Some may prefer domestic vaccines due to national pride or accessibility.

### Alternative C:
- **No Vaccine**: Opting out means no protection against the virus, which is a significant risk given the ongoing pandemic.
- **No Waiting Time**: Immediate decision with no waiting period.
- **No Risk of Side Effects**: No side effects from not getting vaccinated.
- **No Cash Incentive**: No financial benefit.

Given these considerations, here are the probabilities for each alternative:

- **P(A)**: 0.6
- **P(B)**: 0.3
- **P(C)**: 0.1

### Explanation:
- **Alternative A** is the most favorable due to its high effectiveness and low risk of side effects, coupled with a substantial cash incentive.
- **Alternative B** has some appeal due to the shorter waiting time and domestic origin, but the lower effectiveness and higher risk of side effects make it less attractive.
- **Alternative C** (opting out) is the least favorable due to the lack of protection against the virus, despite no waiting time or side effects.

These probabilities reflect a weighted consideration of all factors, with a strong preference for the most effective and safe option.",success
18,3,7,"When evaluating the choices for a COVID-19 vaccination, it's important to consider several factors including vaccine effectiveness, risk of side effects, waiting time, and any additional incentives. Here’s a breakdown of each alternative:

### Alternative A:
- **Waiting Time:** 6 months (same as B)
- **Vaccine Effectiveness:** 95% (very high)
- **Risk of Side Effects:** 0.1% (very low)
- **Cash Incentive:** 800 RMB (high)
- **Vaccine Origin:** Imported

### Alternative B:
- **Waiting Time:** 6 months (same as A)
- **Vaccine Effectiveness:** 50% (moderate)
- **Risk of Side Effects:** 1% (higher than A)
- **Cash Incentive:** 200 RMB (lower than A)
- **Vaccine Origin:** Domestic

### Alternative C:
- **Do not receive the vaccine (opt out)**

### Considerations:
1. **Vaccine Effectiveness:**
   - A 95% effectiveness is significantly better than 50%, which could provide a much higher level of protection against COVID-19.
2. **Risk of Side Effects:**
   - The risk of side effects for Alternative A (0.1%) is very low compared to Alternative B (1%).
3. **Cash Incentive:**
   - The cash incentive for Alternative A (800 RMB) is much higher than for Alternative B (200 RMB), which could be a significant factor for some individuals.
4. **Vaccine Origin:**
   - Imported vaccines might have different perceptions of quality and trust compared to domestic ones, but this can vary widely depending on the individual's beliefs and the specific vaccines involved.

### Decision:
Given the high effectiveness and low risk of side effects of Alternative A, combined with a significant cash incentive, it seems to be the most favorable option. Opting out (Alternative C) would leave one without any protection against COVID-19, which is generally not advisable given the ongoing risks of the disease.

### Probabilities:
Based on the above considerations, here are the probabilities:

- **P(A): 0.7**
- **P(B): 0.2**
- **P(C): 0.1**

These probabilities reflect a strong preference for Alternative A due to its high effectiveness and low risk of side effects, with some consideration given to the other options.",success
18,3,8,"To provide a probabilistic choice among these alternatives, we need to consider various factors such as the effectiveness of the vaccine, the risk of side effects, the waiting time, and the cash incentive. Given that all options have the same waiting time, this factor is neutral. Here’s how I would weigh the other factors:

1. **Vaccine Effectiveness**: Higher effectiveness is generally more desirable because it provides better protection against COVID-19.
2. **Risk of Side Effects**: Lower risk of side effects is preferred to minimize potential health issues.
3. **Cash Incentive**: A higher cash incentive can be a motivating factor, especially if the other factors are relatively close.
4. **Vaccine Origin**: The origin of the vaccine might influence trust and preference, but it is less critical compared to effectiveness and safety.

Given these considerations:

- **Alternative A** offers the highest effectiveness (95%) and the lowest risk of side effects (0.1%), along with a substantial cash incentive (800 RMB). This makes it the most appealing option.
- **Alternative B** has lower effectiveness (50%) and a higher risk of side effects (1%), but still offers a small cash incentive (200 RMB).
- **Alternative C** involves no vaccination, which means no protection against COVID-19.

Based on these factors, I would assign probabilities as follows:

- **P(A)**: 0.7
- **P(B)**: 0.2
- **P(C)**: 0.1

These probabilities reflect a strong preference for the most effective and safe option (Alternative A), with some consideration given to the other alternatives.",success
18,3,9,"When evaluating the alternatives, it's important to consider several factors such as waiting time, vaccine effectiveness, risk of side effects, cash incentive, and personal values regarding vaccine origin. Here’s a breakdown of how these factors might influence the decision:

### Alternative A:
- **Waiting Time**: 6 months (same for all)
- **Vaccine Effectiveness**: 95% (very high)
- **Risk of Side Effects**: 0.1% (very low)
- **Cash Incentive**: 800 RMB (high)
- **Vaccine Origin**: Imported

### Alternative B:
- **Waiting Time**: 6 months (same for all)
- **Vaccine Effectiveness**: 50% (moderate)
- **Risk of Side Effects**: 1% (low to moderate)
- **Cash Incentive**: 200 RMB (low)
- **Vaccine Origin**: Domestic

### Alternative C:
- **Waiting Time**: N/A
- **Vaccine Effectiveness**: 0% (no protection)
- **Risk of Side Effects**: 0% (no side effects)
- **Cash Incentive**: 0 RMB (no incentive)
- **Vaccine Origin**: N/A

### Decision Factors:
1. **Health and Safety**:
   - **Effectiveness**: A is clearly superior with 95% effectiveness, which significantly reduces the risk of contracting COVID-19.
   - **Side Effects**: Both A and B have low risks of side effects, but A has a lower risk (0.1% vs 1%).

2. **Economic Incentive**:
   - **Cash Incentive**: A offers a much higher cash incentive (800 RMB vs 200 RMB).

3. **Personal Values**:
   - **Vaccine Origin**: Some individuals may prefer domestic vaccines due to trust or preference, but the effectiveness and safety of imported vaccines in this case are superior.

4. **Risk Tolerance**:
   - **Opting Out (C)**: This option provides no protection against COVID-19, which is a significant risk given the ongoing pandemic.

### Probabilities:
Given the high effectiveness and low side effect rate of Alternative A, combined with the substantial cash incentive, it seems to be the most favorable choice. However, personal values regarding vaccine origin might still influence some individuals.

Here are the probabilities based on these considerations:

- **P(A)**: 0.7 (70%)
- **P(B)**: 0.2 (20%)
- **P(C)**: 0.1 (10%)

These probabilities reflect a strong preference for Alternative A due to its high effectiveness and low risk, with some consideration given to the other options based on personal values and economic incentives.",success
18,3,10,"When making a decision about vaccination, it's important to consider various factors such as effectiveness, risk of side effects, waiting time, and incentives. Here’s a breakdown of the choices:

### Alternative A:
- **Waiting Time:** 6 months (same for all)
- **Vaccine Effectiveness:** 95% (very high)
- **Risk of Side Effects:** 0.1% (very low)
- **Cash Incentive:** 800 RMB (high)
- **Vaccine Origin:** Imported

### Alternative B:
- **Waiting Time:** 6 months (same for all)
- **Vaccine Effectiveness:** 50% (moderate)
- **Risk of Side Effects:** 1% (low but higher than A)
- **Cash Incentive:** 200 RMB (low)
- **Vaccine Origin:** Domestic

### Alternative C:
- **Do not receive the vaccine:**
- **Waiting Time:** Not applicable
- **Vaccine Effectiveness:** 0% (no protection)
- **Risk of Side Effects:** 0% (no risk from the vaccine, but higher risk from COVID-19)
- **Cash Incentive:** None
- **Vaccine Origin:** Not applicable

### Decision Factors:
1. **Effectiveness:** Alternative A offers the highest protection against COVID-19.
2. **Risk of Side Effects:** Alternative A has the lowest risk of side effects.
3. **Incentives:** Alternative A provides the highest cash incentive.
4. **Vaccine Origin:** Some people might prefer domestic vaccines, but this is less critical compared to effectiveness and safety.

### Probabilities:
Given the factors above, here’s a probabilistic distribution reflecting my preference:

- **P(A): 0.7** (High probability due to high effectiveness, low risk of side effects, and high cash incentive)
- **P(B): 0.2** (Moderate probability due to moderate effectiveness and lower incentives)
- **P(C): 0.1** (Low probability as it offers no protection)

These probabilities sum to 1, reflecting a weighted decision based on the given factors.",success
19,4,1,"In making a decision about which vaccination alternative to choose, it's important to consider multiple factors such as the waiting time, vaccine effectiveness, risk of side effects, cash incentive, and personal values. Given the information provided, here is a probabilistic assessment based on balancing these factors:

### Factors Considered:
1. **Waiting Time**: Shorter waiting times are generally preferred.
2. **Vaccine Effectiveness**: Higher effectiveness reduces the risk of contracting COVID-19.
3. **Risk of Side Effects**: The risk is the same for both vaccines (1%), so this factor does not influence the decision.
4. **Cash Incentive**: A higher cash incentive can be a motivating factor.
5. **Personal Values and Risk Tolerance**: Some individuals may prioritize immediate protection, while others might prefer waiting for a more effective vaccine.

### Probabilistic Assessment:
- **Alternative A**: This option offers the highest effectiveness (95%) but requires a longer wait (6 months). The cash incentive is lower (50 RMB), which might not be as significant.
- **Alternative B**: This option provides immediate protection with a shorter waiting time (1 month) and a higher cash incentive (200 RMB), but the effectiveness is much lower (50%).
- **Alternative C**: Opting out of vaccination means no protection against COVID-19, which could be risky depending on personal health conditions and community infection rates.

### Probabilities:
Given these considerations, here are the probabilities for each alternative:

- **P(A)**: 0.4
- **P(B)**: 0.35
- **P(C)**: 0.25

These probabilities reflect a balance between the desire for high effectiveness and immediate protection, while also considering the cash incentives and personal risk tolerance. The higher probability assigned to Alternative A reflects the preference for long-term protection, while the lower probability for Alternative C indicates a low likelihood of opting out entirely.",success
19,4,2,"When making a decision about vaccination, it's important to consider multiple factors including waiting time, vaccine effectiveness, risk of side effects, and any incentives. Here’s an analysis based on the provided alternatives:

### Alternative A:
- **Waiting Time:** 6 months (longer wait but potentially higher protection)
- **Vaccine Effectiveness:** 95% (very high)
- **Risk of Side Effects:** 1% (low)
- **Cash Incentive:** 50 RMB (moderate)
- **Vaccine Origin:** Domestic

### Alternative B:
- **Waiting Time:** 1 month (shorter wait but lower protection)
- **Vaccine Effectiveness:** 50% (lower)
- **Risk of Side Effects:** 1% (low)
- **Cash Incentive:** 200 RMB (high)
- **Vaccine Origin:** Domestic

### Alternative C:
- **Do not receive the vaccine:**
- **Waiting Time:** N/A
- **Vaccine Effectiveness:** 0% (no protection)
- **Risk of Side Effects:** 0%
- **Cash Incentive:** None
- **Vaccine Origin:** N/A

### Decision Analysis:
1. **Protection and Risk:**
   - Alternative A offers the highest protection (95%) but requires a longer wait.
   - Alternative B offers quicker access to vaccination but with lower effectiveness (50%).
   - Alternative C provides no protection against COVID-19.

2. **Incentives:**
   - Alternative A has a moderate cash incentive of 50 RMB.
   - Alternative B has a higher cash incentive of 200 RMB, which might be more attractive financially.
   - Alternative C offers no financial benefit.

3. **Waiting Time:**
   - Waiting for 6 months (Alternative A) can be a significant consideration if the risk of exposure is high.
   - Waiting only 1 month (Alternative B) might be more appealing to those who want protection sooner.

### Probabilities:
Given the factors, I would assign probabilities as follows:

- **P(A):** 0.4
  - This option offers the highest effectiveness and a moderate incentive, but the long waiting time is a significant drawback.
- **P(B):** 0.5
  - The shorter wait time and higher cash incentive make this option more appealing, despite the lower effectiveness.
- **P(C):** 0.1
  - Opting out provides no protection and no financial benefit, which makes it less likely to be chosen.

These probabilities sum to 1 and reflect a balanced consideration of all factors.",success
19,4,3,"To provide a probabilistic choice, I'll consider the factors of waiting time, effectiveness, side effects, and cash incentives. Each factor will influence the decision differently for different individuals, but here’s an attempt to balance these factors:

1. **Effectiveness**: Higher effectiveness is generally more desirable.
2. **Waiting Time**: Shorter waiting times are preferred.
3. **Risk of Side Effects**: Since both A and B have the same risk, this factor will not influence the decision between them.
4. **Cash Incentive**: While cash incentives can be attractive, they should be weighed against the other factors.

Given these considerations:

- **Alternative A** offers high effectiveness (95%) but a long waiting time (6 months) and a lower cash incentive (50 RMB).
- **Alternative B** offers moderate effectiveness (50%) with a much shorter waiting time (1 month) and a higher cash incentive (200 RMB).
- **Alternative C** involves opting out, which means no protection from the vaccine.

Here’s a possible distribution of probabilities:

- **P(A)**: 0.4 (High effectiveness is very important, but the long wait might deter some people.)
- **P(B)**: 0.35 (Shorter waiting time and higher cash incentive are attractive, despite lower effectiveness.)
- **P(C)**: 0.25 (Some might prefer to avoid vaccination due to various personal reasons or concerns about side effects.)

These probabilities reflect a balanced consideration of all factors and sum up to 1.",success
19,4,4,"In evaluating the alternatives for COVID-19 vaccination, we need to consider several factors including waiting time, vaccine effectiveness, risk of side effects, cash incentives, and personal health values. Here’s a breakdown of how these factors might influence the decision:

### Alternative A:
- **Waiting Time:** 6 months (This is a significant delay that could increase the risk of contracting COVID-19 in the meantime.)
- **Vaccine Effectiveness:** 95% (Highly effective, which is very desirable.)
- **Risk of Side Effects:** 1% (Low risk, which is generally acceptable.)
- **Cash Incentive:** 50 RMB (Moderate incentive, might not be a strong motivator for many people.)
- **Vaccine Origin:** Domestic (Familiar and likely trusted.)

### Alternative B:
- **Waiting Time:** 1 month (Much shorter waiting time, which is very beneficial.)
- **Vaccine Effectiveness:** 50% (Lower effectiveness, which means less protection against the virus.)
- **Risk of Side Effects:** 1% (Same low risk as Alternative A.)
- **Cash Incentive:** 200 RMB (Higher incentive, might be more motivating for some people.)
- **Vaccine Origin:** Domestic (Familiar and likely trusted.)

### Alternative C:
- **Waiting Time:** N/A (No waiting time since you are opting out.)
- **Vaccine Effectiveness:** 0% (No protection against the virus.)
- **Risk of Side Effects:** 0% (No risk of side effects, but also no benefit.)
- **Cash Incentive:** 0 RMB (No financial incentive.)
- **Vaccine Origin:** N/A (Not applicable since you are not receiving a vaccine.)

### Decision Analysis:
1. **Health and Safety:**
   - Alternative A offers the highest protection against COVID-19 but requires a long wait.
   - Alternative B provides quicker access to the vaccine but with less effectiveness.
   - Alternative C leaves you completely unprotected.

2. **Financial Incentives:**
   - Alternative B offers the highest financial incentive, which might be a significant factor for some individuals.
   - Alternative A has a moderate financial incentive.
   - Alternative C offers no financial benefit.

3. **Personal Values and Risk Tolerance:**
   - If you prioritize immediate protection, even with lower effectiveness, Alternative B might be more appealing.
   - If you value high effectiveness but can wait, Alternative A is the better choice.
   - If you are not concerned about the virus or do not trust vaccines, Alternative C might be chosen.

### Probabilities:
Given these considerations, here’s a possible distribution of probabilities:

- **P(A):** 0.4 (High effectiveness and low risk of side effects make this option attractive, despite the long wait.)
- **P(B):** 0.35 (Shorter waiting time and higher financial incentive might be more appealing to some, even with lower effectiveness.)
- **P(C):** 0.25 (Opting out is a valid choice for those who do not want to take any risks or are not concerned about the virus.)

These probabilities sum to 1, reflecting a balanced consideration of all factors.

### Final Answer:
P(A): 0.4  
P(B): 0.35  
P(C): 0.25",success
19,4,5,"When evaluating the choices for COVID-19 vaccination, it's important to consider multiple factors such as waiting time, vaccine effectiveness, risk of side effects, cash incentives, and personal health priorities. Here’s a breakdown of how these factors might influence the decision:

### Alternative A:
- **Waiting Time**: 6 months (long wait)
- **Vaccine Effectiveness**: 95% (highly effective)
- **Risk of Side Effects**: 1% (low risk)
- **Cash Incentive**: 50 RMB (moderate incentive)
- **Vaccine Origin**: Domestic (familiar and potentially more trusted)

### Alternative B:
- **Waiting Time**: 1 month (short wait)
- **Vaccine Effectiveness**: 50% (less effective)
- **Risk of Side Effects**: 1% (low risk)
- **Cash Incentive**: 200 RMB (high incentive)
- **Vaccine Origin**: Domestic (familiar and potentially more trusted)

### Alternative C:
- **Do Not Receive the Vaccine**: No protection, no waiting time, no side effects, no cash incentive.

### Decision Analysis:
1. **Effectiveness**: A is highly effective (95%), while B is less effective (50%). This is a significant difference in terms of protection against COVID-19.
2. **Waiting Time**: B has a much shorter waiting time (1 month) compared to A (6 months). This could be important if the risk of exposure is high.
3. **Side Effects**: Both A and B have the same low risk of side effects (1%).
4. **Cash Incentive**: B offers a higher cash incentive (200 RMB) compared to A (50 RMB), which might be appealing for financial reasons.
5. **Vaccine Origin**: Both are domestic, so there's no significant difference in trust or familiarity.

### Probabilities:
Given the factors above, here’s how I would distribute the probabilities:

- **P(A)**: 0.4
  - A offers the highest protection but with a long wait time. This might be chosen by individuals who prioritize long-term health benefits and are willing to wait.
  
- **P(B)**: 0.5
  - B is a balanced choice with moderate effectiveness, a short waiting time, and a high cash incentive. It might be preferred by those who want some protection quickly and value the financial benefit.

- **P(C)**: 0.1
  - Opting out (C) is the least favorable due to the lack of protection against COVID-19. However, some individuals might choose this if they have strong personal reasons or concerns about vaccines.

### Final Probabilities:
- P(A): 0.4
- P(B): 0.5
- P(C): 0.1

These probabilities reflect a balanced consideration of the factors involved, with a slight preference for B due to its shorter waiting time and higher cash incentive, while still acknowledging the high effectiveness of A.",success
19,4,6,"When evaluating the choices for COVID-19 vaccination, it's important to consider various factors such as waiting time, vaccine effectiveness, risk of side effects, cash incentives, and personal health values. Here’s a structured way to think about each alternative:

### Alternative A:
- **Waiting Time**: 6 months (long wait)
- **Vaccine Effectiveness**: 95% (highly effective)
- **Risk of Side Effects**: 1% (low risk)
- **Cash Incentive**: 50 RMB (moderate incentive)
- **Vaccine Origin**: Domestic

### Alternative B:
- **Waiting Time**: 1 month (short wait)
- **Vaccine Effectiveness**: 50% (less effective)
- **Risk of Side Effects**: 1% (low risk)
- **Cash Incentive**: 200 RMB (high incentive)
- **Vaccine Origin**: Domestic

### Alternative C:
- **Do Not Receive the Vaccine**: 
- **Waiting Time**: N/A
- **Vaccine Effectiveness**: 0% (no protection)
- **Risk of Side Effects**: 0% (no risk)
- **Cash Incentive**: 0 RMB (no incentive)
- **Vaccine Origin**: N/A

### Analysis:
1. **Effectiveness and Waiting Time**:
   - Alternative A offers the highest effectiveness but requires a long wait.
   - Alternative B is less effective but available much sooner.
   - Alternative C provides no protection against COVID-19.

2. **Risk of Side Effects**:
   - Both alternatives A and B have a low risk of side effects (1%).

3. **Cash Incentive**:
   - Alternative B offers the highest cash incentive, which might be attractive for some individuals.
   - Alternative A offers a moderate incentive.
   - Alternative C offers no incentive.

4. **Personal Health Values**:
   - The value of protection against COVID-19 is high, especially given the potential severity of the disease.
   - Waiting time can be a significant factor, as getting vaccinated sooner might provide earlier protection and peace of mind.

### Probabilities:
Given these considerations, I would assign probabilities based on the balance between effectiveness, waiting time, and incentives. Here’s a possible distribution:

- **P(A)**: 0.4 (High effectiveness but long wait)
- **P(B)**: 0.5 (Short wait and high incentive, though less effective)
- **P(C)**: 0.1 (Low probability of opting out due to the lack of protection)

These probabilities sum to 1, reflecting a balanced consideration of all factors.

### Final Answer:
- P(A): 0.4
- P(B): 0.5
- P(C): 0.1",success
19,4,7,"When making a decision regarding COVID-19 vaccination, it's important to consider various factors such as the waiting time, vaccine effectiveness, risk of side effects, cash incentives, and personal values. Here’s how I would evaluate each alternative:

### Alternative A:
- **Waiting Time:** 6 months (long wait)
- **Vaccine Effectiveness:** 95% (very high)
- **Risk of Side Effects:** 1% (low)
- **Cash Incentive:** 50 RMB (moderate)
- **Vaccine Origin:** Domestic

### Alternative B:
- **Waiting Time:** 1 month (short wait)
- **Vaccine Effectiveness:** 50% (moderate)
- **Risk of Side Effects:** 1% (low)
- **Cash Incentive:** 200 RMB (high)
- **Vaccine Origin:** Domestic

### Alternative C:
- **Do not receive the vaccine (opt out)**

### Decision Analysis:

1. **Vaccine Effectiveness:**
   - A high effectiveness rate (95%) is crucial for protection against the virus.
   - A moderate effectiveness rate (50%) provides some protection but is less reliable.

2. **Waiting Time:**
   - Waiting 6 months could expose you to higher risk of infection during that period.
   - Waiting 1 month means you can get vaccinated sooner, reducing immediate risk.

3. **Risk of Side Effects:**
   - Both alternatives have a low risk of side effects (1%), which is generally acceptable.

4. **Cash Incentive:**
   - A higher cash incentive (200 RMB) might be more attractive for some.
   - A moderate cash incentive (50 RMB) is still beneficial but less so than 200 RMB.

5. **Personal Values and Risk Tolerance:**
   - Some individuals may prioritize immediate protection over a longer wait, even if the effectiveness is lower.
   - Others may prefer to wait for a more effective vaccine, especially if they are at higher risk of severe illness from COVID-19.

### Probabilities:

Given these considerations, I would assign probabilities as follows:

- **P(A): 0.4** (Waiting 6 months for a highly effective vaccine with a moderate cash incentive)
- **P(B): 0.3** (Getting vaccinated sooner with a less effective vaccine but a higher cash incentive)
- **P(C): 0.3** (Opting out of vaccination, which might be chosen if the individual is not at high risk or prefers to avoid vaccines)

These probabilities reflect a balanced approach, considering both the immediate benefits and long-term protection. The sum of these probabilities is 1.

### Final Answer:
- P(A): 0.4
- P(B): 0.3
- P(C): 0.3",success
19,4,8,"To provide a probabilistic choice among the alternatives, we need to consider various factors such as the waiting time, vaccine effectiveness, risk of side effects, cash incentive, and personal health values. Here’s a breakdown of how these factors might influence the decision:

1. **Waiting Time**: A shorter waiting time is generally more desirable.
2. **Vaccine Effectiveness**: Higher effectiveness provides better protection against the virus.
3. **Risk of Side Effects**: Both options have the same risk, so this factor doesn't differentiate between them.
4. **Cash Incentive**: A higher cash incentive might be attractive for some individuals.
5. **Personal Health Values**: This includes personal beliefs about vaccines and risk tolerance.

Given these factors, here’s a possible distribution of probabilities:

- **Alternative A**:
  - Pros: High effectiveness (95%), reasonable cash incentive (50 RMB), domestic origin.
  - Cons: Long waiting time (6 months).
  - Probability: 0.4

- **Alternative B**:
  - Pros: Short waiting time (1 month), high cash incentive (200 RMB), domestic origin.
  - Cons: Lower effectiveness (50%).
  - Probability: 0.3

- **Alternative C**:
  - Pros: No immediate health risks, no waiting time.
  - Cons: No protection against the virus, potential long-term health risks.
  - Probability: 0.3

These probabilities reflect a balanced consideration of all factors, with a slight preference for Alternative A due to its high effectiveness, despite the longer wait.

Thus, the probabilities are:
P(A): 0.4
P(B): 0.3
P(C): 0.3",success
19,4,9,"When making a decision like this, it's important to weigh the various factors such as waiting time, vaccine effectiveness, risk of side effects, and financial incentives. Here’s a breakdown of how these factors might influence the decision:

1. **Waiting Time**: A shorter waiting time is generally more favorable, but it must be balanced against other factors.
2. **Vaccine Effectiveness**: Higher effectiveness means better protection against COVID-19, which is crucial for personal and public health.
3. **Risk of Side Effects**: Both alternatives have the same risk of side effects (1%), so this factor doesn't significantly differentiate them.
4. **Cash Incentive**: Financial incentives can be a motivating factor, but they should not overshadow health considerations.
5. **Vaccine Origin**: Since both vaccines are domestic, origin is not a differentiating factor.

Given these considerations, here’s how I would distribute the probabilities:

- **Alternative A**:
  - High effectiveness (95%) provides strong protection against COVID-19.
  - Longer waiting time (6 months) might be less convenient but is outweighed by the high effectiveness.
  - Moderate cash incentive (50 RMB).
  - P(A): 0.6

- **Alternative B**:
  - Lower effectiveness (50%) means less protection, which is a significant downside.
  - Shorter waiting time (1 month) is more convenient.
  - Higher cash incentive (200 RMB).
  - P(B): 0.3

- **Alternative C**:
  - Opting out of vaccination means no protection against COVID-19, which is a high risk.
  - No financial incentives or waiting time.
  - P(C): 0.1

These probabilities reflect the balance between the benefits and risks associated with each alternative, with a strong preference for the vaccine that provides the highest level of protection (Alternative A), followed by the convenience and higher incentive of Alternative B, and a low probability of opting out due to the high risk involved.

Thus, the final probabilities are:
P(A): 0.6
P(B): 0.3
P(C): 0.1",success
19,4,10,"To provide a decision based on probabilities, we need to consider various factors such as the waiting time, vaccine effectiveness, risk of side effects, cash incentive, and personal values. Here’s a structured approach to determine the probabilities:

1. **Waiting Time**: A longer wait might be less favorable if there is an immediate threat or if you want to resume normal activities sooner.
2. **Vaccine Effectiveness**: Higher effectiveness means better protection against the virus.
3. **Risk of Side Effects**: Both options have a 1% risk, which is relatively low and similar for both vaccines.
4. **Cash Incentive**: A higher cash incentive might be more attractive but should be weighed against other factors.
5. **Personal Values and Circumstances**: This includes your tolerance for waiting, financial needs, and personal health concerns.

Given these considerations, let's assign probabilities:

- **Alternative A**:
  - Pros: High effectiveness (95%), moderate wait time (6 months), low risk of side effects (1%).
  - Cons: Longer wait time.
  - Probability: 0.4

- **Alternative B**:
  - Pros: Shorter wait time (1 month), higher cash incentive (200 RMB), low risk of side effects (1%).
  - Cons: Lower effectiveness (50%).
  - Probability: 0.3

- **Alternative C**:
  - Pros: No immediate risks, no waiting time.
  - Cons: No protection against the virus.
  - Probability: 0.3

These probabilities reflect a balanced consideration of all factors and sum to 1:

P(A): 0.4
P(B): 0.3
P(C): 0.3",success
20,4,1,"When making a decision regarding COVID-19 vaccination, it's important to consider factors such as the waiting time, vaccine effectiveness, risk of side effects, cash incentives, and personal values. Here’s how I would weigh these options:

### Alternative A:
- **Waiting Time:** 6 months (This is a significant delay, which could mean increased exposure risk.)
- **Vaccine Effectiveness:** 70% (Moderate protection, but not the highest available.)
- **Risk of Side Effects:** 0.1% (Very low risk, which is favorable.)
- **Cash Incentive:** 50 RMB (A small incentive that might be useful but not a major factor.)
- **Vaccine Origin:** Domestic (May be more familiar and trusted by some.)

### Alternative B:
- **Waiting Time:** Walk-in (No wait, immediate protection.)
- **Vaccine Effectiveness:** 95% (Highly effective, providing strong protection against the virus.)
- **Risk of Side Effects:** 1% (Slightly higher risk but still relatively low.)
- **Cash Incentive:** 50 RMB (Same as Alternative A, not a major factor.)
- **Vaccine Origin:** Imported (May be less familiar, but could be trusted if from reputable sources.)

### Alternative C:
- **Do Not Receive the Vaccine:**
- **Waiting Time:** N/A
- **Vaccine Effectiveness:** 0% (No protection against the virus.)
- **Risk of Side Effects:** 0% (No risk from the vaccine, but higher risk from the virus itself.)
- **Cash Incentive:** None
- **Vaccine Origin:** N/A

### Decision Weighing:
1. **Effectiveness and Waiting Time:**
   - Alternative B offers immediate protection with high effectiveness.
   - Alternative A has a significant waiting time, which could be risky.

2. **Risk of Side Effects:**
   - Both vaccines have low risk, but Alternative B is slightly higher.

3. **Personal Values:**
   - If immediate protection and high effectiveness are prioritized, Alternative B is the best choice.
   - If waiting for a domestic vaccine with lower side effects is preferred, Alternative A might be chosen.
   - Opting out (Alternative C) leaves one vulnerable to the virus, which could have serious health implications.

### Probabilities:
Given these considerations, I would assign probabilities as follows:

- **P(A): 0.2** (Waiting for a domestic vaccine with lower side effects but delayed protection.)
- **P(B): 0.7** (Highly effective and immediate protection, despite slightly higher side effect risk.)
- **P(C): 0.1** (Opting out is the least favorable due to no protection against the virus.)

These probabilities reflect a strong preference for high effectiveness and immediate protection, with some consideration given to lower side effects and domestic origin.",success
20,4,2,"When evaluating the choices for COVID-19 vaccination, it's important to consider various factors such as waiting time, vaccine effectiveness, risk of side effects, cash incentives, and personal values. Here’s a breakdown of how these factors might influence the decision:

### Alternative A:
- **Waiting Time:** 6 months (This is a significant delay and could mean increased exposure risk during that period.)
- **Vaccine Effectiveness:** 70% (Moderate effectiveness, but not as high as some other options.)
- **Risk of Side Effects:** 0.1% (Very low risk, which is favorable.)
- **Cash Incentive:** 50 RMB (A small incentive that might be a minor factor for some.)
- **Vaccine Origin:** Domestic (May be preferred by those who trust domestic products.)

### Alternative B:
- **Waiting Time:** Walk-in (No wait, immediate protection.)
- **Vaccine Effectiveness:** 95% (High effectiveness, which is very desirable.)
- **Risk of Side Effects:** 1% (Slightly higher risk, but still relatively low.)
- **Cash Incentive:** 50 RMB (Same as Alternative A.)
- **Vaccine Origin:** Imported (May be trusted by those who prefer international standards.)

### Alternative C:
- **Do not receive the vaccine:**
- **Risk of Infection:** Higher due to no protection.
- **No Waiting Time or Side Effects:** Not applicable since there is no vaccination.
- **No Cash Incentive.**

Given these considerations, here’s a probabilistic distribution based on the balance of these factors:

- **P(A): 0.2** (The long waiting time and moderate effectiveness are significant drawbacks, but the low risk of side effects and domestic origin might be appealing to some.)
- **P(B): 0.7** (High effectiveness and no waiting time make this a very attractive option, despite the slightly higher risk of side effects and imported origin.)
- **P(C): 0.1** (Opting out is the least favorable due to the increased risk of infection, but some might choose it for personal reasons.)

### Final Probabilities:
- P(A): 0.2
- P(B): 0.7
- P(C): 0.1

These probabilities reflect a balanced consideration of all factors and represent a rational decision-making process.",success
20,4,3,"To provide a structured response, I will consider each factor and weigh its importance in making the decision. Here's how I evaluate each option:

**Alternative A:**
- **Waiting time:** 6 months is a significant wait.
- **Vaccine effectiveness:** 70% is moderate but not as high as B.
- **Risk of side effects:** 0.1% is very low, which is positive.
- **Cash incentive:** 50 RMB is the same for A and B, so it doesn't differentiate between them.
- **Vaccine origin:** Domestic might be preferred by some due to familiarity or trust issues.

**Alternative B:**
- **Waiting time:** Walk-in (no wait) is highly convenient.
- **Vaccine effectiveness:** 95% is significantly higher than A, which means better protection against the virus.
- **Risk of side effects:** 1% is slightly higher but still relatively low.
- **Cash incentive:** 50 RMB is the same for A and B.
- **Vaccine origin:** Imported might be viewed as more reliable by some due to international standards.

**Alternative C:**
- **No vaccine:** This option avoids all side effects but leaves you unprotected against the virus, which could have significant health risks, especially if the virus has high transmission rates or severe symptoms in your area.

Given these considerations, I would assign probabilities based on a balance of effectiveness, risk, and convenience:

- **P(A): 0.1** - The long waiting time and moderate effectiveness make it less appealing.
- **P(B): 0.8** - High effectiveness, no wait, and manageable side effect risks make this the most attractive option.
- **P(C): 0.1** - Opting out is a low-probability choice given the potential health benefits of vaccination.

These probabilities sum to 1 and reflect my evaluation of the options provided.",success
20,4,4,"When making a decision about COVID-19 vaccination, it's important to consider several factors such as the waiting time, vaccine effectiveness, risk of side effects, cash incentives, and personal health beliefs. Here’s how I would weigh these options:

### Alternative A:
- **Waiting Time**: 6 months (long wait)
- **Vaccine Effectiveness**: 70% (moderate)
- **Risk of Side Effects**: 0.1% (very low)
- **Cash Incentive**: 50 RMB
- **Vaccine Origin**: Domestic

### Alternative B:
- **Waiting Time**: Walk-in (no wait)
- **Vaccine Effectiveness**: 95% (high)
- **Risk of Side Effects**: 1% (low)
- **Cash Incentive**: 50 RMB
- **Vaccine Origin**: Imported

### Alternative C:
- **Do not receive the vaccine (opt out)**

### Decision-Making Process:
1. **Waiting Time**: A 6-month wait is a significant delay, which could expose you to the risk of infection during that period.
2. **Vaccine Effectiveness**: 95% effectiveness is significantly better than 70%, providing much stronger protection against the virus.
3. **Risk of Side Effects**: Both options have low risks of side effects, but 1% is slightly higher than 0.1%. However, this difference might be outweighed by the higher effectiveness of Alternative B.
4. **Cash Incentive**: The cash incentive is the same for both A and B, so it doesn't influence the decision between these two.
5. **Vaccine Origin**: While origin can be a factor, in this case, the effectiveness and waiting time are more critical.

### Probabilities:
Given the above considerations, I would assign probabilities as follows:

- **P(A)**: 0.1 (Low probability due to long wait time)
- **P(B)**: 0.8 (High probability due to high effectiveness and no wait time)
- **P(C)**: 0.1 (Low probability, but some might prefer to avoid vaccination)

These probabilities sum to 1, reflecting the relative attractiveness of each option based on the given criteria.",success
20,4,5,"When making a decision like choosing a COVID-19 vaccination option, it's important to weigh the various factors such as waiting time, effectiveness, risk of side effects, cash incentives, and personal beliefs about vaccine origin. Here’s a probabilistic approach based on these considerations:

### Factors Considered:
1. **Waiting Time**: A 6-month wait for Alternative A might be significant for many people.
2. **Vaccine Effectiveness**: Higher effectiveness is generally preferred (95% vs. 70%).
3. **Risk of Side Effects**: Lower risk is better, but the difference between 0.1% and 1% might not be a major deciding factor for most.
4. **Cash Incentive**: Both A and B offer the same incentive, so this doesn't differentiate them.
5. **Vaccine Origin**: Some might prefer domestic vaccines due to trust or availability issues.

### Probabilistic Distribution:
Given these factors, here’s a possible distribution of probabilities:

- **P(A)**: The long waiting time is a significant drawback, but for those who are patient and have strong preferences for domestic products, this might still be an option.
  - P(A) = 0.2

- **P(B)**: This alternative offers the highest effectiveness with no wait time, which makes it very appealing despite the slightly higher risk of side effects.
  - P(B) = 0.6

- **P(C)**: Opting out is a choice for those who are highly skeptical about vaccines or have strong personal reasons to avoid them.
  - P(C) = 0.2

### Summary:
- P(A): 0.2
- P(B): 0.6
- P(C): 0.2

These probabilities reflect the relative attractiveness of each option based on the given factors and a general preference for higher effectiveness and shorter waiting times, balanced with reasonable risk tolerance and personal preferences.",success
20,4,6,"To provide a probabilistic choice, we need to consider various factors such as the waiting time, vaccine effectiveness, risk of side effects, cash incentive, and personal values. Here’s a breakdown:

- **Alternative A**: This option has a moderate effectiveness (70%) and very low risk of side effects (0.1%). However, it requires a 6-month wait, which might be a significant deterrent for many people. The domestic origin and the cash incentive of 50 RMB are positive factors.
  
- **Alternative B**: This option has high effectiveness (95%) and a higher but still low risk of side effects (1%). It is immediately available (walk-in), which is very convenient. The imported origin might be a concern for some, but the cash incentive of 50 RMB remains the same as in Alternative A.

- **Alternative C**: Opting out means no protection from the vaccine and no financial reward. This choice might be preferred by those who are strongly opposed to vaccination or have other health concerns that make them ineligible.

Given these considerations, here’s a probabilistic distribution based on a balanced evaluation:

- **P(A)**: 0.3 (The moderate effectiveness and very low side effects are appealing, but the long wait time is a significant drawback.)
- **P(B)**: 0.6 (High effectiveness, immediate availability, and acceptable risk of side effects make this a strong choice.)
- **P(C)**: 0.1 (Opting out is less likely for most people who value health protection and financial incentives.)

These probabilities sum to 1 and reflect a balanced consideration of the factors involved.",success
20,4,7,"When making a decision regarding vaccination, it's important to weigh the benefits and risks of each option. Here’s an analysis based on the provided alternatives:

### Alternative A:
- **Waiting time:** 6 months (This is a significant delay in gaining protection.)
- **Vaccine effectiveness:** 70% (Moderate protection but not as high as B.)
- **Risk of side effects:** 0.1% (Very low risk, which is good.)
- **Cash incentive:** 50 RMB (A small financial benefit.)
- **Vaccine origin:** Domestic (May be preferred for those who trust domestic products.)

### Alternative B:
- **Waiting time:** Walk-in (No wait, immediate protection.)
- **Vaccine effectiveness:** 95% (Highly effective, which is a strong point.)
- **Risk of side effects:** 1% (Slightly higher than A but still relatively low.)
- **Cash incentive:** 50 RMB (Same as A.)
- **Vaccine origin:** Imported (May be preferred for those who trust international standards.)

### Alternative C:
- **Do not receive the vaccine (opt out):**
- No immediate protection against COVID-19.
- No risk of side effects from the vaccine.
- No financial incentive.

### Decision Analysis:
- **Effectiveness and Waiting Time:** Alternative B offers immediate high effectiveness, which is a significant advantage over waiting 6 months for a less effective vaccine (A).
- **Side Effects:** The slightly higher risk of side effects in B (1%) compared to A (0.1%) is still relatively low.
- **Cash Incentive:** Both A and B offer the same financial incentive, so this factor does not influence the decision much.
- **Vaccine Origin:** Trust in domestic vs. imported vaccines can vary by individual preference, but effectiveness and immediate availability are more critical factors.

### Probabilities:
Given the above analysis, I would assign probabilities based on the importance of these factors:

- **P(A): 0.1** (Low probability due to long waiting time and lower effectiveness.)
- **P(B): 0.8** (High probability due to high effectiveness and no waiting time.)
- **P(C): 0.1** (Low probability, as opting out leaves one without protection.)

These probabilities sum to 1 and reflect the most logical choice based on the provided information.",success
20,4,8,"To provide a probabilistic distribution of preferences, I'll consider several factors such as waiting time, vaccine effectiveness, risk of side effects, and personal values regarding the origin of the vaccine. Here’s a breakdown:

1. **Waiting Time**: A 6-month wait is significant and could deter many people from choosing Alternative A.
2. **Vaccine Effectiveness**: 95% effectiveness (Alternative B) is much more appealing compared to 70% (Alternative A).
3. **Risk of Side Effects**: While the risk of side effects for Alternative B is higher at 1%, it's still relatively low and might be outweighed by the higher effectiveness.
4. **Cash Incentive**: Both alternatives offer the same cash incentive, so this factor doesn't influence the decision much.
5. **Vaccine Origin**: The origin of the vaccine (domestic vs. imported) might matter to some individuals, but for many, the effectiveness and safety are more important.

Given these considerations, here’s a probabilistic distribution:

- **P(A)**: 0.10 (The long wait time and lower effectiveness make this less likely to be chosen.)
- **P(B)**: 0.75 (High effectiveness and no wait time make this the most appealing option for many.)
- **P(C)**: 0.15 (Some might opt out due to personal beliefs or concerns about side effects, but this is a minority choice.)

These probabilities sum to 1, reflecting the relative likelihood of choosing each alternative based on the given factors.",success
20,4,9,"When making a decision about COVID-19 vaccination, it's important to consider various factors such as waiting time, vaccine effectiveness, risk of side effects, and personal values. Here’s a breakdown of the alternatives:

### Alternative A:
- **Waiting Time**: 6 months (This is a significant delay in protection)
- **Vaccine Effectiveness**: 70% (Moderate protection)
- **Risk of Side Effects**: 0.1% (Very low risk)
- **Cash Incentive**: 50 RMB (Slight financial benefit)
- **Vaccine Origin**: Domestic (May be more familiar and trusted by some)

### Alternative B:
- **Waiting Time**: Walk-in (No wait, immediate protection)
- **Vaccine Effectiveness**: 95% (High protection)
- **Risk of Side Effects**: 1% (Low risk, but higher than A)
- **Cash Incentive**: 50 RMB (Slight financial benefit)
- **Vaccine Origin**: Imported (May be less familiar to some)

### Alternative C:
- **Do Not Receive the Vaccine**
- **Protection**: None
- **Risk of Side Effects**: 0% (No vaccine, no side effects)
- **Cash Incentive**: 0 RMB (No financial benefit)
- **Personal Risk**: Higher risk of contracting and spreading COVID-19

### Decision Analysis:
- **Effectiveness and Waiting Time**: Alternative B offers immediate high protection, which is a significant advantage over the delayed moderate protection of Alternative A.
- **Risk of Side Effects**: The slightly higher risk of side effects in B (1%) compared to A (0.1%) might be a concern for some, but it is still relatively low.
- **Cash Incentive**: Both A and B offer the same financial incentive, which does not significantly influence the decision.
- **Personal Values and Context**: The decision can also depend on personal values, such as trust in domestic vs. imported vaccines, and the individual's risk tolerance.

### Probabilities:
Given the high importance of immediate protection and the relatively low additional risk of side effects, I would assign higher probabilities to Alternative B. However, some individuals might prefer waiting for a domestically produced vaccine due to familiarity or trust issues.

- **P(A)**: 0.2 (Some people might prefer waiting for a domestic vaccine with lower side effects)
- **P(B)**: 0.7 (Most people would likely choose the immediate high protection with a slightly higher risk of side effects)
- **P(C)**: 0.1 (A smaller portion might opt out due to personal reasons or concerns about vaccines)

These probabilities sum to 1, reflecting the relative likelihoods of each choice based on the given factors.",success
20,4,10,"When making a decision like this, it's important to weigh the various factors such as waiting time, vaccine effectiveness, risk of side effects, cash incentives, and personal beliefs about vaccine origin. Here’s how I would consider each alternative:

### Alternative A:
- **Waiting Time**: 6 months is a significant delay.
- **Vaccine Effectiveness**: 70% is moderate but not the highest available.
- **Risk of Side Effects**: 0.1% is very low.
- **Cash Incentive**: 50 RMB is present in all options, so it doesn't significantly sway the decision.
- **Vaccine Origin**: Domestic might be preferred for those who trust local production.

### Alternative B:
- **Waiting Time**: Walk-in (no wait) is highly convenient.
- **Vaccine Effectiveness**: 95% is very high, providing strong protection.
- **Risk of Side Effects**: 1% is slightly higher but still relatively low.
- **Cash Incentive**: 50 RMB is present in all options.
- **Vaccine Origin**: Imported might be a concern for some, but the effectiveness and convenience are significant advantages.

### Alternative C:
- **No Vaccine**: This option means no protection against COVID-19, which could lead to higher risk of infection and potential severe illness.

Given these considerations, I would assign probabilities based on the balance of benefits and risks:

- **P(A)**: 0.2 (The long waiting time and moderate effectiveness make this less attractive.)
- **P(B)**: 0.7 (High effectiveness and no waiting time make this the most appealing option.)
- **P(C)**: 0.1 (Opting out is the least favorable due to the lack of protection.)

These probabilities sum to 1, reflecting a balanced consideration of all factors.",success
21,4,1,"When making a decision regarding COVID-19 vaccination, it's important to weigh all the factors provided. Here’s an analysis of each alternative:

**Alternative A:**
- **Waiting time:** 1 month (This might be a disadvantage for those who want immediate protection.)
- **Vaccine effectiveness:** 50% (Moderate effectiveness, which is acceptable but not high.)
- **Risk of side effects:** 1% (Very low risk, which is favorable.)
- **Cash incentive:** 50 RMB (A small financial incentive, which might be a minor positive factor.)
- **Vaccine origin:** Domestic (May be preferred by those who trust domestic products more.)

**Alternative B:**
- **Waiting time:** Walk-in (No wait, which is a significant advantage for immediate protection.)
- **Vaccine effectiveness:** 50% (Same as Alternative A, moderate effectiveness.)
- **Risk of side effects:** 10% (Higher risk compared to Alternative A, which might be a concern.)
- **Cash incentive:** 50 RMB (Same financial incentive as Alternative A.)
- **Vaccine origin:** Imported (May be preferred by those who trust imported products more.)

**Alternative C:**
- **Do not receive the vaccine (opt out):**
- **No waiting time, no effectiveness, no side effects, no cash incentive.** (This option avoids all risks but also provides no protection against COVID-19.)

Given these considerations, I would assign probabilities based on a balanced approach:

- **P(A): 0.4** - This option offers a good balance of moderate effectiveness and low risk of side effects, though the waiting time is a drawback.
- **P(B): 0.3** - The immediate availability is a strong point, but the higher risk of side effects is a significant concern.
- **P(C): 0.3** - Opting out avoids all risks but also means no protection, which might be acceptable for some individuals who are not at high risk.

These probabilities sum to 1 and reflect a balanced consideration of the factors involved.",success
21,4,2,"When evaluating the choices for COVID-19 vaccination, it's important to consider various factors such as waiting time, vaccine effectiveness, risk of side effects, cash incentives, and personal health priorities. Here's a probabilistic distribution based on a balanced consideration of these factors:

- **Alternative A**:
  - **Waiting time**: 1 month (This might be a significant delay for some but manageable for others.)
  - **Vaccine effectiveness**: 50% (Moderate effectiveness, which is important for protection against the virus.)
  - **Risk of side effects**: 1% (Low risk, making it more appealing to those concerned about side effects.)
  - **Cash incentive**: 50 RMB (A small incentive that might be considered a minor benefit.)
  - **Vaccine origin**: Domestic (May be preferred by those who trust domestic products.)

- **Alternative B**:
  - **Waiting time**: Walk-in (No wait, which is very convenient and appealing to many.)
  - **Vaccine effectiveness**: 50% (Same as Alternative A.)
  - **Risk of side effects**: 10% (Higher risk, which might deter some people.)
  - **Cash incentive**: 50 RMB (Same as Alternative A.)
  - **Vaccine origin**: Imported (May be preferred by those who trust imported products.)

- **Alternative C**:
  - **Do not receive the vaccine**: This option involves no waiting time, side effects, or incentives but also offers no protection against the virus.

Given these considerations, a balanced approach might look like this:

- **P(A)**: 0.4 (A reasonable choice for those who prefer a low risk of side effects and are willing to wait.)
- **P(B)**: 0.35 (A good option for those who value immediate access but are willing to accept a higher risk of side effects.)
- **P(C)**: 0.25 (A viable option for those who do not want to take the vaccine, possibly due to personal beliefs or health concerns.)

These probabilities sum to 1 and reflect a balanced consideration of the available options.",success
21,4,3,"To provide a probabilistic distribution reflecting my preference among the given alternatives, I'll consider factors such as waiting time, vaccine effectiveness, risk of side effects, cash incentive, and origin. Here's how these factors might influence the decision:

1. **Waiting Time**: Immediate availability is more convenient.
2. **Vaccine Effectiveness**: Both A and B have the same effectiveness, which simplifies this aspect.
3. **Risk of Side Effects**: Lower risk is generally preferred.
4. **Cash Incentive**: The incentive is the same for both A and B, so it doesn't influence the decision between them.
5. **Vaccine Origin**: This might be a personal or cultural preference, but given the other factors, it's less critical.

Given these considerations:

- **Alternative A** (Domestic vaccine with lower side effects but longer wait) is appealing due to its low risk of side effects, which is a significant factor for many people. However, the one-month waiting period is a drawback.
- **Alternative B** (Imported vaccine with higher side effects but no wait) offers immediate vaccination, which is very convenient, but the 10% risk of side effects might be concerning.
- **Alternative C** (No vaccine) avoids all risks and benefits associated with vaccination, which might be chosen by those who are uncertain or prefer to avoid any potential health impacts.

Balancing these factors, here's a distribution that reflects my preferences:

P(A): 0.4
P(B): 0.35
P(C): 0.25

This distribution indicates a slight preference for Alternative A due to the lower risk of side effects, followed by B because of its immediate availability, and lastly C, as opting out is generally less favorable given the benefits of vaccination in managing public health risks.",success
21,4,4,"When making a decision about which vaccination option to choose, it's important to consider multiple factors including waiting time, vaccine effectiveness, risk of side effects, cash incentives, and personal values. Here’s a breakdown of the considerations for each alternative:

### Alternative A:
- **Waiting Time:** 1 month (This might be inconvenient but not impossible.)
- **Vaccine Effectiveness:** 50% (Moderate effectiveness.)
- **Risk of Side Effects:** 1% (Very low risk.)
- **Cash Incentive:** 50 RMB (A small incentive, but it can help offset the inconvenience of waiting.)
- **Vaccine Origin:** Domestic (May be preferred for trust and familiarity.)

### Alternative B:
- **Waiting Time:** Walk-in (No wait, which is very convenient.)
- **Vaccine Effectiveness:** 50% (Moderate effectiveness, same as A.)
- **Risk of Side Effects:** 10% (Higher risk compared to A, which might be a significant concern for some people.)
- **Cash Incentive:** 50 RMB (Same incentive as A.)
- **Vaccine Origin:** Imported (May be seen as more advanced or trusted by some, but also could raise concerns about safety and regulation.)

### Alternative C:
- **Do Not Receive the Vaccine:**
- **Waiting Time:** N/A
- **Vaccine Effectiveness:** 0% (No protection against COVID-19.)
- **Risk of Side Effects:** 0% (No risk from the vaccine, but there is a risk from the disease itself.)
- **Cash Incentive:** 0 RMB
- **Vaccine Origin:** N/A

### Decision Factors:
1. **Convenience:** Alternative B is the most convenient with no waiting time.
2. **Safety:** Alternative A has a much lower risk of side effects (1% vs. 10%).
3. **Effectiveness:** Both A and B have the same effectiveness (50%), which is moderate.
4. **Incentive:** The cash incentive is the same for both A and B.
5. **Personal Values:** Some might prefer a domestic vaccine, while others might trust imported vaccines more.

### Probabilities:
Given these factors, here's a possible distribution of probabilities:

- **P(A): 0.4** (Moderate preference due to low risk of side effects and domestic origin, despite the wait.)
- **P(B): 0.3** (Some preference for immediate availability, but higher risk of side effects is a deterrent.)
- **P(C): 0.3** (Some might opt out due to concerns about vaccine effectiveness or personal health decisions.)

These probabilities reflect a balanced consideration of all factors and sum to 1.",success
21,4,5,"When making a decision regarding COVID-19 vaccination, it's important to consider various factors such as waiting time, vaccine effectiveness, risk of side effects, cash incentives, and personal values. Here’s an analysis based on the provided alternatives:

### Alternative A:
- **Waiting Time**: 1 month (This could be a significant delay for those who want immediate protection.)
- **Vaccine Effectiveness**: 50% (Moderate effectiveness, which might provide some level of protection but not optimal.)
- **Risk of Side Effects**: 1% (Low risk, which is favorable for many people.)
- **Cash Incentive**: 50 RMB (A small incentive that might be appealing to some.)
- **Vaccine Origin**: Domestic (May be preferred by those who trust domestic products.)

### Alternative B:
- **Waiting Time**: Walk-in (No wait, immediate access can be very appealing.)
- **Vaccine Effectiveness**: 50% (Same as Alternative A, moderate effectiveness.)
- **Risk of Side Effects**: 10% (Higher risk compared to Alternative A, which might deter some people.)
- **Cash Incentive**: 50 RMB (Same incentive as Alternative A.)
- **Vaccine Origin**: Imported (May be preferred by those who trust imported products.)

### Alternative C:
- **Do Not Receive the Vaccine**:
  - This option involves no waiting time, no risk of side effects, and no effectiveness. It might be chosen by individuals who are very risk-averse or have strong personal beliefs against vaccination.

### Decision Analysis:
1. **Waiting Time**: Immediate access (Alternative B) is generally more appealing than a 1-month wait (Alternative A).
2. **Vaccine Effectiveness**: Both alternatives offer the same effectiveness, so this factor does not differentiate them.
3. **Risk of Side Effects**: The lower risk in Alternative A (1%) compared to Alternative B (10%) could be a significant factor for many people.
4. **Cash Incentive**: Both alternatives offer the same incentive, which is a minor factor.
5. **Vaccine Origin**: Preferences may vary, but generally, the risk of side effects and waiting time are more critical.

### Probabilities:
Given these considerations, here’s a distribution of probabilities:

- **P(A)**: 0.4 (The low risk of side effects and domestic origin make it appealing to many.)
- **P(B)**: 0.3 (Immediate access is attractive, but the higher risk of side effects is a significant deterrent.)
- **P(C)**: 0.3 (Some individuals may opt out due to personal beliefs or a preference for natural immunity.)

These probabilities sum to 1 and reflect a balanced consideration of the factors involved.",success
21,4,6,"To provide a probabilistic distribution reflecting the likelihood of choosing each option, we need to consider various factors such as waiting time, vaccine effectiveness, risk of side effects, cash incentive, and personal health beliefs. Here’s a breakdown of how these factors might influence the decision:

1. **Waiting Time**: A shorter waiting time is generally more appealing.
2. **Vaccine Effectiveness**: Both options A and B have the same effectiveness, so this factor does not differentiate them.
3. **Risk of Side Effects**: Lower risk of side effects is preferable.
4. **Cash Incentive**: The cash incentive is the same for both options A and B, so it does not differentiate them.
5. **Vaccine Origin**: Personal preference or trust in domestic vs. imported vaccines can play a role.

Given these considerations, here’s a possible distribution of probabilities:

- **Alternative A**:
  - Waiting time: 1 month (less appealing)
  - Risk of side effects: 1% (very low and appealing)
  - Vaccine origin: Domestic (may be more trusted by some)

- **Alternative B**:
  - Waiting time: Walk-in (highly appealing)
  - Risk of side effects: 10% (higher risk, less appealing)
  - Vaccine origin: Imported (may be less trusted by some)

- **Alternative C**:
  - No vaccine: This option involves no waiting time, no risk of side effects, and no cash incentive, but it also means no protection against the virus.

Based on these factors, a reasonable distribution might be:

- **P(A)**: 0.4 (The low risk of side effects and trust in domestic vaccines make this a strong choice, despite the waiting time.)
- **P(B)**: 0.3 (The immediate availability is very appealing, but the higher risk of side effects makes it less likely to be chosen.)
- **P(C)**: 0.3 (Some individuals might opt out due to concerns about vaccines or personal health beliefs.)

Thus, the probabilities are:

P(A): 0.4
P(B): 0.3
P(C): 0.3",success
21,4,7,"To make a decision, we need to consider several factors including waiting time, effectiveness, risk of side effects, cash incentive, and the origin of the vaccine. Here’s a breakdown of how these factors might influence the decision:

1. **Waiting Time**: A shorter wait is generally more convenient.
2. **Vaccine Effectiveness**: Both options A and B have the same effectiveness, so this factor does not differentiate between them.
3. **Risk of Side Effects**: A lower risk of side effects is preferable.
4. **Cash Incentive**: The cash incentive is the same for both options A and B.
5. **Vaccine Origin**: This can be a personal preference, but generally, vaccine origin might influence trust in the vaccine's quality and safety.

Given these considerations:

- **Alternative A** has a longer wait time but a lower risk of side effects, which might be more appealing to someone who values safety over convenience.
- **Alternative B** offers immediate access but with a higher risk of side effects, which might be more suitable for someone who prioritizes convenience and is willing to accept a higher risk.
- **Alternative C** (not receiving the vaccine) means no wait, no side effects, and no effectiveness, but also no protection against COVID-19.

Based on these factors, here’s a probabilistic distribution of my choice:

- **P(A)**: 0.4 (This option balances safety with a reasonable wait time.)
- **P(B)**: 0.3 (This option is convenient but has a higher risk of side effects.)
- **P(C)**: 0.3 (Opting out might be chosen by those who are highly risk-averse or do not trust vaccines.)

These probabilities sum to 1, reflecting the relative likelihood of choosing each alternative based on the given factors.",success
21,4,8,"When making a decision regarding vaccination choices, it's important to weigh the various factors such as waiting time, vaccine effectiveness, risk of side effects, cash incentives, and personal values. Here’s how I would evaluate each alternative:

1. **Alternative A**:
   - **Waiting Time**: 1 month (This is a significant wait but might be worth it for lower side effects.)
   - **Vaccine Effectiveness**: 50% (Moderate effectiveness)
   - **Risk of Side Effects**: 1% (Very low risk, which is favorable)
   - **Cash Incentive**: 50 RMB (A small incentive, but every bit helps)
   - **Vaccine Origin**: Domestic (May be more trusted by some due to familiarity)

2. **Alternative B**:
   - **Waiting Time**: Walk-in (No wait, which is a major advantage)
   - **Vaccine Effectiveness**: 50% (Same as Alternative A)
   - **Risk of Side Effects**: 10% (Higher risk compared to A, which might be a concern)
   - **Cash Incentive**: 50 RMB (Same as Alternative A)
   - **Vaccine Origin**: Imported (May have different trust levels depending on the individual’s perspective)

3. **Alternative C**:
   - **Waiting Time**: N/A
   - **Vaccine Effectiveness**: 0% (No protection against COVID-19)
   - **Risk of Side Effects**: 0% (No risk of side effects from the vaccine, but higher risk from the disease itself)
   - **Cash Incentive**: 0 RMB (No financial benefit)
   - **Vaccine Origin**: N/A

Given these factors, I would assign probabilities based on a balance between immediate availability, safety, and long-term protection. Here’s how I would distribute the probabilities:

- **P(A)**: 0.5
- **P(B)**: 0.3
- **P(C)**: 0.2

**Rationale**:
- **Alternative A**: Offers a good balance of moderate effectiveness with very low risk of side effects, making it the most balanced choice.
- **Alternative B**: Immediate availability is a strong point, but the higher risk of side effects makes it less attractive compared to A.
- **Alternative C**: Opting out means no protection against COVID-19, which is generally not advisable unless there are specific health reasons.

These probabilities reflect a preference for safety and moderate effectiveness while considering the convenience and financial incentives.",success
21,4,9,"When evaluating the alternatives for COVID-19 vaccination, we need to consider several factors including waiting time, vaccine effectiveness, risk of side effects, cash incentive, and personal preferences. Here’s a breakdown of each alternative:

### Alternative A:
- **Waiting Time:** 1 month (This might be inconvenient but manageable if the other benefits are significant.)
- **Vaccine Effectiveness:** 50% (Moderate effectiveness, which is important for protection against the virus.)
- **Risk of Side Effects:** 1% (Very low risk, which is favorable.)
- **Cash Incentive:** 50 RMB (A small but positive incentive.)
- **Vaccine Origin:** Domestic (May be preferred if there are concerns about imported vaccines.)

### Alternative B:
- **Waiting Time:** Walk-in (No wait, which is highly convenient.)
- **Vaccine Effectiveness:** 50% (Same as Alternative A, moderate effectiveness.)
- **Risk of Side Effects:** 10% (Higher risk compared to Alternative A, which might be a concern for some individuals.)
- **Cash Incentive:** 50 RMB (Same as Alternative A.)
- **Vaccine Origin:** Imported (May have different perceptions regarding safety and efficacy.)

### Alternative C:
- **Do not receive the vaccine (opt out)**
- **No waiting time, no effectiveness, no risk of side effects, no cash incentive.** (Choosing this option means forgoing protection against COVID-19, which could be risky depending on personal health status and community prevalence of the virus.)

### Decision-Making:
Given these factors, I would assign probabilities based on a balanced consideration of convenience, safety, and effectiveness:

- **Alternative A:** This option offers moderate effectiveness with very low risk of side effects, but it requires waiting. The domestic origin might be preferred by some for trust reasons.
- **Alternative B:** This option is highly convenient (no wait) but has a higher risk of side effects. The imported origin might be seen as less trustworthy by some.
- **Alternative C:** Opting out means no protection, which could be risky depending on the context.

### Probabilities:
- **P(A): 0.4**
- **P(B): 0.35**
- **P(C): 0.25**

These probabilities reflect a preference for safety and effectiveness (Alternative A) while still considering the convenience of Alternative B, but with a lower weight on opting out entirely (Alternative C).",success
21,4,10,"When making a decision like this, it's important to weigh the various factors such as waiting time, vaccine effectiveness, risk of side effects, cash incentives, and personal values. Given the options provided:

- **Alternative A** offers a moderate waiting time, moderate effectiveness, low risk of side effects, a small cash incentive, and uses a domestic vaccine.
- **Alternative B** has no waiting time, the same moderate effectiveness as Alternative A, but a higher risk of side effects, the same small cash incentive, and uses an imported vaccine.
- **Alternative C** involves not receiving the vaccine at all, which means no protection against COVID-19, no waiting time, no risk of side effects, and no cash incentive.

Considering these factors, here is a probabilistic distribution reflecting my evaluation:

- **P(A): 0.6** - This option balances moderate effectiveness with low risk and a reasonable wait time. The domestic origin might be preferred by those who have concerns about imported vaccines.
- **P(B): 0.3** - While the no-wait aspect is appealing, the higher risk of side effects makes this less favorable compared to Alternative A.
- **P(C): 0.1** - Opting out means avoiding all risks and inconveniences associated with vaccination but also forgoes any protection against COVID-19.

These probabilities reflect a preference for getting vaccinated with a focus on minimizing side effects, while valuing the convenience of a shorter waiting time to some extent.",success
22,4,1,"When making a decision regarding vaccination, it's important to consider multiple factors such as waiting time, vaccine effectiveness, risk of side effects, financial incentives, and personal values. Here’s a breakdown of how these factors might influence the decision:

1. **Vaccine Effectiveness**: This is one of the most critical factors. A 95% effective vaccine (Alternative B) is significantly more beneficial in preventing COVID-19 compared to a 50% effective vaccine (Alternative A).

2. **Waiting Time**: Immediate availability (walk-in for Alternative B) is very convenient and can help protect you sooner, which is especially important if there are current outbreaks or high transmission rates.

3. **Risk of Side Effects**: Both alternatives have the same risk of side effects at 0.1%, so this factor does not influence the decision much between A and B.

4. **Cash Incentive**: The cash incentive for Alternative B (800 RMB) is significantly higher than that for Alternative A (50 RMB), which can be a strong motivator for some individuals.

5. **Vaccine Origin**: Some people may have preferences or concerns about imported versus domestic vaccines, but this factor is generally less critical if both options are from reputable sources and have been approved by health authorities.

6. **Personal Values and Circumstances**: This includes personal health status, risk tolerance, and the current public health situation in your area.

Given these considerations, here’s a probabilistic distribution reflecting the likelihood of choosing each alternative:

- **P(A)**: 0.1 (Low probability due to lower effectiveness and longer waiting time)
- **P(B)**: 0.85 (High probability due to high effectiveness, immediate availability, and higher cash incentive)
- **P(C)**: 0.05 (Very low probability as opting out leaves you unprotected)

These probabilities sum to 1 and reflect a strong preference for Alternative B, with some consideration given to the other options.",success
22,4,2,"When making a decision like this, it's important to weigh all factors, including effectiveness, waiting time, risk of side effects, and personal incentives. Here’s how I would evaluate each option:

### Alternative A:
- **Waiting Time:** 1 month (long wait)
- **Vaccine Effectiveness:** 50% (moderate protection)
- **Risk of Side Effects:** 0.1% (very low risk)
- **Cash Incentive:** 50 RMB (small incentive)
- **Vaccine Origin:** Imported

### Alternative B:
- **Waiting Time:** Walk-in (no wait)
- **Vaccine Effectiveness:** 95% (high protection)
- **Risk of Side Effects:** 0.1% (very low risk)
- **Cash Incentive:** 800 RMB (significant incentive)
- **Vaccine Origin:** Domestic

### Alternative C:
- **Do not receive the vaccine (opt out)**

### Evaluation:
1. **Effectiveness:**
   - A: 50% (moderate protection)
   - B: 95% (high protection)
   - C: 0% (no protection)

2. **Waiting Time:**
   - A: 1 month
   - B: Walk-in
   - C: No wait

3. **Risk of Side Effects:**
   - A: 0.1%
   - B: 0.1%
   - C: 0%

4. **Cash Incentive:**
   - A: 50 RMB
   - B: 800 RMB
   - C: 0 RMB

5. **Vaccine Origin:**
   - A: Imported
   - B: Domestic
   - C: Not applicable

### Decision:
- **Alternative A** has a long waiting time and moderate effectiveness, which are significant drawbacks. The small cash incentive does not significantly offset these issues.
- **Alternative B** offers high effectiveness with no wait time, the same low risk of side effects as Alternative A, and a substantial cash incentive. This makes it the most appealing option.
- **Alternative C** (opting out) provides no protection against COVID-19 and offers no incentives.

Given these considerations, I would assign the following probabilities:

- **P(A): 0.1**
- **P(B): 0.8**
- **P(C): 0.1**

These probabilities reflect the strong preference for Alternative B due to its high effectiveness, immediate availability, low risk of side effects, and significant financial incentive.",success
22,4,3,"When evaluating the alternatives for COVID-19 vaccination, it's important to consider multiple factors such as waiting time, vaccine effectiveness, risk of side effects, cash incentives, and personal health values. Here’s a breakdown of how these factors might influence the decision:

### Alternative A:
- **Waiting Time:** 1 month
- **Vaccine Effectiveness:** 50%
- **Risk of Side Effects:** 0.1%
- **Cash Incentive:** 50 RMB
- **Vaccine Origin:** Imported

### Alternative B:
- **Waiting Time:** Walk-in (no wait)
- **Vaccine Effectiveness:** 95%
- **Risk of Side Effects:** 0.1%
- **Cash Incentive:** 800 RMB
- **Vaccine Origin:** Domestic

### Alternative C:
- **Do Not Receive the Vaccine (Opt Out)**

Given these options, here’s a reasoned approach to assigning probabilities:

1. **Effectiveness and Waiting Time:**
   - Alternative B has the highest effectiveness at 95% and no waiting time, which is highly favorable.
   - Alternative A has lower effectiveness at 50% and a one-month wait, which is less appealing.

2. **Risk of Side Effects:**
   - Both vaccines have the same risk of side effects (0.1%), so this factor does not significantly differentiate them.

3. **Cash Incentive:**
   - Alternative B offers a much higher cash incentive (800 RMB) compared to Alternative A (50 RMB), which could be a significant motivator for some individuals.

4. **Vaccine Origin:**
   - Some people might have preferences based on the origin of the vaccine, but in this context, effectiveness and waiting time are more critical factors.

5. **Opting Out:**
   - Opting out (Alternative C) means no protection from the virus, which is generally not recommended unless there are specific health reasons to avoid vaccination.

### Probabilities:
- **P(A):** 0.1
- **P(B):** 0.8
- **P(C):** 0.1

These probabilities reflect a strong preference for Alternative B due to its high effectiveness and immediate availability, with some consideration given to the other alternatives.",success
22,4,4,"To determine which alternative I would choose, let's consider the factors involved and weigh them accordingly. Here are the key considerations:

1. **Waiting Time**: Alternative A has a waiting time of 1 month, while Alternative B is walk-in (no wait). This could be a significant factor for those who want to get vaccinated as soon as possible.

2. **Vaccine Effectiveness**: Alternative A has an effectiveness of 50%, which is relatively low compared to the 95% effectiveness of Alternative B. High effectiveness is crucial in providing protection against COVID-19.

3. **Risk of Side Effects**: Both alternatives have a risk of side effects at 0.1%, which is very low and similar, so this factor does not significantly differentiate them.

4. **Cash Incentive**: Alternative A offers 50 RMB, while Alternative B offers 800 RMB. The higher cash incentive in Alternative B could be a significant motivator for some individuals.

5. **Vaccine Origin**: Alternative A uses an imported vaccine, while Alternative B uses a domestic vaccine. Depending on personal preferences or trust in the origin of vaccines, this could influence the decision.

Given these factors, here’s how I would assign probabilities:

- **Alternative A**: The low effectiveness and 1-month waiting time make it less appealing, despite the cash incentive. However, some might prefer it due to the imported vaccine.
- **Alternative B**: High effectiveness, no waiting time, and a significant cash incentive make it the most attractive option.
- **Alternative C**: Opting out of vaccination is not recommended given the benefits of being vaccinated.

Based on these considerations, I would assign the following probabilities:

P(A): 0.1
P(B): 0.8
P(C): 0.1

These probabilities reflect a strong preference for Alternative B due to its high effectiveness and immediate availability, with some consideration given to the other alternatives.",success
22,4,5,"To provide a probabilistic choice, we need to consider various factors such as personal health priorities, financial incentives, and the urgency of getting vaccinated. Here’s how I would break it down:

1. **Effectiveness**: Alternative B has significantly higher effectiveness (95%) compared to A (50%). This is a strong factor in favor of B.
2. **Waiting Time**: Alternative B offers immediate vaccination, which is very convenient and can be crucial for those who want protection as soon as possible.
3. **Risk of Side Effects**: Both alternatives have the same risk of side effects (0.1%), so this doesn't influence the decision.
4. **Cash Incentive**: Alternative B offers a much higher cash incentive (800 RMB) compared to A (50 RMB), which can be a significant motivator for some individuals.
5. **Vaccine Origin**: Both imported and domestic vaccines are generally safe, but personal preferences might vary based on trust in the source.

Given these considerations, here’s a probabilistic distribution reflecting the likelihood of choosing each alternative:

- **P(A)**: 0.1 (Low probability due to lower effectiveness and longer waiting time)
- **P(B)**: 0.85 (High probability due to high effectiveness, no wait, and higher cash incentive)
- **P(C)**: 0.05 (Low probability as opting out leaves one unprotected)

These probabilities sum to 1 and reflect a strong preference for Alternative B while still acknowledging the other options.",success
22,4,6,"In making a decision about which COVID-19 vaccination choice to select, we need to consider the various factors provided. Here’s an analysis of each alternative:

**Alternative A:**
- **Waiting time:** 1 month (This is a significant delay and could mean increased risk of infection during that period.)
- **Vaccine effectiveness:** 50% (Lower effectiveness means it might not provide sufficient protection against the virus.)
- **Risk of side effects:** 0.1% (Very low, which is positive.)
- **Cash incentive:** 50 RMB (A small financial incentive compared to the other options.)
- **Vaccine origin:** Imported (The origin could imply different standards or availability issues, but this factor might be less critical if the vaccine meets safety and efficacy standards.)

**Alternative B:**
- **Waiting time:** Walk-in (No wait, which is highly beneficial as it reduces exposure risk immediately.)
- **Vaccine effectiveness:** 95% (Very high effectiveness, providing strong protection against the virus.)
- **Risk of side effects:** 0.1% (Same low risk as Alternative A.)
- **Cash incentive:** 800 RMB (A substantial financial incentive that could be a significant factor for many people.)
- **Vaccine origin:** Domestic (Might imply better availability and familiarity with the vaccine, which can increase trust.)

**Alternative C:**
- **Do not receive the vaccine (opt out):**
- This option carries the highest risk of infection and no protection against the virus. It also means foregoing any potential financial incentives.

Given these considerations, I would assign probabilities based on a balance of immediate benefits, long-term health protection, and financial incentives:

- **P(A): 0.1** (The low effectiveness and waiting time make this less attractive.)
- **P(B): 0.8** (High effectiveness, no wait time, and substantial financial incentive make this the most appealing option.)
- **P(C): 0.1** (Opting out is not recommended due to the high risk of infection.)

These probabilities sum to 1 and reflect a strong preference for Alternative B while acknowledging the other options.",success
22,4,7,"To provide a probabilistic distribution reflecting my choice among the three alternatives, I will consider factors such as waiting time, vaccine effectiveness, risk of side effects, cash incentive, and personal health beliefs. Here’s how these factors might influence the decision:

1. **Vaccine Effectiveness**: This is a crucial factor in choosing a vaccine. Alternative B has a significantly higher effectiveness (95%) compared to Alternative A (50%), which makes it more attractive from a public health perspective.

2. **Waiting Time**: Immediate availability (walk-in) as offered by Alternative B is generally preferred over waiting for a month, especially if there are concerns about the virus spreading or personal exposure risks during that time.

3. **Risk of Side Effects**: Both alternatives A and B have the same risk of side effects (0.1%), so this factor does not influence the decision between them.

4. **Cash Incentive**: Alternative B offers a much higher cash incentive (800 RMB) compared to Alternative A (50 RMB). This could be significant for individuals who value immediate financial benefits.

5. **Vaccine Origin**: The origin of the vaccine might be a personal preference, but given that both domestic and imported vaccines are widely used and regulated, this factor is less critical unless there are specific concerns or biases about vaccine safety based on origin.

6. **Opting Out (Alternative C)**: Choosing not to get vaccinated could pose higher health risks, especially with the ongoing spread of the virus and potential for new variants. This option might be chosen by those who have strong personal beliefs against vaccination or those who are not at high risk from the disease.

Given these considerations, here is a probabilistic distribution reflecting my choice:

- **P(A)**: 0.1 (Alternative A has lower effectiveness and a longer wait time, making it less favorable.)
- **P(B)**: 0.8 (Alternative B offers high effectiveness, immediate availability, and a significant financial incentive, making it the most attractive option.)
- **P(C)**: 0.1 (Opting out is generally less advisable from a public health perspective, but some individuals might choose this due to personal beliefs or low risk perception.)

These probabilities sum to 1, reflecting a balanced consideration of all factors involved.",success
22,4,8,"To provide a probabilistic assessment of which alternative I would choose, considering factors such as waiting time, vaccine effectiveness, risk of side effects, cash incentive, and the origin of the vaccine, here is my evaluation:

1. **Waiting Time**: A shorter waiting time is generally more favorable.
2. **Vaccine Effectiveness**: Higher effectiveness means better protection against COVID-19.
3. **Risk of Side Effects**: All options have the same risk of side effects (0.1%), so this factor does not influence the decision.
4. **Cash Incentive**: A higher cash incentive can be a significant motivator.
5. **Vaccine Origin**: The origin of the vaccine might influence trust and preference, but effectiveness and safety are more critical.

Given these factors:

- **Alternative A** has a moderate waiting time and lower effectiveness, which is less favorable compared to B.
- **Alternative B** offers immediate availability, high effectiveness, and a substantial cash incentive, making it very attractive.
- **Alternative C** (not receiving the vaccine) is generally not recommended due to the health benefits of vaccination.

Based on these considerations, I would assign the following probabilities:

P(A): 0.1
P(B): 0.85
P(C): 0.05

These probabilities reflect a strong preference for Alternative B due to its immediate availability, high effectiveness, and significant cash incentive, while still acknowledging some consideration for the other alternatives.",success
22,4,9,"To provide a probabilistic choice, I'll consider several factors including waiting time, effectiveness, side effects, cash incentives, and the origin of the vaccine. Here’s how these factors might influence the decision:

1. **Effectiveness**: A 95% effective vaccine (B) is significantly more appealing than a 50% effective one (A).
2. **Waiting Time**: Immediate availability (B) is highly beneficial compared to waiting for a month (A).
3. **Risk of Side Effects**: Both vaccines have the same low risk of side effects, so this factor does not influence the decision.
4. **Cash Incentive**: A higher cash incentive (800 RMB for B) versus a lower one (50 RMB for A) is more attractive.
5. **Vaccine Origin**: The origin might be less critical if both vaccines are from reputable sources, but some may prefer domestic products due to familiarity and trust.

Given these considerations, I would assign the following probabilities:

- **P(A)**: 0.1 (Low effectiveness and a long wait time make this option less desirable.)
- **P(B)**: 0.85 (High effectiveness, no wait time, higher cash incentive, and domestic origin make this the most attractive option.)
- **P(C)**: 0.05 (Opting out is generally not recommended due to the protective benefits of vaccination.)

These probabilities sum to 1 and reflect a strong preference for Alternative B, with some consideration given to the other options.",success
22,4,10,"When evaluating the alternatives for COVID-19 vaccination, we need to consider several factors including waiting time, vaccine effectiveness, risk of side effects, cash incentives, and personal values regarding vaccine origin. Here’s a breakdown of how these factors might influence the decision:

### Alternative A:
- **Waiting Time**: 1 month
- **Vaccine Effectiveness**: 50%
- **Risk of Side Effects**: 0.1%
- **Cash Incentive**: 50 RMB
- **Vaccine Origin**: Imported

### Alternative B:
- **Waiting Time**: Walk-in (no wait)
- **Vaccine Effectiveness**: 95%
- **Risk of Side Effects**: 0.1%
- **Cash Incentive**: 800 RMB
- **Vaccine Origin**: Domestic

### Alternative C:
- **Do not receive the vaccine (opt out)**

### Analysis:
1. **Waiting Time**:
   - Alternative A has a significant waiting time of 1 month, which could be a deterrent for those who want immediate protection.
   - Alternative B offers walk-in availability, making it more appealing.

2. **Vaccine Effectiveness**:
   - Alternative A has a lower effectiveness (50%), which might not provide sufficient protection.
   - Alternative B has a much higher effectiveness (95%), offering better protection against the virus.

3. **Risk of Side Effects**:
   - Both alternatives have the same low risk of side effects (0.1%), so this factor is neutral.

4. **Cash Incentive**:
   - Alternative A offers 50 RMB, which is a smaller incentive.
   - Alternative B offers 800 RMB, which is a significant financial incentive.

5. **Vaccine Origin**:
   - Some individuals might prefer domestic vaccines due to trust or availability issues with imported vaccines.
   - Others might not have strong preferences regarding vaccine origin.

### Personal Values and Preferences:
- If immediate protection and higher effectiveness are prioritized, Alternative B is clearly the best choice.
- If waiting time and financial incentives are significant factors, but effectiveness is less of a concern, Alternative A might be considered.
- Opting out (Alternative C) would only be chosen if there is a strong aversion to vaccination or lack of trust in vaccines.

### Probabilities:
Given the analysis, I would assign probabilities based on the relative importance of each factor:

- **P(A)**: 0.1 (Waiting time and lower effectiveness are significant drawbacks)
- **P(B)**: 0.8 (High effectiveness, no waiting time, and a substantial financial incentive make this the most appealing option)
- **P(C)**: 0.1 (Opting out is a less likely choice unless there are strong personal reasons against vaccination)

Thus, the probabilities summing to 1 are:
- P(A): 0.1
- P(B): 0.8
- P(C): 0.1",success
23,4,1,"To provide a probabilistic choice among these alternatives, we need to consider various factors such as the effectiveness of the vaccine, the risk of side effects, and personal values regarding health incentives. Here’s a breakdown of each alternative:

### Alternative A:
- **Vaccine Effectiveness:** 95% (High)
- **Risk of Side Effects:** 1% (Low-Moderate)
- **Cash Incentive:** 800 RMB
- **Vaccine Origin:** Domestic

### Alternative B:
- **Vaccine Effectiveness:** 70% (Moderate)
- **Risk of Side Effects:** 0.1% (Very Low)
- **Cash Incentive:** 800 RMB
- **Vaccine Origin:** Domestic

### Alternative C:
- **No Vaccination:**
- **Effectiveness:** 0% (None)
- **Risk of Side Effects:** 0% (None)
- **Cash Incentive:** None
- **Vaccine Origin:** Not Applicable

Given these factors, here’s a possible distribution of probabilities:

1. **Alternative A**:
   - High effectiveness is a strong positive.
   - Low risk of side effects.
   - Cash incentive adds value.
   - Domestic origin might be preferred for some.

2. **Alternative B**:
   - Moderate effectiveness is less appealing but still provides significant protection.
   - Very low risk of side effects is a major plus.
   - Same cash incentive as Alternative A.
   - Domestic origin might also be preferred.

3. **Alternative C**:
   - No vaccine means no protection against the virus.
   - No risk of side effects, but this is less relevant if you value prevention.
   - No cash incentive.

Considering these factors, a reasonable distribution might be:

- **P(A): 0.6**
- **P(B): 0.3**
- **P(C): 0.1**

This distribution reflects a higher preference for the more effective vaccine (A) with manageable side effects, a moderate preference for the safer but less effective vaccine (B), and a low preference for not getting vaccinated at all (C).",success
23,4,2,"In making a decision about which COVID-19 vaccination choice to select, we need to consider the various factors provided for each alternative. The key factors are vaccine effectiveness, risk of side effects, waiting time, cash incentive, and origin of the vaccine. Here’s how these factors might be weighed:

1. **Vaccine Effectiveness**: This is a critical factor as it directly impacts protection against the virus. Alternative A has a significantly higher effectiveness (95%) compared to Alternative B (70%).

2. **Risk of Side Effects**: While side effects are generally low for both options, they can still be a concern for some individuals. Alternative B has a lower risk (0.1%) compared to Alternative A (1%).

3. **Waiting Time and Cash Incentive**: Both alternatives offer the same waiting time (walk-in) and cash incentive (800 RMB), so these factors do not influence the decision between A and B.

4. **Vaccine Origin**: Both vaccines are domestic, which might be a neutral factor or could be positive if there is trust in domestically produced vaccines.

5. **Opting Out (Alternative C)**: This option involves no vaccine and thus no protection against the virus, which can lead to higher risks of infection and severe disease.

Given these considerations, I would assign probabilities based on the relative importance of effectiveness and side effects:

- **P(A): 0.6** - High effectiveness is a strong positive, and while there is a higher risk of side effects, it is still relatively low.
- **P(B): 0.3** - Lower effectiveness but very low risk of side effects might be preferred by those who are more risk-averse.
- **P(C): 0.1** - Opting out has the lowest probability because it leaves one unprotected against a potentially severe disease.

These probabilities sum to 1, reflecting the relative likelihood of choosing each alternative based on the provided factors.",success
23,4,3,"In making a decision about which vaccination choice to select, it's important to weigh all the factors provided. Here’s a breakdown of each alternative:

**Alternative A:**
- **Waiting time:** No wait (convenient)
- **Vaccine effectiveness:** 95% (highly effective)
- **Risk of side effects:** 1% (low risk, but higher than B)
- **Cash incentive:** 800 RMB (financial benefit)
- **Vaccine origin:** Domestic (may be preferred for familiarity and trust)

**Alternative B:**
- **Waiting time:** No wait (convenient)
- **Vaccine effectiveness:** 70% (moderately effective, lower than A)
- **Risk of side effects:** 0.1% (very low risk)
- **Cash incentive:** 800 RMB (financial benefit)
- **Vaccine origin:** Domestic (may be preferred for familiarity and trust)

**Alternative C:**
- **Do not receive the vaccine:**
- No waiting time
- No immediate health benefits or risks from vaccination
- No cash incentive

Given these factors, here’s a reasoned approach to assigning probabilities:

1. **Effectiveness and Risk of Side Effects:** Alternative A offers higher protection against COVID-19 (95% effectiveness) but with a slightly higher risk of side effects (1%) compared to Alternative B (70% effectiveness, 0.1% risk of side effects). The difference in effectiveness is significant, which might make A more appealing despite the higher risk of side effects.

2. **Cash Incentive:** Both A and B offer the same cash incentive, so this factor does not influence the decision between these two options but makes both more attractive compared to C.

3. **Vaccine Origin:** Since both vaccines are domestic, there is no preference based on origin.

4. **Personal Health Considerations:** If one has a higher tolerance for side effects or is in a high-risk group for COVID-19, A might be the better choice. If minimizing risk of side effects is more important, B might be preferred.

5. **Opting Out (C):** Opting out means no protection against the virus, which could be risky given the ongoing pandemic and potential exposure to the virus.

Based on these considerations, I would assign the following probabilities:

- **P(A): 0.6** (High effectiveness and financial incentive make this a strong choice despite higher side effect risk)
- **P(B): 0.3** (Lower effectiveness but very low risk of side effects makes it a reasonable alternative)
- **P(C): 0.1** (Opting out is the least favorable due to lack of protection)

These probabilities reflect a preference for vaccination with a slight bias towards higher effectiveness, while still acknowledging the value of minimizing side effects and the option to opt out.",success
23,4,4,"To provide a probabilistic choice among the three alternatives, we need to consider various factors such as vaccine effectiveness, risk of side effects, and personal values regarding health and financial incentives. Here's an analysis based on these factors:

1. **Vaccine Effectiveness**:
   - Alternative A offers 95% effectiveness, which is significantly higher than Alternative B at 70%. This means that Alternative A provides better protection against COVID-19.

2. **Risk of Side Effects**:
   - Alternative A has a 1% risk of side effects, while Alternative B has only a 0.1% risk. While the risk in Alternative A is higher, it is still relatively low and might be considered acceptable given the higher effectiveness.

3. **Cash Incentive**:
   - Both Alternatives A and B offer an 800 RMB cash incentive, which can be a significant factor for some individuals. However, since this incentive is the same for both options, it does not influence the choice between A and B but might make either of them more attractive compared to opting out.

4. **Vaccine Origin**:
   - Both vaccines are domestic, so there's no difference in terms of origin or trust based on where they were produced.

5. **Opting Out (Alternative C)**:
   - Opting out means no protection against COVID-19 and no financial incentive. This might be a choice for individuals who are extremely risk-averse regarding side effects or those who do not believe in the necessity of vaccination.

Given these considerations, here's a probabilistic distribution based on a balanced view:

- **P(A): 0.6** - Alternative A is chosen because it offers the best protection against COVID-19 with a reasonable risk of side effects and a financial incentive.
- **P(B): 0.3** - Alternative B might be chosen by individuals who are more concerned about minimizing the risk of side effects, even at the cost of lower vaccine effectiveness.
- **P(C): 0.1** - Opting out is the least likely choice but still possible for those who do not want to take any risks or do not see the value in vaccination.

These probabilities sum to 1 and reflect a balanced consideration of the factors involved.",success
23,4,5,"Choosing between these alternatives involves weighing various factors such as effectiveness, side effects, and personal incentives. Here’s a probabilistic approach based on the provided information:

- **Alternative A**: This option offers the highest vaccine effectiveness (95%) with a slightly higher risk of side effects (1%). The cash incentive is significant (800 RMB), which could be a motivating factor for many people, especially if they value immediate financial gain. Given the high effectiveness and the substantial incentive, this option might be preferred by those who prioritize protection against the virus and are willing to accept a slightly higher risk of side effects.

- **Alternative B**: This option has lower vaccine effectiveness (70%) but a much lower risk of side effects (0.1%). The cash incentive is the same as Alternative A (800 RMB). This might be preferred by individuals who are more risk-averse and prefer a safer option, even if it means less protection against the virus.

- **Alternative C**: Opting out of vaccination (Alternative C) carries no immediate financial cost or side effects but also offers no protection against the virus. This might be chosen by those who are strongly opposed to vaccination or have other health concerns that make them ineligible for vaccination.

Given these considerations, here is a probabilistic distribution based on the relative attractiveness of each option:

- **P(A): 0.5** (High effectiveness and financial incentive make it a strong choice)
- **P(B): 0.3** (Lower risk of side effects but less protection, suitable for more cautious individuals)
- **P(C): 0.2** (For those who prefer not to be vaccinated at all)

These probabilities sum to 1 and reflect the relative appeal of each option based on the provided information.",success
23,4,6,"When making a decision about COVID-19 vaccination, it's important to weigh the benefits and risks associated with each option. Here’s how we can break down the choices:

### Alternative A:
- **Vaccine effectiveness:** 95% (very high)
- **Risk of side effects:** 1% (relatively low)
- **Cash incentive:** 800 RMB
- **Vaccine origin:** Domestic

### Alternative B:
- **Vaccine effectiveness:** 70% (moderate)
- **Risk of side effects:** 0.1% (very low)
- **Cash incentive:** 800 RMB
- **Vaccine origin:** Domestic

### Alternative C:
- **Do not receive the vaccine:**
  - No immediate risk from the vaccine itself, but higher long-term risk from COVID-19.

Given these factors, we can assign probabilities based on the trade-offs between effectiveness, side effects, and personal values. Here’s a possible distribution:

- **P(A):** 0.6
  - High effectiveness (95%) is a strong positive.
  - The risk of side effects (1%) is relatively low and manageable.
  - The cash incentive (800 RMB) adds value.

- **P(B):** 0.3
  - Moderate effectiveness (70%) is still beneficial but less than A.
  - Very low risk of side effects (0.1%) is a significant positive.
  - The cash incentive (800 RMB) is the same as A.

- **P(C):** 0.1
  - Opting out means no immediate risks from the vaccine, but higher long-term risk from COVID-19.
  - This option might be chosen by those who are extremely risk-averse or have specific concerns about vaccines.

### Summary:
- **P(A): 0.6**
- **P(B): 0.3**
- **P(C): 0.1**

These probabilities reflect a balanced consideration of the effectiveness, side effects, and personal incentives associated with each alternative.",success
23,4,7,"When making a decision about COVID-19 vaccination, it's important to weigh the benefits and risks of each option. Here’s a breakdown of the considerations:

- **Vaccine Effectiveness**: Higher effectiveness means better protection against the virus.
- **Risk of Side Effects**: Lower risk is generally preferred, but this must be balanced with vaccine effectiveness.
- **Cash Incentive**: The cash incentive is the same for both A and B, so it doesn't influence the decision between these two options.
- **Waiting Time**: Both A and B have no waiting time, which is a positive factor.
- **Vaccine Origin**: Both vaccines are domestic, so this factor is neutral.

Given these considerations:

- **Alternative A** offers higher protection (95% effectiveness) but with a slightly higher risk of side effects (1%). This might be more beneficial for someone who values strong protection against the virus and is willing to accept a small risk of side effects.
- **Alternative B** provides moderate protection (70% effectiveness) with a very low risk of side effects (0.1%). This might be preferred by someone who is more concerned about minimizing the risk of side effects, even if it means less protection against the virus.
- **Alternative C** involves opting out of vaccination, which carries no immediate risks but also provides no protection against the virus.

Based on these factors, I would assign probabilities as follows:

- **P(A): 0.6** - Higher effectiveness is a significant advantage, and the side effect risk, while slightly higher, is still relatively low.
- **P(B): 0.3** - Lower risk of side effects might be preferred by some, but the lower effectiveness makes it less appealing overall.
- **P(C): 0.1** - Opting out is a valid choice for those who do not want to take any risks, but it leaves one unprotected against the virus.

These probabilities reflect a preference for higher protection with an acceptable level of risk, while still acknowledging the value of minimizing side effects and the option to opt out.",success
23,4,8,"When making a decision regarding COVID-19 vaccination, it's important to consider several factors including the effectiveness of the vaccine, the risk of side effects, any incentives provided, and personal health beliefs. Here’s how I would weigh these options based on the information provided:

### Alternative A:
- **Waiting time:** Walk-in (no wait) - This is a positive factor as it saves time.
- **Vaccine effectiveness:** 95% - Highly effective, which significantly reduces the risk of contracting COVID-19 and potentially severe illness.
- **Risk of side effects:** 1% - A relatively low risk, but higher than Alternative B.
- **Cash incentive:** 800 RMB - This is a significant financial incentive that can be beneficial.
- **Vaccine origin:** Domestic - The source of the vaccine may influence trust and preference, but it's not specified whether this is a positive or negative factor.

### Alternative B:
- **Waiting time:** Walk-in (no wait) - This is also a positive factor.
- **Vaccine effectiveness:** 70% - Less effective than Alternative A, which means a higher risk of contracting COVID-19.
- **Risk of side effects:** 0.1% - Very low risk of side effects, which is a significant advantage over Alternative A.
- **Cash incentive:** 800 RMB - The same financial incentive as Alternative A.
- **Vaccine origin:** Domestic - Same as Alternative A.

### Alternative C:
- **Do not receive the vaccine (opt out):**
- **Waiting time:** N/A
- **Vaccine effectiveness:** 0% - No protection against COVID-19, which increases the risk of infection and severe illness.
- **Risk of side effects:** 0% - No risk of side effects from the vaccine.
- **Cash incentive:** 0 RMB - No financial benefit.
- **Vaccine origin:** N/A

### Decision Analysis:
- **Effectiveness vs. Risk of Side Effects:**
  - Alternative A offers the highest protection against COVID-19 but with a slightly higher risk of side effects.
  - Alternative B is less effective but has a very low risk of side effects.
  - Alternative C provides no protection and no financial incentive.

Given these considerations, I would assign probabilities as follows:

- **P(A): 0.6** - High effectiveness and significant financial incentive outweigh the slightly higher risk of side effects.
- **P(B): 0.3** - Low risk of side effects is a strong point, but lower effectiveness makes it less appealing.
- **P(C): 0.1** - Opting out is the least favorable due to no protection and no incentives.

These probabilities sum to 1 and reflect my evaluation based on the provided information.",success
23,4,9,"When making a decision like this, it's important to weigh all the factors provided. Here’s a breakdown of how each factor might influence the choice:

### Factors to Consider:
1. **Vaccine Effectiveness**:
   - Alternative A (95%) is significantly more effective than Alternative B (70%).
   
2. **Risk of Side Effects**:
   - Alternative A has a higher risk of side effects (1%) compared to Alternative B (0.1%).

3. **Waiting Time**:
   - Both A and B have the same waiting time (walk-in, no wait).

4. **Cash Incentive**:
   - Both A and B offer the same cash incentive (800 RMB).

5. **Vaccine Origin**:
   - Both A and B are from domestic sources.

6. **Opting Out**:
   - Alternative C involves not receiving any vaccine, which means no protection against COVID-19 but also no risk of side effects or waiting time.

### Decision-Making Process:
- **Effectiveness vs. Side Effects**: The higher effectiveness of Alternative A is a strong point in its favor, as it provides better protection against the virus. However, the 1% risk of side effects might be a concern for some individuals.
- **Cash Incentive**: Since both A and B offer the same cash incentive, this factor does not differentiate between them.
- **Waiting Time**: Both A and B have no waiting time, which is convenient but does not influence the decision between them.
- **Opting Out (C)**: Opting out means no protection against the virus, which could be risky, especially if you are in a high-risk group or live in an area with high transmission rates.

### Probabilistic Choice:
Given these considerations, here is a probabilistic distribution of choices:

- **P(A): 0.6** - The higher effectiveness (95%) and the same cash incentive make Alternative A a strong choice, despite the slightly higher risk of side effects.
- **P(B): 0.3** - While less effective (70%), the lower risk of side effects (0.1%) might be more appealing to those who are particularly concerned about side effects.
- **P(C): 0.1** - Opting out is the least favorable option due to the lack of protection against the virus, but it remains a choice for those who strongly prefer not to get vaccinated.

### Final Answer:
- P(A): 0.6
- P(B): 0.3
- P(C): 0.1

These probabilities reflect a balanced consideration of all factors provided.",success
23,4,10,"In evaluating the choices, we need to consider multiple factors such as effectiveness, risk of side effects, and personal values regarding health and incentives. Here's a breakdown of the considerations:

### Alternative A:
- **Vaccine Effectiveness**: 95% (highly effective)
- **Risk of Side Effects**: 1% (moderate risk)
- **Cash Incentive**: 800 RMB (financial benefit)
- **Vaccine Origin**: Domestic

### Alternative B:
- **Vaccine Effectiveness**: 70% (moderately effective)
- **Risk of Side Effects**: 0.1% (very low risk)
- **Cash Incentive**: 800 RMB (financial benefit)
- **Vaccine Origin**: Domestic

### Alternative C:
- **No Vaccine**
- **Effectiveness**: 0% (no protection)
- **Risk of Side Effects**: 0% (no side effects)
- **Cash Incentive**: 0 RMB (no financial benefit)

Given the high effectiveness and moderate risk of side effects, Alternative A seems to offer a strong balance between protection and risk. However, for individuals who are particularly risk-averse, Alternative B might be more appealing due to its very low risk of side effects.

Alternative C, while avoiding all risks associated with vaccination, leaves one completely unprotected against COVID-19, which could have serious health implications given the ongoing pandemic.

### Probabilities:
To reflect a balanced decision-making process that considers both effectiveness and risk, I would assign probabilities as follows:

- **P(A)**: 0.6 (High effectiveness and moderate side effects, with financial incentive)
- **P(B)**: 0.3 (Lower effectiveness but very low side effects, with financial incentive)
- **P(C)**: 0.1 (No vaccine, no protection, no risk of side effects)

These probabilities sum to 1 and reflect a preference for the more effective vaccine while acknowledging the value of lower side effects and the option to opt out.",success
24,4,1,"When making a decision about which vaccination option to choose, it's important to consider several factors including the waiting time, vaccine effectiveness, risk of side effects, cash incentive, and personal values regarding health and financial incentives. Here’s how I would break down the probabilities based on these considerations:

1. **Alternative A**:
   - **Waiting time**: 1 month (shorter wait, which is beneficial if there's a desire to be vaccinated sooner).
   - **Vaccine effectiveness**: 70% (moderate effectiveness).
   - **Risk of side effects**: 1% (slightly higher risk compared to B, but still relatively low).
   - **Cash incentive**: 800 RMB (financial benefit can be significant for some individuals).
   - **Vaccine origin**: Imported (may have different perceptions regarding trust and quality).

2. **Alternative B**:
   - **Waiting time**: 6 months (much longer wait, which might be a deterrent if immediate protection is desired).
   - **Vaccine effectiveness**: 70% (same as A).
   - **Risk of side effects**: 0.1% (very low risk, which could be more appealing to those who are risk-averse).
   - **Cash incentive**: 800 RMB (same financial benefit as A).
   - **Vaccine origin**: Imported (same as A).

3. **Alternative C**:
   - **No vaccination**: This option avoids all side effects and waiting times but also offers no protection against the virus, which could be a significant risk depending on the prevalence of the disease in the community.

Given these factors, I would assign probabilities based on the balance of benefits and risks:

- **P(A): 0.4** - Shorter waiting time and immediate financial benefit make this option attractive, despite a slightly higher risk of side effects.
- **P(B): 0.3** - Lower risk of side effects is a strong point, but the much longer wait might be a significant deterrent for some.
- **P(C): 0.3** - For those who are extremely risk-averse or skeptical about vaccines in general, opting out remains a valid choice.

These probabilities reflect a balanced consideration of all factors and sum to 1.",success
24,4,2,"To provide a decision based on the given alternatives, we need to consider multiple factors such as waiting time, vaccine effectiveness, risk of side effects, cash incentive, and personal health considerations. Here’s a breakdown of how these factors might influence the decision:

1. **Waiting Time**: A shorter waiting time (Alternative A) is generally more appealing because it provides protection sooner.
2. **Vaccine Effectiveness**: Both alternatives offer the same effectiveness of 70%, so this factor doesn't differentiate between them.
3. **Risk of Side Effects**: The risk of side effects is higher for Alternative A (1%) compared to Alternative B (0.1%), which might be a significant concern for some individuals.
4. **Cash Incentive**: Both alternatives offer the same cash incentive of 800 RMB, so this factor also doesn't differentiate between them.
5. **Vaccine Origin**: Both vaccines are imported, so there is no difference in origin.

Given these considerations, we can assign probabilities based on a balanced view of the factors:

- **Alternative A**: The shorter waiting time and higher risk of side effects balance out. This might be preferred by those who want protection sooner.
- **Alternative B**: The longer waiting time but lower risk of side effects make this a safer choice for those more concerned about side effects.
- **Opting Out (C)**: This is a valid option for those who are not comfortable with the risks or benefits of vaccination.

Here’s a possible distribution of probabilities:

P(A): 0.4
P(B): 0.5
P(C): 0.1

This distribution reflects a preference for safety and longer-term protection (B) but also acknowledges the value of quicker protection (A) and the option to opt out (C). The probabilities sum to 1, indicating a complete set of choices.",success
24,4,3,"To provide a probabilistic choice among the alternatives, we need to consider various factors such as waiting time, effectiveness, risk of side effects, and cash incentive. Here’s how each factor might influence the decision:

1. **Waiting Time**: A shorter waiting time is generally more favorable.
2. **Vaccine Effectiveness**: Both options A and B have the same effectiveness, so this doesn't differentiate them.
3. **Risk of Side Effects**: A lower risk of side effects is preferred.
4. **Cash Incentive**: The cash incentive is the same for both options A and B, so it doesn’t differentiate them.
5. **Vaccine Origin**: Both vaccines are imported, which might be a neutral factor or slightly positive if there is more trust in imported vaccines.

Given these considerations:

- **Alternative A** has a shorter waiting time but a higher risk of side effects compared to Alternative B.
- **Alternative B** has a much longer waiting time but a lower risk of side effects.
- **Alternative C** involves no vaccination, which means no protection against the virus and no cash incentive.

Assuming equal importance for each factor, we can assign probabilities based on a balanced consideration:

- **P(A)**: The shorter waiting time is very attractive, but the higher risk of side effects is a significant concern. Let’s assign a moderate probability.
- **P(B)**: The lower risk of side effects is highly favorable, but the long waiting time is a major drawback. Let’s also assign a moderate probability.
- **P(C)**: Opting out means no protection and no incentive, which is generally less favorable unless there are strong personal or health reasons to avoid vaccination. Let’s assign a low probability.

Here’s a possible distribution:

- **P(A): 0.4**
- **P(B): 0.5**
- **P(C): 0.1**

These probabilities sum to 1, reflecting the relative attractiveness of each option based on the given factors.",success
24,4,4,"When evaluating the alternatives, we need to consider several factors such as waiting time, vaccine effectiveness, risk of side effects, cash incentive, and personal health preferences. Here's a breakdown of the considerations:

1. **Waiting Time**:
   - Alternative A: 1 month (shorter wait)
   - Alternative B: 6 months (much longer wait)

2. **Vaccine Effectiveness**:
   - Both alternatives A and B have the same effectiveness of 70%.

3. **Risk of Side Effects**:
   - Alternative A: 1% (higher risk)
   - Alternative B: 0.1% (lower risk)

4. **Cash Incentive**:
   - Both alternatives A and B offer a cash incentive of 800 RMB.

5. **Vaccine Origin**:
   - Both alternatives A and B are imported, which might imply similar quality standards.

Given these factors, here’s how I would weigh the probabilities:

- **Alternative A**: The shorter waiting time is a significant advantage, but the higher risk of side effects (1%) might be a concern for some. However, the 800 RMB incentive and 70% effectiveness are strong points.
- **Alternative B**: The much longer waiting time is a major disadvantage, but the lower risk of side effects (0.1%) is a significant advantage. The 800 RMB incentive and 70% effectiveness are also present here.
- **Alternative C**: Opting out means no protection against COVID-19, which could be risky given the ongoing pandemic. However, some might prefer this if they have strong concerns about vaccines or if they believe in natural immunity.

Considering these factors, I would assign probabilities as follows:

- **P(A)**: 0.5 (50%)
- **P(B)**: 0.3 (30%)
- **P(C)**: 0.2 (20%)

These probabilities reflect a preference for the shorter waiting time of Alternative A, while still acknowledging the lower risk of side effects in Alternative B and the potential personal reasons for opting out in Alternative C. The sum of these probabilities is 1, as required.",success
24,4,5,"When evaluating the alternatives for COVID-19 vaccination, it's important to consider multiple factors such as waiting time, vaccine effectiveness, risk of side effects, cash incentive, and personal health priorities. Here’s a breakdown of how these factors might influence the decision:

### Alternative A:
- **Waiting Time**: 1 month (shorter wait)
- **Vaccine Effectiveness**: 70% (moderate effectiveness)
- **Risk of Side Effects**: 1% (low risk, but higher than B)
- **Cash Incentive**: 800 RMB (financial benefit)
- **Vaccine Origin**: Imported (potentially more reliable or trusted)

### Alternative B:
- **Waiting Time**: 6 months (longer wait)
- **Vaccine Effectiveness**: 70% (same as A)
- **Risk of Side Effects**: 0.1% (very low risk)
- **Cash Incentive**: 800 RMB (same financial benefit)
- **Vaccine Origin**: Imported (potentially more reliable or trusted)

### Alternative C:
- **Do Not Receive the Vaccine**:
- **No Waiting Time**
- **No Vaccine Effectiveness** (no protection against COVID-19)
- **No Risk of Side Effects** (but higher risk of contracting and spreading the virus)
- **No Cash Incentive**

### Decision Analysis:
1. **Waiting Time**: A shorter waiting time is generally preferred, as it provides earlier protection.
2. **Vaccine Effectiveness**: Both A and B offer the same effectiveness, so this factor doesn't differentiate them.
3. **Risk of Side Effects**: The risk is lower for B (0.1% vs 1%), which might be more appealing to those who are risk-averse.
4. **Cash Incentive**: Both A and B offer the same incentive, so this factor doesn't differentiate them.
5. **Vaccine Origin**: Both A and B are imported, which is generally seen as a positive.

### Personal Values:
- If you value immediate protection and are willing to accept a slightly higher risk of side effects, Alternative A might be more appealing.
- If you prefer to minimize the risk of side effects and can wait longer for the vaccine, Alternative B might be better.
- If you do not want to receive the vaccine at all, despite the potential risks of contracting and spreading the virus, Alternative C is an option.

### Probabilities:
Given these considerations, here are the probabilities I would assign based on a balanced approach:

- **P(A)**: 0.4 (A offers immediate protection with a reasonable risk of side effects)
- **P(B)**: 0.5 (B minimizes side effect risks but requires a longer wait)
- **P(C)**: 0.1 (C is the least preferred due to lack of protection and potential public health impact)

These probabilities sum to 1, reflecting a balanced consideration of all factors.",success
24,4,6,"When making a decision like this, it's important to consider various factors including waiting time, vaccine effectiveness, risk of side effects, cash incentives, and personal health values. Here’s a breakdown of how these factors might influence the choice:

- **Waiting Time**: A shorter waiting time means you can gain protection sooner, which is beneficial if there is a high prevalence of the virus in your area or if you are at higher risk.
- **Vaccine Effectiveness**: Both options A and B have the same effectiveness (70%), so this factor does not differentiate between them.
- **Risk of Side Effects**: Option B has a lower risk of side effects (0.1% vs 1%), which might be more appealing if you are particularly concerned about potential side effects.
- **Cash Incentive**: Both options A and B offer the same cash incentive (800 RMB), so this factor does not differentiate between them.
- **Vaccine Origin**: Both vaccines are imported, so this factor is neutral.

Given these considerations, I would lean towards Option A due to the shorter waiting time, which allows for earlier protection. However, if you are very concerned about side effects, Option B might be more suitable despite the longer wait. Opting out (Option C) means no immediate protection and no cash incentive, which is generally less favorable unless you have strong reasons against vaccination.

Here’s a probabilistic distribution reflecting these considerations:

- **P(A): 0.6** (Favoring earlier protection)
- **P(B): 0.3** (Valuing lower risk of side effects)
- **P(C): 0.1** (Considering the option to opt out, but less favorable)

These probabilities sum to 1 and reflect a balanced consideration of all factors.",success
24,4,7,"When making a decision like this, it's important to consider various factors such as waiting time, vaccine effectiveness, risk of side effects, cash incentives, and personal health status. Here’s an analysis based on the given alternatives:

1. **Waiting Time**: A shorter waiting time is generally more favorable because it means you can get protection against COVID-19 sooner.
2. **Vaccine Effectiveness**: Both Alternative A and B have the same effectiveness of 70%, which is a significant factor in reducing the risk of severe illness.
3. **Risk of Side Effects**: The risk of side effects is lower for Alternative B (0.1%) compared to Alternative A (1%). While both are relatively low, a lower risk might be more appealing to some individuals.
4. **Cash Incentive**: Both alternatives offer the same cash incentive of 800 RMB, which can be a motivating factor but does not differentiate between the two.
5. **Vaccine Origin**: Both vaccines are imported, so there is no difference in this aspect.

Given these factors, here’s a probabilistic distribution based on the trade-offs:

- **Alternative A (1 month wait, 70% effectiveness, 1% side effects)**: This option offers the quickest protection, which might be crucial if you are in a high-risk environment or want to resume normal activities sooner. The higher risk of side effects is a downside.
  - P(A): 0.4

- **Alternative B (6 months wait, 70% effectiveness, 0.1% side effects)**: This option has the same effectiveness but with a much lower risk of side effects. However, waiting for 6 months might be a significant drawback, especially if you need protection sooner.
  - P(B): 0.4

- **Alternative C (Do not receive the vaccine)**: Opting out means no immediate protection against COVID-19, which could be risky depending on your personal circumstances and the prevalence of the virus in your area. However, some individuals might prefer to avoid vaccination due to personal beliefs or health concerns.
  - P(C): 0.2

These probabilities reflect a balanced consideration of the waiting time, risk of side effects, and the importance of getting vaccinated sooner rather than later. The distribution sums to 1, representing a complete set of choices.",success
24,4,8,"To provide a probabilistic distribution of choices, we need to consider various factors such as the urgency of protection, risk tolerance, and personal values. Here’s an analysis based on these factors:

1. **Urgency of Protection**:
   - Alternative A offers immediate protection (after 1 month), which is crucial in areas with high infection rates or if you are at higher risk.
   - Alternative B provides the same level of effectiveness but after a longer wait time, which might be less appealing if there's an immediate threat.

2. **Risk Tolerance**:
   - The risk of side effects for Alternative A (1%) is slightly higher than for Alternative B (0.1%). However, both risks are relatively low.
   - If you have a lower tolerance for side effects, you might prefer Alternative B despite the longer wait time.

3. **Personal Values and Circumstances**:
   - The cash incentive of 800 RMB is the same for both alternatives, so it doesn't influence the decision between A and B.
   - Opting out (Alternative C) means no protection against COVID-19, which might be a significant risk depending on your environment and health status.

Given these considerations, here’s a probabilistic distribution of choices:

- **P(A): 0.6** - This reflects the preference for immediate protection, especially in high-risk situations.
- **P(B): 0.3** - This accounts for those who are more risk-averse regarding side effects and can afford to wait.
- **P(C): 0.1** - This represents a small fraction of individuals who might choose not to vaccinate due to personal beliefs or circumstances.

These probabilities sum to 1, reflecting the distribution of preferences based on the given alternatives.",success
24,4,9,"When evaluating these alternatives, it's important to consider multiple factors such as waiting time, effectiveness, risk of side effects, and the cash incentive. Here’s a breakdown of how I would weigh each factor:

1. **Waiting Time**: A shorter waiting time is generally more desirable, especially given the ongoing nature of the pandemic.
2. **Vaccine Effectiveness**: Both alternatives A and B have the same effectiveness (70%), so this factor does not differentiate between them.
3. **Risk of Side Effects**: A lower risk of side effects is preferable. Alternative B has a significantly lower risk (0.1%) compared to Alternative A (1%).
4. **Cash Incentive**: Both alternatives offer the same cash incentive (800 RMB), so this factor does not differentiate between them.
5. **Vaccine Origin**: Both alternatives are imported, which is neutral in this context.

Given these considerations:

- **Alternative A** offers a shorter waiting time but has a higher risk of side effects.
- **Alternative B** offers a longer waiting time but has a significantly lower risk of side effects.
- **Alternative C** (opting out) means no protection from the vaccine and no cash incentive, which is generally less desirable given the ongoing pandemic.

Based on these factors, I would assign probabilities as follows:

- **P(A)**: 0.3
- **P(B)**: 0.6
- **P(C)**: 0.1

These probabilities reflect a preference for Alternative B due to its lower risk of side effects, despite the longer waiting time. Opting out (Alternative C) is the least preferred option.",success
24,4,10,"When making a decision like this, it's important to consider multiple factors including waiting time, vaccine effectiveness, risk of side effects, cash incentive, and personal health circumstances. Since I am an AI, I don't have personal preferences or health conditions, but I can provide a probabilistic assessment based on the information provided.

### Factors Considered:
1. **Waiting Time**: Shorter waiting times are generally more favorable.
2. **Vaccine Effectiveness**: Both options A and B have the same effectiveness of 70%.
3. **Risk of Side Effects**: Lower risk is better, but it's a minor factor if the difference is small.
4. **Cash Incentive**: The cash incentive is the same for both options A and B.
5. **Vaccine Origin**: Both vaccines are imported, so this doesn't differentiate them.

### Probabilistic Assessment:
- **Alternative A** offers a shorter waiting time (1 month) but has a higher risk of side effects (1%). This might be more appealing to someone who wants to get vaccinated as soon as possible.
- **Alternative B** has a longer waiting time (6 months) but a lower risk of side effects (0.1%). This might be more appealing to someone who is more concerned about the risk of side effects.
- **Alternative C** (opting out) means no vaccine, which could lead to higher health risks from COVID-19, especially if the virus is widespread in the community.

Given these considerations, a reasonable distribution of probabilities might be:

- **P(A)**: 0.4
- **P(B)**: 0.35
- **P(C)**: 0.25

This distribution reflects a preference for getting vaccinated sooner (A) but also acknowledges the value of lower side effects (B) and the option to avoid vaccination altogether (C), though with less weight due to potential health risks.",success
25,5,1,"In making a decision about which vaccination option to choose, it's important to weigh the effectiveness of the vaccine, the risk of side effects, and personal values such as the importance of cash incentives and trust in imported vaccines. Here’s a breakdown of how one might consider these factors:

1. **Vaccine Effectiveness**: A higher effectiveness rate means better protection against COVID-19. Alternative A has a 95% effectiveness, which is significantly higher than the 50% effectiveness of Alternative B.

2. **Risk of Side Effects**: The risk of side effects for Alternative A is 10%, compared to 1% for Alternative B. While the risk is higher with Alternative A, it is still relatively low and often manageable.

3. **Cash Incentive**: Both Alternatives A and B offer a cash incentive of 200 RMB, which could be a motivating factor for some individuals but does not differ between the two options.

4. **Vaccine Origin**: Both vaccines are imported, so this factor is equal across Alternatives A and B.

5. **Personal Choice (Opting Out)**: Opting out (Alternative C) means no waiting time, no risk of side effects, and no cash incentive, but also no protection against COVID-19.

Given these considerations, a rational choice might be to prioritize the vaccine with higher effectiveness while accepting a slightly higher risk of side effects. Here’s a possible distribution of probabilities reflecting a decision-making process:

P(A): 0.7
P(B): 0.2
P(C): 0.1

This distribution suggests a strong preference for Alternative A due to its high effectiveness, with some consideration given to the lower risk of side effects in Alternative B and a small probability assigned to opting out (Alternative C) if one is particularly risk-averse or has concerns about vaccines in general.",success
25,5,2,"To provide a probabilistic choice among these alternatives, we need to consider the factors involved and weigh their importance. Here’s a breakdown:

1. **Vaccine Effectiveness**: This is crucial in determining the protection against COVID-19.
2. **Risk of Side Effects**: While side effects can be concerning, they are generally manageable and not life-threatening for most people.
3. **Cash Incentive**: A financial incentive might influence some individuals but is less critical compared to health outcomes.
4. **Vaccine Origin**: The origin (imported in this case) does not significantly impact the decision if both vaccines have been approved by regulatory bodies.

Given these considerations:

- **Alternative A** offers high effectiveness (95%) with a moderate risk of side effects (10%). This is the most protective option, making it highly desirable.
- **Alternative B** has lower effectiveness (50%) but a much lower risk of side effects (1%). It provides some protection but not as robustly as Alternative A.
- **Alternative C** offers no protection and thus carries the highest risk in terms of potential COVID-19 infection.

Based on these factors, here is a probabilistic distribution:

- **P(A)**: 0.7
- **P(B)**: 0.2
- **P(C)**: 0.1

This distribution reflects a strong preference for the more effective vaccine (Alternative A), a moderate consideration for the lower-risk but less effective vaccine (Alternative B), and a low likelihood of opting out entirely (Alternative C).",success
25,5,3,"When making a decision like this, it's important to consider both personal values and the quantitative aspects of each option. However, for the purpose of providing an answer based on the given data, I'll assume that the primary goal is to maximize health benefits while also considering the cash incentive.

Here’s a breakdown of the considerations:

- **Vaccine Effectiveness**: A higher effectiveness means better protection against COVID-19.
- **Risk of Side Effects**: Lower risk might be preferred by those who are more concerned about immediate safety and comfort.
- **Cash Incentive**: This is a secondary consideration but can influence the decision, especially if financial support is needed or valued.

### Analysis:
- **Alternative A** offers the highest vaccine effectiveness (95%) with a moderate side effect risk (10%). The cash incentive of 200 RMB adds value.
- **Alternative B** has much lower effectiveness (50%) but a very low side effect risk (1%). It also includes the same cash incentive.
- **Alternative C** involves no vaccination, which means no immediate health protection against COVID-19, and no financial benefit.

### Probabilities:
Given the significant difference in vaccine effectiveness between A and B, and the potential long-term benefits of being vaccinated, I would lean more towards choosing a vaccine with higher effectiveness. However, some might prefer to avoid side effects at all costs, which could make Alternative B or even C more appealing.

For this scenario, I will distribute the probabilities as follows:

- **P(A): 0.7** - High effectiveness is crucial for long-term protection.
- **P(B): 0.2** - Lower risk of side effects might be a deciding factor for some.
- **P(C): 0.1** - Some might opt out due to personal beliefs or other reasons.

These probabilities reflect the importance of high vaccine effectiveness while acknowledging the value of low side effect risks and the option to opt out.",success
25,5,4,"When making a decision regarding COVID-19 vaccination, it's important to consider multiple factors including the waiting time, vaccine effectiveness, risk of side effects, and any additional incentives. Given the options provided:

- **Alternative A** offers a highly effective vaccine (95% effectiveness) with a moderate risk of side effects (10%) and a cash incentive.
- **Alternative B** has a lower effectiveness (50%) but a much lower risk of side effects (1%) and also includes a cash incentive.
- **Alternative C** involves not getting vaccinated, which means no protection from the virus and no risk of vaccine-related side effects.

To provide probabilities that sum to 1 for each alternative, we need to weigh these factors. Here’s a reasoned approach:

1. **Effectiveness**: A more effective vaccine (95%) is generally preferable over a less effective one (50%) as it provides better protection against the virus.
2. **Risk of Side Effects**: A higher risk of side effects (10% vs 1%) might be a significant concern for some individuals, but this needs to be balanced against the effectiveness of the vaccine.
3. **Cash Incentive**: The cash incentive is the same for both alternatives that involve vaccination, so it doesn’t influence the decision between A and B.
4. **Waiting Time**: All options have the same waiting time, so this factor is neutral.

Given these considerations, here’s a possible distribution of probabilities:

- **P(A)**: 0.6 (High effectiveness outweighs moderate side effects)
- **P(B)**: 0.3 (Low risk of side effects but lower effectiveness)
- **P(C)**: 0.1 (Opting out is the least favorable due to lack of protection)

These probabilities reflect a preference for higher vaccine effectiveness, while still considering the risks and benefits of each option. The sum of these probabilities is 1, indicating a complete distribution of preferences across the alternatives.",success
25,5,5,"In making a decision about which vaccination choice to select, it's important to weigh the benefits and risks of each option. Here’s a structured approach to evaluate the alternatives:

### Alternative A:
- **Waiting time:** 3 months (same for all)
- **Vaccine effectiveness:** 95% (very high, significantly reduces risk of contracting COVID-19)
- **Risk of side effects:** 10% (moderate, but generally manageable and not life-threatening)
- **Cash incentive:** 200 RMB (same for A and B)
- **Vaccine origin:** Imported (may be more reliable in terms of quality)

### Alternative B:
- **Waiting time:** 3 months (same for all)
- **Vaccine effectiveness:** 50% (moderate, provides some protection but not as robust as A)
- **Risk of side effects:** 1% (very low, minimal risk)
- **Cash incentive:** 200 RMB (same for A and B)
- **Vaccine origin:** Imported (may be more reliable in terms of quality)

### Alternative C:
- **Do not receive the vaccine:**
- **Waiting time:** N/A
- **Vaccine effectiveness:** 0% (no protection against COVID-19)
- **Risk of side effects:** 0% (no risk from the vaccine, but higher risk from contracting the virus)
- **Cash incentive:** 0 RMB
- **Vaccine origin:** N/A

### Decision Factors:
1. **Effectiveness:** Alternative A is clearly superior in terms of effectiveness, providing a much stronger protection against COVID-19.
2. **Side Effects:** Alternative B has a lower risk of side effects, which might be preferred by those who are particularly concerned about potential adverse reactions.
3. **Cash Incentive:** Both A and B offer the same cash incentive, so this factor does not influence the decision between these two options.
4. **Risk of Not Vaccinating:** Opting out (Alternative C) leaves one completely unprotected against a potentially serious illness.

### Probabilities:
Given the factors above, here is a distribution of probabilities reflecting the likelihood of choosing each alternative:

- **P(A): 0.7** (High effectiveness and acceptable side effect risk make this the most attractive option)
- **P(B): 0.2** (Moderate effectiveness with very low side effects might be chosen by those who are more risk-averse regarding side effects)
- **P(C): 0.1** (Opting out is a less favorable choice due to the lack of protection against COVID-19)

These probabilities sum to 1 and reflect a balanced consideration of the benefits and risks associated with each alternative.",success
25,5,6,"To provide a probabilistic choice among these alternatives, we need to consider various factors such as the effectiveness of the vaccine, the risk of side effects, the waiting time, and the cash incentive. Here’s a breakdown of how each factor might influence the decision:

1. **Vaccine Effectiveness**:
   - Alternative A offers 95% effectiveness, which is significantly higher than the 50% offered by Alternative B.
   - Higher effectiveness generally means better protection against COVID-19.

2. **Risk of Side Effects**:
   - Alternative A has a 10% risk of side effects, while Alternative B has only a 1% risk.
   - The lower risk of side effects in Alternative B might be more appealing to individuals who are particularly concerned about potential adverse reactions.

3. **Waiting Time**:
   - Both alternatives have the same waiting time of 3 months, so this factor does not differentiate between A and B.

4. **Cash Incentive**:
   - Both alternatives offer a cash incentive of 200 RMB, which is the same for both options.
   - This factor also does not differentiate between A and B.

5. **Vaccine Origin**:
   - Both vaccines are imported, so this factor does not influence the decision.

6. **Opting Out (Alternative C)**:
   - Opting out means no protection against COVID-19, which might be less desirable given the ongoing pandemic.
   - However, some individuals might prefer to avoid vaccination due to personal beliefs or health concerns.

Given these considerations, a reasonable probabilistic distribution of choices might reflect a preference for higher effectiveness while also considering the risk of side effects and the option to opt out. Here is a possible distribution:

- **P(A)**: 0.6 (60%)
  - This reflects a strong preference for the more effective vaccine, despite the higher risk of side effects.
  
- **P(B)**: 0.25 (25%)
  - This accounts for individuals who are more concerned about minimizing side effects and might prefer a less effective but safer option.
  
- **P(C)**: 0.15 (15%)
  - This reflects the minority of individuals who might choose to opt out due to personal reasons or concerns about vaccination.

These probabilities sum to 1, providing a balanced view of the choices based on the given factors.",success
25,5,7,"Choosing a vaccination option involves weighing several factors, including effectiveness, risk of side effects, waiting time, and personal incentives. Here’s how I would evaluate the options based on these criteria:

- **Alternative A**: This vaccine has high effectiveness (95%) but also a higher risk of side effects (10%). The cash incentive is 200 RMB, which could be seen as an additional benefit. Given the high effectiveness, this option provides strong protection against COVID-19.
  
- **Alternative B**: This vaccine offers moderate protection (50% effectiveness) with a very low risk of side effects (1%). The same cash incentive is offered as Alternative A, but the lower effectiveness means it provides less protection overall.

- **Alternative C**: Opting out of vaccination means no waiting time, no risk of side effects, and no effectiveness against COVID-19. There are also no financial incentives for choosing this option.

Considering these factors, here’s a probabilistic distribution based on the potential benefits and risks:

- **P(A)**: 0.6
  - High effectiveness (95%) is a significant benefit.
  - The risk of side effects (10%) is manageable considering the protection it offers.
  - The cash incentive adds value.

- **P(B)**: 0.3
  - Moderate effectiveness (50%) provides some level of protection but not as strong as Alternative A.
  - Very low risk of side effects (1%) makes this a safer option for those who are more concerned about side effects.
  - The cash incentive is the same, which helps.

- **P(C)**: 0.1
  - No effectiveness against COVID-19, which is a significant drawback.
  - No waiting time or side effects might be appealing to some, but the lack of protection outweighs these benefits.
  - No financial incentive for opting out.

These probabilities reflect a higher preference for the more effective vaccine (A), with a moderate consideration for the safer option (B), and a low likelihood of choosing not to vaccinate at all (C).",success
25,5,8,"When making a decision regarding COVID-19 vaccination, it's important to weigh the benefits and risks associated with each option. Here’s an analysis of the alternatives provided:

**Alternative A:**
- **Waiting time:** 3 months (same for all)
- **Vaccine effectiveness:** 95% (highly effective in preventing infection)
- **Risk of side effects:** 10% (moderate risk, but generally manageable and not life-threatening)
- **Cash incentive:** 200 RMB (financial benefit)
- **Vaccine origin:** Imported (potentially higher quality control)

**Alternative B:**
- **Waiting time:** 3 months
- **Vaccine effectiveness:** 50% (less effective compared to A, may not provide sufficient protection)
- **Risk of side effects:** 1% (very low risk)
- **Cash incentive:** 200 RMB
- **Vaccine origin:** Imported

**Alternative C:**
- **Do not receive the vaccine (opt out):**
- No waiting time
- No direct health benefits from vaccination
- No risk of side effects
- No cash incentive
- Potential long-term risks due to lack of immunity against COVID-19

### Decision Analysis:
- **Effectiveness:** Alternative A is significantly more effective at 95%, which means it provides a much higher level of protection against the virus.
- **Risk of Side Effects:** While Alternative A has a higher risk of side effects (10% vs. 1%), these are generally manageable and not life-threatening. The benefits of high effectiveness may outweigh the increased risk of side effects for many people.
- **Cash Incentive:** Both alternatives offer the same cash incentive, which is a positive factor but does not differentiate between them.
- **Vaccine Origin:** Both vaccines are imported, suggesting similar quality control standards.

### Probabilities:
Given the analysis, I would assign probabilities based on the balance of benefits and risks:

- **P(A): 0.6** (High effectiveness and moderate risk of side effects make this a strong choice)
- **P(B): 0.2** (Lower effectiveness and low risk of side effects make it less appealing but still an option for those who are more risk-averse)
- **P(C): 0.2** (Opting out is a valid choice for those who do not want to take any risks, but it leaves them unprotected)

These probabilities sum to 1, reflecting the relative likelihood of choosing each alternative based on the provided information.",success
25,5,9,"In making a decision about which COVID-19 vaccination option to choose, it's important to consider the factors of waiting time, vaccine effectiveness, risk of side effects, cash incentive, and personal values. Here’s an analysis based on these criteria:

- **Waiting Time**: All options have the same waiting time of 3 months, so this factor does not influence the decision.
- **Vaccine Effectiveness**: Alternative A has a significantly higher effectiveness (95%) compared to Alternative B (50%). This is a critical factor in protecting against COVID-19 and its variants.
- **Risk of Side Effects**: Alternative B has a lower risk of side effects (1%) compared to Alternative A (10%). However, the 10% risk for Alternative A might still be considered acceptable given the much higher effectiveness.
- **Cash Incentive**: Both alternatives A and B offer the same cash incentive of 200 RMB, which can be a minor factor in decision-making but does not differentiate between them.
- **Vaccine Origin**: Both are imported, so this factor is also equal.

Given these considerations, here’s a probabilistic distribution reflecting a balanced approach to these factors:

- **P(A)**: 0.6
  - Alternative A offers the best protection against COVID-19 with high effectiveness and a manageable side effect risk.
- **P(B)**: 0.2
  - Alternative B might be chosen by individuals who are extremely risk-averse regarding side effects, despite its lower effectiveness.
- **P(C)**: 0.2
  - Opting out (Alternative C) might be selected by those who do not wish to take any vaccine due to personal beliefs or health concerns.

These probabilities sum to 1 and reflect a balanced consideration of the factors involved in making this decision.",success
25,5,10,"When making a decision like this, it's important to weigh the benefits and risks of each option. Here’s how I might evaluate the alternatives based on the given criteria:

**Alternative A:**
- High vaccine effectiveness (95%) is very desirable as it provides strong protection against COVID-19.
- Higher risk of side effects (10%) could be a concern, but for many people, the benefits of high effectiveness may outweigh this risk.
- The cash incentive (200 RMB) and waiting time (3 months) are consistent with the other options.

**Alternative B:**
- Lower vaccine effectiveness (50%) is less desirable as it provides only moderate protection against COVID-19.
- Very low risk of side effects (1%) might be appealing to those who are particularly concerned about side effects.
- The cash incentive (200 RMB) and waiting time (3 months) are consistent with the other options.

**Alternative C:**
- Opting out means no protection against COVID-19, which is a significant risk given the ongoing pandemic.
- No waiting time or side effects to consider, but also no benefits in terms of health protection or cash incentive.

Given these considerations, I would assign probabilities based on the balance of effectiveness and risks:

**P(A): 0.6**
- High effectiveness makes this option very attractive despite the higher risk of side effects.

**P(B): 0.3**
- Moderate effectiveness with a very low risk of side effects might be suitable for some individuals, but it's less appealing overall compared to A.

**P(C): 0.1**
- Opting out is the least favorable option given the significant health risks involved, but it still has a small probability for those who are extremely risk-averse or have other concerns about vaccination.

These probabilities sum to 1 and reflect a weighted decision based on the provided criteria.",success
26,5,1,"In making a decision about which vaccination choice to select, it's important to weigh several factors including the waiting time, vaccine effectiveness, risk of side effects, cash incentive, and vaccine origin. Here’s a breakdown of how these factors might influence the decision:

### Alternative A:
- **Waiting Time:** 3 months (shorter wait)
- **Effectiveness:** 50% (moderate effectiveness)
- **Risk of Side Effects:** 10% (relatively high risk)
- **Cash Incentive:** 200 RMB (financial incentive)
- **Vaccine Origin:** Imported

### Alternative B:
- **Waiting Time:** 6 months (longer wait)
- **Effectiveness:** 70% (higher effectiveness)
- **Risk of Side Effects:** 1% (very low risk)
- **Cash Incentive:** 200 RMB (financial incentive)
- **Vaccine Origin:** Domestic

### Alternative C:
- **Do Not Receive the Vaccine:**
- No waiting time
- No vaccine effectiveness (0% protection)
- No risk of side effects
- No cash incentive

Given these factors, here’s a possible distribution of probabilities:

1. **Alternative A** has a shorter waiting time and moderate effectiveness, but a relatively high risk of side effects. The financial incentive might be appealing, but the 50% effectiveness is a significant consideration.
   - **P(A): 0.2**

2. **Alternative B** offers higher effectiveness and a very low risk of side effects, but it requires waiting for 6 months. The domestic origin might also influence trust in the vaccine.
   - **P(B): 0.7**

3. **Alternative C** (opting out) means no protection from the virus, which could be risky given the ongoing pandemic. However, some individuals might prefer to avoid any risks associated with vaccination.
   - **P(C): 0.1**

### Summary:
- **P(A): 0.2**
- **P(B): 0.7**
- **P(C): 0.1**

These probabilities reflect a preference for the higher effectiveness and lower risk of side effects offered by Alternative B, with some consideration given to the shorter waiting time and financial incentive of Alternative A, and a small probability assigned to opting out entirely.",success
26,5,2,"When making a decision about which vaccination alternative to choose, it's important to consider multiple factors such as the waiting time, vaccine effectiveness, risk of side effects, cash incentive, and personal preferences regarding the origin of the vaccine. Here’s how I would evaluate each option:

### Alternative A:
- **Waiting Time:** 3 months (shorter wait)
- **Vaccine Effectiveness:** 50% (moderate protection)
- **Risk of Side Effects:** 10% (moderate risk)
- **Cash Incentive:** 200 RMB (financial benefit)
- **Vaccine Origin:** Imported (may be preferred by some due to perceived quality)

### Alternative B:
- **Waiting Time:** 6 months (longer wait)
- **Vaccine Effectiveness:** 70% (higher protection)
- **Risk of Side Effects:** 1% (low risk)
- **Cash Incentive:** 200 RMB (same financial benefit)
- **Vaccine Origin:** Domestic (may be preferred by some due to local trust)

### Alternative C:
- **Do Not Receive the Vaccine:**
- **Waiting Time:** N/A
- **Vaccine Effectiveness:** 0% (no protection)
- **Risk of Side Effects:** 0% (no risk)
- **Cash Incentive:** 0 RMB (no financial benefit)
- **Vaccine Origin:** N/A

### Decision-Making Process:
1. **Protection and Risk:**
   - Alternative B offers the highest vaccine effectiveness at 70%, which is significantly better than the 50% of Alternative A.
   - The risk of side effects for Alternative B is very low at 1%, compared to 10% for Alternative A.

2. **Waiting Time:**
   - Alternative A has a shorter waiting time (3 months) compared to Alternative B (6 months).

3. **Cash Incentive:**
   - Both alternatives offer the same cash incentive of 200 RMB, which is not a differentiating factor.

4. **Personal Preferences:**
   - The origin of the vaccine might influence some individuals' choices. Imported vaccines are often perceived as higher quality, but domestic vaccines might be trusted more by others due to familiarity and local production standards.

### Probabilities:
Given the above considerations, I would assign probabilities based on a balance of these factors:

- **P(A): 0.25**
  - Alternative A is attractive for those who want a shorter waiting time and are willing to accept a moderate risk of side effects in exchange for earlier protection.
  
- **P(B): 0.50**
  - Alternative B offers the best balance of high effectiveness, low risk of side effects, and a reasonable wait time, making it the most appealing option for many.

- **P(C): 0.25**
  - Opting out might be chosen by individuals who are very risk-averse or have strong personal beliefs against vaccination, despite the lack of protection.

### Final Answer:
P(A): 0.25
P(B): 0.50
P(C): 0.25",success
26,5,3,"Choosing a vaccination option involves balancing multiple factors, including effectiveness, risk of side effects, waiting time, and personal values. Here’s how I would distribute the probabilities based on these considerations:

- **Alternative A**: This option offers a shorter wait time and an immediate cash incentive, which can be attractive for those who want to get vaccinated sooner rather than later. However, it has a lower vaccine effectiveness and a higher risk of side effects compared to Alternative B. The imported origin might also influence some people's decisions based on trust in the source of the vaccine.
  
- **Alternative B**: This option provides better protection with 70% effectiveness and only a 1% risk of side effects, which is significantly lower than that of Alternative A. The longer wait time could be a drawback for those who need immediate protection. However, the domestic origin might be more trusted by some individuals.

- **Alternative C**: Choosing not to get vaccinated at all avoids the risk of side effects but also leaves one unprotected against COVID-19, which can have serious health implications.

Given these considerations, here’s a possible distribution of probabilities:

P(A): 0.25
P(B): 0.60
P(C): 0.15

This distribution reflects a higher preference for the more effective and safer option (B), while still acknowledging the appeal of getting vaccinated sooner with an incentive (A) and the choice to opt out (C). The probabilities sum to 1, as required.",success
26,5,4,"To approach this decision, we need to consider a few key factors such as waiting time, vaccine effectiveness, risk of side effects, cash incentive, and personal values regarding the origin of the vaccine. Here's how I would weigh these factors:

1. **Waiting Time**: Shorter waiting times are generally more favorable.
2. **Vaccine Effectiveness**: Higher effectiveness is better for providing protection against the virus.
3. **Risk of Side Effects**: Lower risk of side effects is preferable to minimize health concerns.
4. **Cash Incentive**: The cash incentive is the same for both A and B, so it doesn't differentiate between them.
5. **Vaccine Origin**: This might be a personal preference, but generally, the effectiveness and safety are more critical.

Given these considerations, here's how I would distribute the probabilities:

- **Alternative A**:
  - Shorter waiting time (3 months) is a significant advantage.
  - Lower effectiveness (50%) compared to B.
  - Higher risk of side effects (10%) compared to B.
  - Same cash incentive as B.
  - Imported vaccine might be preferred by some due to perceived quality.

- **Alternative B**:
  - Longer waiting time (6 months) is a disadvantage.
  - Higher effectiveness (70%) compared to A.
  - Lower risk of side effects (1%) compared to A.
  - Same cash incentive as A.
  - Domestic vaccine might be preferred by some due to local trust.

- **Alternative C**:
  - No waiting time, but no protection against the virus.
  - No risk of side effects.
  - No cash incentive.

Based on these factors, I would assign probabilities as follows:

- **P(A): 0.35**
- **P(B): 0.45**
- **P(C): 0.20**

These probabilities reflect a preference for the higher effectiveness and lower side effects of Alternative B, while still considering the shorter waiting time and potential trust in imported vaccines for Alternative A. Opting out (Alternative C) is given the lowest probability as it provides no protection against the virus.",success
26,5,5,"To provide a decision in probabilistic terms, we need to consider the trade-offs between waiting time, vaccine effectiveness, risk of side effects, and personal incentives. Here’s an analysis based on these factors:

1. **Vaccine Effectiveness**:
   - Alternative A: 50%
   - Alternative B: 70%

2. **Risk of Side Effects**:
   - Alternative A: 10%
   - Alternative B: 1%

3. **Waiting Time**:
   - Alternative A: 3 months
   - Alternative B: 6 months

4. **Cash Incentive**:
   - Both alternatives offer the same cash incentive of 200 RMB.

5. **Vaccine Origin**:
   - Alternative A: Imported
   - Alternative B: Domestic

Given these factors, we can make an informed decision by weighing the importance of each factor. For simplicity, let's assume that the importance is distributed as follows:

- Vaccine effectiveness (40%)
- Risk of side effects (30%)
- Waiting time (20%)
- Cash incentive (5%)
- Vaccine origin (5%)

### Calculation of Scores for Each Alternative

**Alternative A:**
- Vaccine effectiveness: 50% * 0.4 = 0.20
- Risk of side effects: (1 - 10%) * 0.3 = 0.27
- Waiting time: (3 months / 6 months) * 0.2 = 0.10
- Cash incentive: 200 RMB * 0.05 = 0.05
- Vaccine origin: (Imported) * 0.05 = 0.05

Total score for A: 0.20 + 0.27 + 0.10 + 0.05 + 0.05 = 0.67

**Alternative B:**
- Vaccine effectiveness: 70% * 0.4 = 0.28
- Risk of side effects: (1 - 1%) * 0.3 = 0.297
- Waiting time: (6 months / 6 months) * 0.2 = 0.20
- Cash incentive: 200 RMB * 0.05 = 0.05
- Vaccine origin: (Domestic) * 0.05 = 0.05

Total score for B: 0.28 + 0.297 + 0.20 + 0.05 + 0.05 = 0.877

**Alternative C:**
- No vaccine, so all factors are zero except for the personal preference to avoid vaccination.

Total score for C: 0 (assuming no positive value is assigned to opting out)

### Normalizing the Scores to Probabilities

To convert these scores into probabilities that sum to 1:

- Total score = 0.67 + 0.877 + 0 = 1.547
- P(A) = 0.67 / 1.547 ≈ 0.433
- P(B) = 0.877 / 1.547 ≈ 0.567
- P(C) = 0 / 1.547 ≈ 0

### Final Probabilities

P(A): 0.433
P(B): 0.567
P(C): 0

These probabilities reflect the decision based on the given factors and their importance.",success
26,5,6,"When evaluating the alternatives, I'll consider the waiting time, vaccine effectiveness, risk of side effects, cash incentive, and vaccine origin. Each factor can influence the decision differently depending on personal values and circumstances. However, for this analysis, I will provide a balanced approach considering general public health recommendations and typical preferences.

1. **Alternative A**:
   - Shorter waiting time (3 months) is favorable.
   - Lower effectiveness (50%) is a significant drawback.
   - Moderate risk of side effects (10%) is acceptable but not ideal.
   - Cash incentive (200 RMB) adds value.
   - Imported vaccine might be perceived as more reliable by some.

2. **Alternative B**:
   - Longer waiting time (6 months) is a significant drawback.
   - Higher effectiveness (70%) is a strong positive.
   - Very low risk of side effects (1%) is highly favorable.
   - Cash incentive (200 RMB) adds value.
   - Domestic vaccine might be preferred for supporting local production and trust in domestic health systems.

3. **Alternative C**:
   - No waiting time, no effectiveness, no risk of side effects, and no cash incentive.
   - Opting out means no protection against the virus, which is generally not recommended from a public health perspective.

Given these considerations, I would assign probabilities as follows:

- **P(A): 0.3**
  - The shorter waiting time and moderate effectiveness make it an appealing choice for those who want to get vaccinated sooner.
- **P(B): 0.5**
  - The higher effectiveness and very low risk of side effects make this the most balanced and favorable option, despite the longer wait.
- **P(C): 0.2**
  - Opting out is the least recommended choice but might be selected by those who are extremely risk-averse or have strong personal objections to vaccination.

These probabilities reflect a general approach that prioritizes vaccine effectiveness and safety while also considering waiting times and incentives.",success
26,5,7,"When making a decision like this, it's important to weigh the various factors such as waiting time, vaccine effectiveness, risk of side effects, and personal values. Since I am an AI model, I don't have personal preferences or health conditions, but I can provide a reasoned approach based on the information given.

Here’s how we might break down the decision:

1. **Vaccine Effectiveness**: Higher effectiveness means better protection against COVID-19.
2. **Risk of Side Effects**: Lower risk is generally more favorable.
3. **Waiting Time**: Shorter waiting time can be beneficial, especially if you are in a high-risk group or want to get vaccinated sooner.
4. **Cash Incentive**: The cash incentive is the same for both A and B, so it doesn't influence the decision between these two options.
5. **Vaccine Origin**: This might be influenced by personal trust in domestic vs. imported vaccines.

Given these factors:

- **Alternative A** offers a shorter waiting time and a moderate effectiveness but has a higher risk of side effects.
- **Alternative B** provides better protection with a much lower risk of side effects, but the waiting time is longer.
- **Alternative C** (opting out) means no immediate protection against COVID-19.

Assuming equal weight to each factor, and considering that the cash incentive is the same for A and B, we might lean towards:

- **P(A)**: 0.3
- **P(B)**: 0.5
- **P(C)**: 0.2

This distribution reflects a higher preference for Alternative B due to its better effectiveness and lower risk of side effects, despite the longer waiting time. However, there is still a significant consideration for Alternative A due to its shorter waiting time, and a smaller but non-zero probability for opting out, recognizing that some might prefer not to get vaccinated at all.

These probabilities are subjective and can vary based on individual circumstances and preferences.",success
26,5,8,"When evaluating the alternatives, we consider factors such as waiting time, effectiveness, risk of side effects, and personal values. Given the information provided:

### Alternative A:
- **Waiting Time**: 3 months (shorter wait)
- **Effectiveness**: 50% (moderate protection)
- **Risk of Side Effects**: 10% (moderate risk)
- **Cash Incentive**: 200 RMB
- **Vaccine Origin**: Imported

### Alternative B:
- **Waiting Time**: 6 months (longer wait)
- **Effectiveness**: 70% (higher protection)
- **Risk of Side Effects**: 1% (low risk)
- **Cash Incentive**: 200 RMB
- **Vaccine Origin**: Domestic

### Alternative C:
- **Do not receive the vaccine** (opt out)

### Decision Analysis:
1. **Waiting Time**: A shorter waiting time is generally more favorable, but it depends on how urgent the need for protection is.
2. **Effectiveness**: Higher effectiveness provides better protection against COVID-19, which is a significant factor in choosing a vaccine.
3. **Risk of Side Effects**: Lower risk of side effects is preferable to minimize potential health issues.
4. **Cash Incentive**: The cash incentive is the same for both A and B, so it doesn't influence the decision between these two.
5. **Vaccine Origin**: Trust in imported versus domestic vaccines may vary based on personal or cultural preferences.

### Probabilities:
Given the above considerations, I would assign probabilities as follows:

- **P(A)**: 0.3 (Shorter waiting time and moderate effectiveness might be appealing, but the higher risk of side effects is a concern.)
- **P(B)**: 0.5 (Higher effectiveness and lower risk of side effects make this a more attractive option despite the longer wait.)
- **P(C)**: 0.2 (Opting out might be chosen by those who are extremely risk-averse or have other health considerations.)

These probabilities sum to 1, reflecting the relative attractiveness of each alternative based on the provided information and typical decision-making criteria.",success
26,5,9,"Choosing a vaccination option involves weighing several factors, including waiting time, effectiveness, side effects, incentives, and personal health beliefs. Here’s a structured way to approach this decision by assigning probabilities based on the given information:

1. **Alternative A**:
   - **Waiting Time**: 3 months (shorter)
   - **Effectiveness**: 50% (moderate)
   - **Risk of Side Effects**: 10% (higher)
   - **Cash Incentive**: 200 RMB (same as B)
   - **Vaccine Origin**: Imported

2. **Alternative B**:
   - **Waiting Time**: 6 months (longer)
   - **Effectiveness**: 70% (higher)
   - **Risk of Side Effects**: 1% (lower)
   - **Cash Incentive**: 200 RMB (same as A)
   - **Vaccine Origin**: Domestic

3. **Alternative C**:
   - **Do not receive the vaccine (opt out)**

Given these factors, here’s a possible distribution of probabilities:

- **P(A)**: This option is appealing due to its shorter waiting time and immediate availability of the cash incentive. However, the lower effectiveness and higher risk of side effects are significant drawbacks.
  - Probability: 0.25

- **P(B)**: This option offers the highest effectiveness and the lowest risk of side effects, but it requires a longer wait. The domestic origin might be more reassuring for some people.
  - Probability: 0.45

- **P(C)**: Opting out is a choice that avoids all risks associated with vaccination but also provides no protection against COVID-19 and no cash incentive.
  - Probability: 0.30

These probabilities reflect a balanced consideration of the benefits and drawbacks of each option:

- P(A): 0.25
- P(B): 0.45
- P(C): 0.30

The sum of these probabilities is 1, indicating a complete distribution of preferences among the three alternatives.",success
26,5,10,"When evaluating the choices for COVID-19 vaccination, it's important to consider a balance between waiting time, vaccine effectiveness, risk of side effects, and personal values such as cash incentives and preference for vaccine origin. Here’s how I would distribute the probabilities based on these factors:

### Alternative A:
- **Waiting Time:** 3 months (shorter wait)
- **Vaccine Effectiveness:** 50% (moderate)
- **Risk of Side Effects:** 10% (higher risk)
- **Cash Incentive:** 200 RMB (financial benefit)
- **Vaccine Origin:** Imported

### Alternative B:
- **Waiting Time:** 6 months (longer wait)
- **Vaccine Effectiveness:** 70% (higher effectiveness)
- **Risk of Side Effects:** 1% (lower risk)
- **Cash Incentive:** 200 RMB (financial benefit)
- **Vaccine Origin:** Domestic

### Alternative C:
- **Do not receive the vaccine (opt out):**
- No waiting time
- No vaccine effectiveness
- No risk of side effects
- No cash incentive

Given these factors, here’s a possible distribution of probabilities:

- **P(A): 0.3** - This option is attractive due to the shorter waiting time and financial incentive, but the lower effectiveness and higher risk of side effects are significant drawbacks.
- **P(B): 0.5** - This option offers a better balance with higher vaccine effectiveness and lower risk of side effects, despite the longer wait. The cash incentive also adds value.
- **P(C): 0.2** - Opting out is a viable choice for those who are particularly risk-averse or have concerns about vaccines in general.

These probabilities reflect a balanced consideration of all factors, with a slight preference for Alternative B due to its higher effectiveness and lower side effects.",success
27,5,1,"When making a decision regarding vaccination, it's important to consider various factors including waiting time, vaccine effectiveness, risk of side effects, cash incentives, and personal values or beliefs. Here’s a breakdown of the choices based on these criteria:

- **Alternative A**: Offers a quicker route to some level of protection (3 months) with moderate effectiveness (50%) and a low risk of side effects (10%). The 50 RMB incentive is modest but could be seen as an additional benefit. However, the lower effectiveness might not provide sufficient protection against severe outcomes.

- **Alternative B**: Provides high effectiveness (95%), which significantly reduces the risk of contracting COVID-19 and experiencing severe symptoms. The waiting time is longer (6 months), but this might be a reasonable trade-off for better protection. The 200 RMB incentive is more substantial, adding to the overall value. However, depending on the current situation with the virus, waiting an additional 3 months could mean missing out on earlier protection.

- **Alternative C**: Choosing not to receive the vaccine at all means avoiding any risk of side effects but also foregoing the benefits of vaccination. This option is suitable for those who are extremely averse to vaccines or believe that other measures (like social distancing and masks) provide sufficient protection.

Given these considerations, here’s a probabilistic distribution reflecting the likelihood I would choose each option:

- **P(A): 0.2** - I might consider this if immediate protection is crucial, despite its lower effectiveness.
- **P(B): 0.7** - This seems to be the most balanced choice, offering high protection and a significant incentive, though it requires patience.
- **P(C): 0.1** - Opting out would only be considered if there are strong personal or medical reasons against vaccination.

These probabilities sum to 1 and reflect a preference for higher effectiveness and incentives while balancing waiting time and immediate protection needs.",success
27,5,2,"To provide a probabilistic response reflecting a choice among the three alternatives, I'll consider factors like waiting time, vaccine effectiveness, side effect risks, cash incentives, and personal health beliefs. Here’s how these might influence the probabilities:

- **Alternative A**: This option offers a quicker vaccination schedule with moderate effectiveness but includes a relatively small cash incentive. It could be appealing to those who want to get vaccinated sooner rather than later, despite lower efficacy.
  - P(A): 0.2

- **Alternative B**: This is the most effective vaccine with a higher cash incentive, though it requires a longer wait time. For individuals prioritizing long-term protection and financial incentives, this might be the best choice.
  - P(B): 0.6

- **Alternative C**: Opting out of vaccination might appeal to those who are hesitant about vaccines in general or prefer natural immunity. However, given the ongoing pandemic and the benefits of vaccination, this option is less likely to be chosen by someone looking for protection against COVID-19.
  - P(C): 0.2

These probabilities sum up to 1 and reflect a balanced consideration of all factors involved.",success
27,5,3,"When making a decision like this, it's important to consider multiple factors including personal health priorities, the urgency of protection against COVID-19, and the value placed on financial incentives. Here’s how I would break down the probabilities based on these considerations:

### Alternative A:
- **Waiting time:** 3 months (shorter wait)
- **Vaccine effectiveness:** 50% (moderate)
- **Risk of side effects:** 10% (same as B, relatively low)
- **Cash incentive:** 50 RMB (modest)
- **Vaccine origin:** Domestic

### Alternative B:
- **Waiting time:** 6 months (longer wait)
- **Vaccine effectiveness:** 95% (high)
- **Risk of side effects:** 10% (same as A, relatively low)
- **Cash incentive:** 200 RMB (significant)
- **Vaccine origin:** Imported

### Alternative C:
- **Do not receive the vaccine** (opt out)

Given these factors:

1. **Urgency and Effectiveness:**
   - If immediate protection is a priority, Alternative A might be more appealing despite its lower effectiveness.
   - If higher long-term protection is preferred, Alternative B is clearly better.

2. **Financial Incentive:**
   - The cash incentive for Alternative B (200 RMB) is significantly higher than that of Alternative A (50 RMB), which could be a deciding factor for some individuals.

3. **Personal Risk Tolerance:**
   - If the individual has a low tolerance for risk and prefers to avoid any potential side effects, they might opt out entirely (Alternative C).

4. **Vaccine Origin:**
   - The origin of the vaccine might influence trust or preference for some individuals.

### Probabilities:
- **P(A):** 0.3
- **P(B):** 0.5
- **P(C):** 0.2

### Explanation:
- **Alternative A (30%):** This option is chosen for those who prioritize a shorter waiting time and are willing to accept lower effectiveness in exchange for quicker protection.
- **Alternative B (50%):** This option is the most likely choice due to its high effectiveness and significant financial incentive, making it attractive to a majority of people who value long-term protection and the cash reward.
- **Alternative C (20%):** This option is chosen by those who are hesitant about vaccination or have personal reasons for opting out, such as health concerns or vaccine skepticism.

These probabilities reflect a balanced consideration of the given factors.",success
27,5,4,"To provide a probabilistic choice, we need to consider the relative importance of each factor in the decision-making process. Here's how I would weigh the options:

- **Alternative A**: Offers a shorter waiting time and a cash incentive but has lower effectiveness. The risk of side effects is moderate.
- **Alternative B**: Has the highest effectiveness and a higher cash incentive, but requires a longer wait time. The risk of side effects is the same as in Alternative A.
- **Alternative C**: Opting out avoids all risks and benefits associated with vaccination.

Given these considerations, I would assign probabilities based on the balance between waiting time, effectiveness, side effects, and financial incentives:

- **P(A)**: 0.3
- **P(B)**: 0.5
- **P(C)**: 0.2

These probabilities reflect a higher preference for the more effective vaccine (B) due to its significant benefits in terms of protection against COVID-19, despite the longer wait time. Alternative A is still considered due to its shorter waiting time and immediate financial incentive, but it is less favored due to its lower effectiveness. Opting out (C) is given a lower probability as it provides no protection against the virus.",success
27,5,5,"Choosing among these alternatives involves weighing several factors, including the waiting time, vaccine effectiveness, risk of side effects, cash incentive, and personal beliefs about vaccine origin. Here’s a probabilistic approach to decision-making based on balancing these factors:

1. **Alternative A** offers a shorter waiting time (3 months) and a moderate effectiveness (50%), with a low risk of side effects (10%). The cash incentive is relatively small (50 RMB), but the vaccine is domestic, which might be preferred for those who trust local sources.

2. **Alternative B** has a longer waiting time (6 months) but offers high effectiveness (95%) and the same low risk of side effects (10%). The cash incentive is significantly higher (200 RMB), and the vaccine is imported, which might be preferred for those who trust international sources.

3. **Alternative C** involves opting out of vaccination entirely, which carries no immediate risks or benefits but leaves the individual unprotected against COVID-19.

Given these factors, here’s a possible distribution of probabilities:

- **P(A): 0.25** - This alternative is chosen for those who value a shorter waiting time and moderate protection, with a small financial incentive.
- **P(B): 0.50** - This alternative is chosen for those who prioritize high effectiveness and are willing to wait longer, especially considering the higher cash incentive.
- **P(C): 0.25** - This alternative is chosen by those who are hesitant about vaccination or have other reasons to opt out.

These probabilities sum to 1, reflecting a balanced consideration of the different factors involved in the decision.",success
27,5,6,"When making a decision about which COVID-19 vaccination option to choose, it's important to consider various factors such as the waiting time, vaccine effectiveness, risk of side effects, cash incentives, and personal values. Given the options provided, I will evaluate them based on these criteria:

### Alternative A:
- **Waiting Time:** 3 months
- **Vaccine Effectiveness:** 50%
- **Risk of Side Effects:** 10%
- **Cash Incentive:** 50 RMB
- **Vaccine Origin:** Domestic

**Pros:**
- Shorter waiting time.
- Immediate protection, albeit less effective.

**Cons:**
- Lower vaccine effectiveness.
- Smaller cash incentive.

### Alternative B:
- **Waiting Time:** 6 months
- **Vaccine Effectiveness:** 95%
- **Risk of Side Effects:** 10%
- **Cash Incentive:** 200 RMB
- **Vaccine Origin:** Imported

**Pros:**
- Higher vaccine effectiveness.
- Larger cash incentive.

**Cons:**
- Longer waiting time, which means delayed protection.

### Alternative C:
- **Do Not Receive the Vaccine (Opt Out)**

**Pros:**
- No risk of side effects.
- No need to wait.

**Cons:**
- No protection against COVID-19.
- No cash incentive.

Given these considerations, I would assign probabilities based on a balance between immediate and long-term benefits, as well as personal values. Here is my evaluation:

### Probabilities:
- **P(A): 0.3**
  - This option provides quicker access to some level of protection, which might be valuable if there is an urgent need for vaccination.
- **P(B): 0.5**
  - This option offers the highest effectiveness and a significant cash incentive, making it the most attractive choice in terms of long-term benefits.
- **P(C): 0.2**
  - Opting out might be considered by those who are risk-averse or have strong personal reasons against vaccination.

These probabilities sum to 1 and reflect a balanced approach considering the given options.",success
27,5,7,"When evaluating the alternatives for receiving a COVID-19 vaccination, it's important to consider several factors including waiting time, vaccine effectiveness, risk of side effects, cash incentives, and personal values regarding vaccine origin. Here’s a breakdown of how these factors might influence the decision:

### Alternative A:
- **Waiting Time**: 3 months (shorter wait)
- **Vaccine Effectiveness**: 50% (moderate protection)
- **Risk of Side Effects**: 10% (same as B, relatively low)
- **Cash Incentive**: 50 RMB (small incentive)
- **Vaccine Origin**: Domestic

### Alternative B:
- **Waiting Time**: 6 months (longer wait)
- **Vaccine Effectiveness**: 95% (high protection)
- **Risk of Side Effects**: 10% (same as A, relatively low)
- **Cash Incentive**: 200 RMB (higher incentive)
- **Vaccine Origin**: Imported

### Alternative C:
- **Do not receive the vaccine** (opt out)

### Decision Factors:
1. **Protection Level**: B offers significantly higher protection (95% vs. 50%).
2. **Waiting Time**: A has a shorter waiting time, which might be important if you want to get vaccinated sooner.
3. **Side Effects**: Both A and B have the same risk of side effects (10%), so this factor is neutral.
4. **Incentives**: B offers a higher cash incentive (200 RMB vs. 50 RMB).
5. **Personal Values**: Some might prefer domestic vaccines over imported ones, or vice versa.

### Personal Weights:
- If you value immediate protection and are willing to accept moderate effectiveness, A might be more appealing.
- If you prioritize high effectiveness and can wait longer, B is a better choice.
- If you have concerns about vaccines in general or specific preferences that align with not getting vaccinated, C might be your choice.

### Probabilities:
Given the importance of high effectiveness and the higher cash incentive, I would assign higher probabilities to B. However, A also has its merits due to the shorter waiting time. Here’s a possible distribution:

- **P(A)**: 0.2 (Shorter wait but lower protection)
- **P(B)**: 0.6 (Higher effectiveness and better incentive)
- **P(C)**: 0.2 (Opting out if vaccines are not preferred)

These probabilities reflect a balanced consideration of the factors mentioned, with a strong preference for the higher effectiveness and incentives offered by B, but also acknowledging the value of A's shorter waiting time and the possibility of opting out.",success
27,5,8,"To provide a probabilistic distribution for these choices, I'll consider factors like effectiveness, waiting time, side effects, and incentives. The decision is subjective, but here’s an analysis based on typical preferences that might influence someone's choice:

1. **Effectiveness**: A 95% effective vaccine (B) is significantly more desirable than a 50% effective one (A), especially in the context of a highly contagious disease like COVID-19.

2. **Waiting Time**: Waiting for 6 months (B) might be less appealing compared to waiting only 3 months (A). However, the higher effectiveness of B could outweigh this inconvenience.

3. **Risk of Side Effects**: Both A and B have the same risk of side effects at 10%, so this factor does not differentiate between them.

4. **Cash Incentive**: The incentive for choosing B is significantly higher than for A (200 RMB vs. 50 RMB), which could be a strong motivator, especially if financial considerations are important.

5. **Vaccine Origin**: Some individuals might prefer domestic vaccines due to trust or national pride, while others might have more confidence in imported vaccines from countries with robust healthcare systems.

Considering these factors, here is a possible distribution of probabilities:

- **P(A)**: 0.2 (The shorter waiting time and some cash incentive make it somewhat appealing, but the lower effectiveness is a significant drawback.)
- **P(B)**: 0.6 (The high effectiveness and higher financial incentive make this option very attractive, despite the longer wait.)
- **P(C)**: 0.2 (Opting out might be chosen by those who are vaccine-hesitant or have concerns about side effects.)

These probabilities sum to 1, reflecting a range of possible choices based on the given options and typical decision-making factors.",success
27,5,9,"Choosing among these alternatives involves weighing multiple factors, including waiting time, effectiveness, side effects, financial incentives, and personal health beliefs. Since I am an AI model and do not have personal preferences or a physical body, I will base the probabilities on a general risk-benefit analysis that might be applicable to a typical individual considering these options.

### Analysis:
- **Alternative A**: This option has a shorter waiting time but lower effectiveness. The cash incentive is modest, and it's domestically produced.
- **Alternative B**: This option offers higher effectiveness and a significant financial incentive, but the waiting time is longer. It's also imported, which might be seen as more reliable by some.
- **Alternative C**: Opting out means no risk from the vaccine itself but leaves you vulnerable to the virus.

### Probabilities:
Given the analysis, here are the probabilities:

- **P(A)**: 0.3
- **P(B)**: 0.5
- **P(C)**: 0.2

These probabilities reflect a higher likelihood of choosing Alternative B due to its high effectiveness and significant financial incentive, despite the longer waiting time. Alternative A is still considered due to its shorter waiting time, but it's less likely because of its lower effectiveness. Opting out (Alternative C) has the lowest probability as it leaves one unprotected against the virus.",success
27,5,10,"To provide a probabilistic choice, we need to consider the key factors for each alternative and weigh them according to their importance. Here’s a breakdown of how these factors might influence the decision:

### Factors Considered:
1. **Waiting Time**: Shorter waiting times are generally preferred.
2. **Vaccine Effectiveness**: Higher effectiveness is more desirable.
3. **Risk of Side Effects**: Lower risk is better, but both options have the same 10% risk.
4. **Cash Incentive**: A higher cash incentive might be a motivating factor.
5. **Vaccine Origin**: Some may prefer domestic vaccines due to trust or availability concerns.

### Analysis:
- **Alternative A** has a shorter waiting time and a lower effectiveness but offers a small cash incentive and is domestically produced.
- **Alternative B** has the highest effectiveness and a significant cash incentive, but it requires a longer wait and is imported.
- **Alternative C** involves no vaccination, which means no protection against the virus.

### Probabilistic Choice:
Given these factors, we can assign probabilities based on a weighted consideration of each factor. Here’s a possible distribution:

- **P(A)**: 0.2
  - Short waiting time is a significant plus, but lower effectiveness and small incentive might be less appealing.
- **P(B)**: 0.6
  - High effectiveness and substantial cash incentive make this option very attractive despite the longer wait.
- **P(C)**: 0.2
  - Opting out remains a choice for those who are hesitant about vaccination or prefer natural immunity.

### Final Probabilities:
- P(A): 0.2
- P(B): 0.6
- P(C): 0.2

These probabilities reflect a balanced consideration of the factors involved, with a strong preference for the high-effectiveness vaccine (Alternative B) due to its significant benefits.",success
28,5,1,"When making a decision about vaccination, it's important to consider various factors such as waiting time, vaccine effectiveness, risk of side effects, cash incentives, and personal values. Here’s a breakdown of the considerations for each alternative:

### Alternative A:
- **Waiting Time:** 1 month (shorter wait)
- **Vaccine Effectiveness:** 95% (very high)
- **Risk of Side Effects:** 1% (low but noticeable)
- **Cash Incentive:** 800 RMB (substantial)
- **Vaccine Origin:** Imported

### Alternative B:
- **Waiting Time:** 3 months (longer wait)
- **Vaccine Effectiveness:** 50% (moderate)
- **Risk of Side Effects:** 0.1% (very low)
- **Cash Incentive:** 200 RMB (small)
- **Vaccine Origin:** Domestic

### Alternative C:
- **Do not receive the vaccine:**
- **Waiting Time:** N/A
- **Vaccine Effectiveness:** 0% (no protection)
- **Risk of Side Effects:** 0% (no risk from vaccination, but higher risk from disease)
- **Cash Incentive:** 0 RMB
- **Vaccine Origin:** N/A

### Decision Analysis:
1. **Vaccine Effectiveness:**
   - A offers the highest effectiveness at 95%, which is crucial for protection against COVID-19.
   - B has a moderate effectiveness of 50%, which still provides some protection but less than A.
   - C offers no protection.

2. **Risk of Side Effects:**
   - A has a 1% risk, which is relatively low but higher than B.
   - B has a very low risk of 0.1%.
   - C has no risk from the vaccine but increases the risk of contracting the disease.

3. **Waiting Time:**
   - A requires a shorter wait time of 1 month.
   - B requires a longer wait time of 3 months.
   - C means no waiting time, but also no protection.

4. **Cash Incentive:**
   - A offers the highest incentive at 800 RMB.
   - B offers a smaller incentive at 200 RMB.
   - C offers no financial benefit.

5. **Personal Values and Risk Tolerance:**
   - If you value high protection and are willing to accept a slightly higher risk of side effects, A is the best choice.
   - If you prefer a lower risk of side effects and can wait longer, B might be more suitable.
   - If you are not concerned about vaccine protection and do not want to take any risks associated with vaccination, C could be your choice.

### Probabilities:
Given the analysis, I would assign probabilities based on the balance of these factors:

- **P(A): 0.6** (High effectiveness, reasonable side effect risk, shorter wait time, high incentive)
- **P(B): 0.3** (Moderate effectiveness, very low side effect risk, longer wait time, lower incentive)
- **P(C): 0.1** (No protection, no risk from vaccine, no waiting time, no financial benefit)

These probabilities sum to 1 and reflect a preference for the option that provides the highest level of protection with reasonable trade-offs in terms of side effects, waiting time, and incentives.",success
28,5,2,"To provide a probabilistic choice, we need to consider various factors such as the urgency of getting vaccinated, the effectiveness of the vaccine, the risk of side effects, the cash incentive, and personal values regarding vaccine origin. Here's how I would weigh these options:

1. **Alternative A**:
   - **Waiting time**: 1 month (shorter wait)
   - **Vaccine effectiveness**: 95% (very high)
   - **Risk of side effects**: 1% (moderate)
   - **Cash incentive**: 800 RMB (high)
   - **Vaccine origin**: Imported (may be more trusted by some)

2. **Alternative B**:
   - **Waiting time**: 3 months (longer wait)
   - **Vaccine effectiveness**: 50% (moderate)
   - **Risk of side effects**: 0.1% (very low)
   - **Cash incentive**: 200 RMB (low)
   - **Vaccine origin**: Domestic (may be preferred for national pride or trust)

3. **Alternative C**:
   - **Do not receive the vaccine**: This option involves no immediate risk but also no protection against the virus.

Given these considerations, I would assign probabilities as follows:

- **P(A)**: 0.6
- **P(B)**: 0.3
- **P(C)**: 0.1

These probabilities reflect a preference for getting vaccinated sooner with a highly effective vaccine and a reasonable cash incentive, while still considering the moderate risk of side effects and the value of domestic vaccines. The probability of opting out is low, as it provides no protection against the virus.",success
28,5,3,"To provide a probabilistic assessment of which alternative I would choose, we need to consider the various factors and their relative importance. Here’s a breakdown:

### Factors Considered:
1. **Waiting Time**: Shorter waiting times are generally preferred.
2. **Vaccine Effectiveness**: Higher effectiveness is more desirable.
3. **Risk of Side Effects**: Lower risk is preferable.
4. **Cash Incentive**: Higher incentives can be attractive.
5. **Vaccine Origin**: Preference for imported or domestic vaccines may vary.

### Weights and Preferences:
- **Waiting Time (20%)**: Shorter waiting time is more valuable.
- **Vaccine Effectiveness (30%)**: High effectiveness is crucial.
- **Risk of Side Effects (20%)**: Lower risk is important.
- **Cash Incentive (20%)**: Higher incentives are attractive.
- **Vaccine Origin (10%)**: Personal preference, but generally neutral.

### Scoring Each Alternative:
#### Alternative A:
- Waiting Time: 1 month (10/10)
- Vaccine Effectiveness: 95% (10/10)
- Risk of Side Effects: 1% (8/10)
- Cash Incentive: 800 RMB (10/10)
- Vaccine Origin: Imported (7/10)

Total Score: \( (10 \times 0.2) + (10 \times 0.3) + (8 \times 0.2) + (10 \times 0.2) + (7 \times 0.1) = 2 + 3 + 1.6 + 2 + 0.7 = 9.3 \)

#### Alternative B:
- Waiting Time: 3 months (3/10)
- Vaccine Effectiveness: 50% (4/10)
- Risk of Side Effects: 0.1% (10/10)
- Cash Incentive: 200 RMB (4/10)
- Vaccine Origin: Domestic (8/10)

Total Score: \( (3 \times 0.2) + (4 \times 0.3) + (10 \times 0.2) + (4 \times 0.2) + (8 \times 0.1) = 0.6 + 1.2 + 2 + 0.8 + 0.8 = 5.4 \)

#### Alternative C:
- Waiting Time: N/A (5/10)
- Vaccine Effectiveness: 0% (0/10)
- Risk of Side Effects: 0% (10/10)
- Cash Incentive: 0 RMB (0/10)
- Vaccine Origin: N/A (5/10)

Total Score: \( (5 \times 0.2) + (0 \times 0.3) + (10 \times 0.2) + (0 \times 0.2) + (5 \times 0.1) = 1 + 0 + 2 + 0 + 0.5 = 3.5 \)

### Normalizing Scores to Probabilities:
To convert these scores into probabilities that sum to 1, we use the softmax function:

\[ P(A) = \frac{e^{9.3}}{e^{9.3} + e^{5.4} + e^{3.5}} \]
\[ P(B) = \frac{e^{5.4}}{e^{9.3} + e^{5.4} + e^{3.5}} \]
\[ P(C) = \frac{e^{3.5}}{e^{9.3} + e^{5.4} + e^{3.5}} \]

Calculating the exponentials:
- \( e^{9.3} \approx 12078.63 \)
- \( e^{5.4} \approx 221.98 \)
- \( e^{3.5} \approx 33.12 \)

Sum of exponentials:
\[ 12078.63 + 221.98 + 33.12 = 12333.73 \]

Calculating probabilities:
\[ P(A) = \frac{12078.63}{12333.73} \approx 0.979 \]
\[ P(B) = \frac{221.98}{12333.73} \approx 0.018 \]
\[ P(C) = \frac{33.12}{12333.73} \approx 0.003 \]

### Final Probabilities:
\[ P(A): 0.979 \]
\[ P(B): 0.018 \]
\[ P(C): 0.003 \]

These probabilities sum to 1 and reflect the relative attractiveness of each alternative based on the given factors and their weights.",success
28,5,4,"When evaluating the three alternatives for receiving a COVID-19 vaccination, we need to consider several factors including waiting time, vaccine effectiveness, risk of side effects, cash incentives, and personal values regarding the origin of the vaccine. Here’s a breakdown of how these factors might influence the decision:

### Alternative A:
- **Waiting Time:** 1 month (shorter wait)
- **Vaccine Effectiveness:** 95% (highly effective)
- **Risk of Side Effects:** 1% (moderate risk, but generally acceptable)
- **Cash Incentive:** 800 RMB (significant financial incentive)
- **Vaccine Origin:** Imported (may be a consideration for some)

### Alternative B:
- **Waiting Time:** 3 months (longer wait)
- **Vaccine Effectiveness:** 50% (less effective, but still provides some protection)
- **Risk of Side Effects:** 0.1% (very low risk)
- **Cash Incentive:** 200 RMB (lower financial incentive)
- **Vaccine Origin:** Domestic (may be preferred for those who trust domestic products)

### Alternative C:
- **Do not receive the vaccine:**
- **Waiting Time:** N/A
- **Vaccine Effectiveness:** 0% (no protection)
- **Risk of Side Effects:** 0% (no risk, but also no benefit)
- **Cash Incentive:** 0 RMB (no financial incentive)
- **Vaccine Origin:** N/A

### Decision Factors:
1. **Protection and Risk:**
   - Alternative A offers the highest protection with a moderate risk of side effects.
   - Alternative B offers less protection but with very low risk of side effects.
   - Alternative C offers no protection and no risk.

2. **Waiting Time:**
   - Alternative A has the shortest waiting time, which is beneficial for those who want to be vaccinated as soon as possible.
   - Alternative B has a longer waiting time, which might be less appealing.

3. **Financial Incentive:**
   - Alternative A offers the highest cash incentive, which could be a significant factor for some individuals.
   - Alternative B offers a lower cash incentive.
   - Alternative C offers no financial benefit.

4. **Personal Values:**
   - Some individuals might prefer domestic vaccines due to trust or other personal reasons.
   - Others might not have strong preferences regarding the origin of the vaccine.

### Probabilities:
Given these considerations, here is a possible distribution of probabilities based on balancing effectiveness, risk, waiting time, and financial incentives:

- **P(A): 0.6** (Highly effective with moderate risk and significant financial incentive)
- **P(B): 0.3** (Less effective but very low risk and some financial incentive)
- **P(C): 0.1** (No protection or risk, no financial incentive, least favorable)

These probabilities reflect a preference for the most effective option with reasonable risk and incentives, while still considering less effective options that offer lower risk and some benefits.",success
28,5,5,"To provide a probabilistic choice, we need to consider the key factors for each alternative and weigh them based on their importance. Here's a breakdown:

- **Vaccine Effectiveness**: Higher effectiveness is generally preferred as it provides better protection against COVID-19.
- **Risk of Side Effects**: Lower risk is preferable, but this needs to be balanced with the effectiveness.
- **Waiting Time**: Shorter waiting time can be more desirable for those who want to get vaccinated sooner.
- **Cash Incentive**: This can influence decisions, especially if financial considerations are important.
- **Vaccine Origin**: The origin of the vaccine might affect trust or preference based on personal or cultural factors.

Given these factors, let's assign some weights to each alternative:

1. **Alternative A**:
   - High effectiveness (95%)
   - Low risk of side effects (1%)
   - Short waiting time (1 month)
   - Good cash incentive (800 RMB)
   - Imported vaccine

2. **Alternative B**:
   - Moderate effectiveness (50%)
   - Very low risk of side effects (0.1%)
   - Long waiting time (3 months)
   - Low cash incentive (200 RMB)
   - Domestic vaccine

3. **Alternative C**:
   - No protection against COVID-19
   - No risk of side effects
   - No waiting time
   - No financial incentive
   - No vaccination

Considering the importance of each factor, we can make a probabilistic choice:

- **P(A)**: 0.6 (High effectiveness and good cash incentive make this option very attractive)
- **P(B)**: 0.3 (Moderate effectiveness with low risk of side effects, but long waiting time is a drawback)
- **P(C)**: 0.1 (Opting out means no protection, which is generally less desirable)

These probabilities sum to 1 and reflect the relative attractiveness of each alternative based on the given factors.",success
28,5,6,"When making a decision like choosing a COVID-19 vaccination option, it's important to weigh the various factors such as waiting time, vaccine effectiveness, risk of side effects, cash incentives, and personal values regarding the origin of the vaccine. Here’s a structured approach to assigning probabilities based on these factors:

### Factors Considered:
1. **Waiting Time**: Shorter waiting times are generally more favorable.
2. **Vaccine Effectiveness**: Higher effectiveness is better for protection against the virus.
3. **Risk of Side Effects**: Lower risk is preferred to minimize health concerns.
4. **Cash Incentive**: A higher incentive might be attractive but should be balanced with other factors.
5. **Personal Values and Preferences** regarding vaccine origin.

### Analysis:
- **Alternative A**: 
  - Short waiting time (1 month)
  - High effectiveness (95%)
  - Low risk of side effects (1%)
  - Good cash incentive (800 RMB)
  - Imported vaccine

- **Alternative B**: 
  - Long waiting time (3 months)
  - Lower effectiveness (50%)
  - Very low risk of side effects (0.1%)
  - Low cash incentive (200 RMB)
  - Domestic vaccine

- **Alternative C**:
  - No waiting time
  - No effectiveness (0%)
  - No risk of side effects (0%)
  - No cash incentive (0 RMB)

### Probabilities:
Given the factors, here is a possible distribution of probabilities:

- **P(A)**: 0.6
  - High effectiveness and relatively low risk make this option very attractive.
  - The cash incentive and shorter waiting time add significant value.

- **P(B)**: 0.2
  - While it has the lowest risk of side effects, the long waiting time and lower effectiveness are significant drawbacks.
  - The domestic origin might be a slight positive for some individuals, but overall, this option is less favorable.

- **P(C)**: 0.2
  - Opting out means no protection against the virus, which is a major risk.
  - However, it might be chosen by those who are extremely risk-averse regarding side effects or have strong personal beliefs against vaccination.

### Final Probabilities:
- P(A): 0.6
- P(B): 0.2
- P(C): 0.2

These probabilities reflect a balanced consideration of the various factors, with a strong preference for Alternative A due to its high effectiveness and other positive attributes.",success
28,5,7,"When making a decision about COVID-19 vaccination, it's important to weigh several factors including the waiting time, vaccine effectiveness, risk of side effects, cash incentives, and personal values. Here’s a breakdown of each alternative:

### Alternative A:
- **Waiting Time:** 1 month (shorter wait)
- **Vaccine Effectiveness:** 95% (highly effective)
- **Risk of Side Effects:** 1% (low risk)
- **Cash Incentive:** 800 RMB (substantial incentive)
- **Vaccine Origin:** Imported

### Alternative B:
- **Waiting Time:** 3 months (longer wait)
- **Vaccine Effectiveness:** 50% (moderately effective)
- **Risk of Side Effects:** 0.1% (very low risk)
- **Cash Incentive:** 200 RMB (minimal incentive)
- **Vaccine Origin:** Domestic

### Alternative C:
- **Do Not Receive the Vaccine:**
- No waiting time
- No vaccine effectiveness
- No risk of side effects
- No cash incentive

### Considerations:
1. **Effectiveness and Waiting Time:** A 95% effective vaccine is significantly better than a 50% effective one, especially if you want to minimize the risk of contracting COVID-19. The shorter waiting time for Alternative A (1 month) also means you can gain protection sooner.
2. **Risk of Side Effects:** Both alternatives have low risks of side effects, but 1% is still higher than 0.1%. However, this difference might be outweighed by the higher effectiveness of Alternative A.
3. **Cash Incentive:** The cash incentive for Alternative A (800 RMB) is four times that of Alternative B (200 RMB), which could be a significant financial benefit.
4. **Personal Values and Circumstances:** If you are risk-averse, the lower side effect rate of Alternative B might be more appealing. However, if you value higher protection and a quicker return to normal activities, Alternative A might be more suitable.

### Probabilities:
Given these considerations, I would assign probabilities as follows:

- **P(A): 0.6** (High probability due to high effectiveness, shorter wait time, and substantial cash incentive)
- **P(B): 0.3** (Moderate probability due to lower risk of side effects but longer wait time and lower effectiveness)
- **P(C): 0.1** (Low probability as opting out leaves you unprotected)

These probabilities reflect a balanced consideration of the factors involved, with a strong preference for the more effective and quicker option (Alternative A), while still acknowledging the value of the lower risk and domestic origin in Alternative B.",success
28,5,8,"To provide a probabilistic choice, I'll consider factors such as effectiveness, waiting time, side effects, and cash incentives. Here's how these might be weighted in a decision-making process:

1. **Effectiveness**: Higher effectiveness is more desirable.
2. **Waiting Time**: Shorter waiting times are preferred.
3. **Risk of Side Effects**: Lower risk is better.
4. **Cash Incentive**: A higher incentive can be a motivator, especially if it offsets other disadvantages.

Given these considerations:

- **Alternative A** offers the highest effectiveness (95%) and a significant cash incentive (800 RMB), but has a 1% risk of side effects and is an imported vaccine.
- **Alternative B** has a much lower effectiveness (50%), minimal side effects (0.1%), and a shorter waiting time, with a smaller cash incentive (200 RMB).
- **Alternative C** involves no vaccination, which might be chosen if the individual is risk-averse or does not believe in the necessity of vaccination.

Based on these factors, I would assign probabilities as follows:

P(A): 0.6
P(B): 0.3
P(C): 0.1

This distribution reflects a higher preference for Alternative A due to its high effectiveness and significant cash incentive, while still considering the other options.",success
28,5,9,"When evaluating choices like these, it's important to consider multiple factors such as effectiveness, risk of side effects, waiting time, and incentives. Here’s a structured way to think about the probabilities based on the given information:

1. **Vaccine Effectiveness**: Higher effectiveness is generally more desirable.
2. **Risk of Side Effects**: Lower risk is preferred.
3. **Waiting Time**: Shorter waiting times are better.
4. **Cash Incentive**: Higher incentives can be a motivator.
5. **Personal Risk Tolerance and Preferences**: This includes trust in vaccine origin (imported vs. domestic).

Given the information:

- **Alternative A** offers high effectiveness, moderate risk of side effects, shorter waiting time, and a significant cash incentive. The imported origin might affect some people's preferences but is not inherently negative.
- **Alternative B** has lower effectiveness, very low risk of side effects, longer waiting time, and a smaller cash incentive. It also uses a domestic vaccine, which might be preferred for trust reasons.
- **Alternative C** (opting out) means no protection from the vaccine, no risk of side effects, no waiting time, and no incentive.

Considering these factors, here’s a distribution of probabilities:

- **P(A): 0.60** - This alternative is highly effective and has a significant cash incentive, which could be very appealing.
- **P(B): 0.30** - While less effective, it has a very low risk of side effects and might be preferred by those who are more cautious or trust domestic vaccines.
- **P(C): 0.10** - Opting out is the least likely choice given the benefits of vaccination.

These probabilities sum to 1 and reflect a balanced consideration of all factors.",success
28,5,10,"When making a decision about which COVID-19 vaccination choice to select, it's important to consider the trade-offs between waiting time, vaccine effectiveness, risk of side effects, cash incentives, and personal values. Here’s a breakdown of each alternative:

### Alternative A:
- **Waiting Time:** 1 month (shorter wait)
- **Vaccine Effectiveness:** 95% (highly effective)
- **Risk of Side Effects:** 1% (low risk)
- **Cash Incentive:** 800 RMB (substantial incentive)
- **Vaccine Origin:** Imported

### Alternative B:
- **Waiting Time:** 3 months (longer wait)
- **Vaccine Effectiveness:** 50% (moderately effective)
- **Risk of Side Effects:** 0.1% (very low risk)
- **Cash Incentive:** 200 RMB (smaller incentive)
- **Vaccine Origin:** Domestic

### Alternative C:
- **Do not receive the vaccine (opt out)**
- **No waiting time, no effectiveness, no side effects, no cash incentive**

Given these factors, I would assign probabilities based on a balanced consideration of all aspects:

1. **Alternative A:**
   - Shorter wait time is beneficial.
   - High vaccine effectiveness provides strong protection.
   - Low risk of side effects is acceptable.
   - Substantial cash incentive adds value.
   - Imported vaccines might be perceived as more reliable.

2. **Alternative B:**
   - Longer wait time is a significant drawback.
   - Lower vaccine effectiveness reduces the benefit.
   - Very low risk of side effects is a positive factor.
   - Smaller cash incentive is less motivating.
   - Domestic origin might be preferred for some due to familiarity and trust in local production.

3. **Alternative C:**
   - No immediate health benefits from vaccination.
   - No financial incentives.
   - Avoids any potential side effects, but also leaves you unprotected against the virus.

### Probabilities:
- **P(A): 0.6** (High probability due to high effectiveness and substantial incentive)
- **P(B): 0.3** (Moderate probability considering the lower effectiveness and longer wait)
- **P(C): 0.1** (Low probability as it offers no protection)

These probabilities reflect a balanced consideration of all factors, with a strong preference for Alternative A due to its high effectiveness and significant incentives.",success
29,5,1,"To provide a probabilistic choice, we need to consider the relative advantages and disadvantages of each option. Here’s how I would break it down:

- **Alternative A**: This vaccine has a higher effectiveness (70%) compared to Alternative B (50%). The waiting time and risk of side effects are the same for both, and both offer the same cash incentive. The only downside is that it's imported, which might be less favorable in terms of supply chain reliability or local economic support.
  
- **Alternative B**: While this vaccine is domestically produced, its effectiveness (50%) is significantly lower than Alternative A. This could mean a higher risk of contracting COVID-19, despite the same waiting time, side effect risk, and cash incentive.

- **Alternative C**: Opting out means no waiting time, no side effects, and no cash incentive, but it also means no protection against COVID-19, which might be a significant risk depending on your personal circumstances (e.g., health status, exposure risk).

Given these considerations, here’s how I would distribute the probabilities:

- **P(A)**: 0.6 - This option offers the best balance of effectiveness and safety, despite being imported.
- **P(B)**: 0.3 - This is a viable choice if you prefer domestic products, but it's less effective.
- **P(C)**: 0.1 - Opting out should be considered only if there are strong personal reasons against vaccination.

These probabilities reflect the relative attractiveness of each option based on the provided criteria.",success
29,5,2,"To provide a structured response, I will consider several factors such as effectiveness, risk of side effects, cash incentive, and vaccine origin. Here's how each factor might influence the decision:

1. **Effectiveness**: A more effective vaccine is generally preferred as it provides better protection against the virus.
2. **Risk of Side Effects**: Both vaccines have the same low risk of side effects, so this factor does not significantly differentiate between them.
3. **Cash Incentive**: The cash incentive is the same for both vaccines, so this factor also does not differentiate between them.
4. **Vaccine Origin**: Some individuals might prefer domestic products due to trust or national pride, while others might prefer imported vaccines if they perceive them as higher quality.

Given these considerations:

- **Alternative A** (Imported vaccine with 70% effectiveness) is more appealing due to its higher effectiveness, which provides better protection.
- **Alternative B** (Domestic vaccine with 50% effectiveness) is less effective but might be preferred by those who have a strong preference for domestic products.
- **Alternative C** (Not receiving the vaccine) carries the highest risk as it offers no protection against the virus.

Based on these factors, I would assign probabilities that reflect the likelihood of choosing each alternative:

P(A): 0.6
P(B): 0.3
P(C): 0.1

These probabilities sum to 1 and reflect a preference for the more effective vaccine (Alternative A) while acknowledging that some might prefer the domestic option or opt out entirely.",success
29,5,3,"When evaluating the alternatives, several factors should be considered: waiting time, vaccine effectiveness, risk of side effects, cash incentive, and personal beliefs about vaccine origin. Given the data provided:

- **Alternative A** offers a higher vaccine effectiveness (70%) with a low risk of side effects (0.1%), a cash incentive (800 RMB), and an imported vaccine.
- **Alternative B** has lower vaccine effectiveness (50%) but is otherwise similar to Alternative A in terms of waiting time, side effects, and cash incentive, with the only difference being that it is a domestic vaccine.
- **Alternative C** involves not receiving the vaccine at all, which means no protection against COVID-19 but also no risk of side effects or need for waiting.

Given these considerations, if I were to assign probabilities based on the likelihood of choosing each option, I would consider the following:

- **P(A)**: This alternative is likely the most appealing due to its higher effectiveness and similar safety profile compared to B. The cash incentive and imported origin might also be viewed positively by some individuals.
- **P(B)**: While this option has a lower effectiveness, it offers the same benefits as A in terms of side effects and cash incentive, with the added potential benefit of supporting domestic production.
- **P(C)**: This is the least favorable option given that it provides no protection against COVID-19, which could be a significant risk depending on the individual's circumstances.

Here are my probabilities:

- P(A): 0.6
- P(B): 0.3
- P(C): 0.1

These probabilities reflect a higher preference for the more effective vaccine (A), with some consideration given to supporting domestic options (B), and a low probability of opting out entirely (C).",success
29,5,4,"To provide a probabilistic choice, I'll consider the factors presented for each alternative and weigh them based on their potential impact. Here’s how the evaluation might go:

1. **Effectiveness**: A more effective vaccine is generally preferred as it provides better protection against the virus. Alternative A has 70% effectiveness compared to 50% for B, which is a significant difference.
2. **Risk of Side Effects**: Both alternatives have the same low risk of side effects (0.1%), so this factor does not significantly influence the decision between A and B.
3. **Cash Incentive**: Both alternatives offer the same cash incentive (800 RMB), which is a positive but equal benefit in both cases.
4. **Vaccine Origin**: Some individuals might have preferences based on vaccine origin, with some preferring domestic products due to trust or logistical reasons. However, if effectiveness and safety are equivalent, this factor may be less significant.

Given these considerations:

- **Alternative A** (70% effectiveness) is more appealing due to its higher effectiveness.
- **Alternative B** (50% effectiveness) is less appealing but might still be chosen by those who prefer domestic products or have concerns about imported vaccines.
- **Opting out (C)** is a choice that some may take if they are vaccine-hesitant, but given the provided incentives and relatively low risk of side effects, it seems less favorable.

Based on this evaluation, here’s a possible distribution of probabilities:

P(A): 0.6
P(B): 0.3
P(C): 0.1

This distribution reflects a higher preference for Alternative A due to its superior effectiveness, with some consideration given to the domestic option and a small probability assigned to opting out.",success
29,5,5,"When making a decision regarding COVID-19 vaccination, it's important to consider multiple factors such as vaccine effectiveness, risk of side effects, waiting time, and any additional incentives. Here’s how I would evaluate the alternatives:

### Evaluation:
1. **Vaccine Effectiveness**:
   - Alternative A: 70% (higher)
   - Alternative B: 50% (lower)

2. **Risk of Side Effects**:
   - Both A and B have a risk of 0.1%, which is very low.

3. **Waiting Time**:
   - Both A and B require a waiting time of 3 months, so this factor is equal for both.

4. **Cash Incentive**:
   - Both A and B offer an incentive of 800 RMB, which is the same.

5. **Vaccine Origin**:
   - Alternative A: Imported
   - Alternative B: Domestic

### Decision-Making:
- **Effectiveness**: The higher effectiveness of Alternative A (70% vs. 50%) is a significant factor in favor of choosing it.
- **Risk and Waiting Time**: Both alternatives have the same risk of side effects and waiting time, so these factors do not influence the decision.
- **Incentive**: The cash incentive is the same for both, so it does not affect the choice between A and B.
- **Vaccine Origin**: While some may prefer a domestic vaccine due to trust or logistical reasons, in this case, the higher effectiveness of the imported vaccine (Alternative A) outweighs this consideration.

### Opting Out:
- Choosing to opt out (Alternative C) means forgoing the protection offered by the vaccine. Given the relatively low risk of side effects and the significant benefit of vaccination, opting out is generally less favorable unless there are strong personal or medical reasons against vaccination.

### Probabilities:
Given the above considerations, I would assign probabilities as follows:

- **P(A)**: 0.7 (70%)
- **P(B)**: 0.2 (20%)
- **P(C)**: 0.1 (10%)

These probabilities reflect a higher preference for Alternative A due to its superior effectiveness, while still considering the other options as viable but less preferred choices.",success
29,5,6,"When making a decision about COVID-19 vaccination, it's important to consider several factors including the waiting time, vaccine effectiveness, risk of side effects, cash incentive, and personal beliefs or preferences regarding the origin of the vaccine. Here’s a breakdown based on the given alternatives:

### Alternative A:
- **Waiting time**: 3 months
- **Vaccine effectiveness**: 70%
- **Risk of side effects**: 0.1%
- **Cash incentive**: 800 RMB
- **Vaccine origin**: Imported

### Alternative B:
- **Waiting time**: 3 months
- **Vaccine effectiveness**: 50%
- **Risk of side effects**: 0.1%
- **Cash incentive**: 800 RMB
- **Vaccine origin**: Domestic

### Alternative C:
- **Do not receive the vaccine (opt out)**

### Factors to Consider:
1. **Effectiveness**: A higher effectiveness means better protection against the virus.
2. **Risk of side effects**: Both vaccines have a very low risk of side effects, which is reassuring.
3. **Cash incentive**: The cash incentive is the same for both vaccines, so it doesn't influence the decision between A and B.
4. **Vaccine origin**: Some individuals may prefer domestic vaccines due to trust or availability concerns.

### Decision:
Given the information provided:

- **Alternative A** offers a higher effectiveness (70%) compared to Alternative B (50%), which is a significant advantage in terms of protection against the virus.
- Both alternatives have the same waiting time, risk of side effects, and cash incentive.
- The origin of the vaccine might influence some individuals' preferences, but given that both are equally safe and offer the same incentives, the effectiveness should be the primary factor.

### Probabilities:
Based on the above considerations, I would assign probabilities as follows:

- **P(A)**: 0.7 (Given its higher effectiveness, it is more likely to be chosen)
- **P(B)**: 0.2 (Lower effectiveness makes it less favorable but still an option for those who prefer domestic vaccines)
- **P(C)**: 0.1 (Opting out is the least likely due to the benefits of vaccination)

### Final Answer:
- P(A): 0.7
- P(B): 0.2
- P(C): 0.1",success
29,5,7,"When evaluating these alternatives, we need to consider several factors including waiting time, vaccine effectiveness, risk of side effects, cash incentive, and personal values regarding the origin of the vaccine. Here’s a breakdown:

1. **Waiting Time**: All options have the same waiting time (3 months), so this factor does not differentiate between them.
2. **Vaccine Effectiveness**:
   - Alternative A: 70%
   - Alternative B: 50%
   - Alternative C: 0% (no vaccine)
   Higher effectiveness is generally preferred to reduce the risk of contracting COVID-19.

3. **Risk of Side Effects**: Both vaccines have the same low risk of side effects (0.1%), so this factor does not differentiate between them.
4. **Cash Incentive**: All options provide an 800 RMB incentive, which is a financial benefit but does not affect the health outcomes directly.
5. **Vaccine Origin**:
   - Alternative A: Imported
   - Alternative B: Domestic
   Personal preference and trust in vaccine origin may play a role.

Given these considerations, I would assign probabilities based on the effectiveness of the vaccines and personal values:

- **Alternative A (Imported, 70% effective)**: This option offers the highest protection against COVID-19. If one prioritizes health and safety, this is the most compelling choice.
- **Alternative B (Domestic, 50% effective)**: While it provides some protection, it is less effective than Alternative A. It might be chosen if there is a strong preference for domestically produced vaccines.
- **Alternative C (Do not receive the vaccine)**: This option involves no risk of side effects but also offers no protection against COVID-19. It might be chosen by those who are extremely risk-averse or have strong objections to vaccination.

Based on these considerations, I would assign the following probabilities:

P(A): 0.6
P(B): 0.3
P(C): 0.1

These probabilities reflect a higher likelihood of choosing the more effective vaccine (Alternative A) while accounting for the possibility of preferring the domestic option or opting out entirely.",success
29,5,8,"When making a decision about which vaccination option to choose, it's important to consider various factors such as the effectiveness of the vaccine, the risk of side effects, the waiting time, and any additional incentives. Here’s how I would evaluate each alternative:

### Alternative A:
- **Waiting Time:** 3 months (same for both options)
- **Vaccine Effectiveness:** 70% (higher than B)
- **Risk of Side Effects:** 0.1% (same as B, very low)
- **Cash Incentive:** 800 RMB (same as B)
- **Vaccine Origin:** Imported

### Alternative B:
- **Waiting Time:** 3 months (same for both options)
- **Vaccine Effectiveness:** 50% (lower than A)
- **Risk of Side Effects:** 0.1% (same as A, very low)
- **Cash Incentive:** 800 RMB (same as A)
- **Vaccine Origin:** Domestic

### Alternative C:
- **Do not receive the vaccine (opt out)**
- **No waiting time, no effectiveness, no side effects, and no cash incentive.**

Given these factors:

1. **Effectiveness:** Alternative A is more effective at 70% compared to 50% for B. This is a significant difference in terms of protection against the virus.
2. **Side Effects:** Both A and B have the same low risk of side effects (0.1%), so this factor does not differentiate them.
3. **Waiting Time:** Both A and B require a waiting time of 3 months, which is the same.
4. **Cash Incentive:** Both A and B offer the same cash incentive of 800 RMB.
5. **Vaccine Origin:** The origin of the vaccine (imported vs. domestic) may be a personal preference, but it does not significantly impact the effectiveness or safety in this scenario.

### Decision:
Given that Alternative A offers higher effectiveness with no additional risks or waiting time compared to B, and considering that opting out (C) provides no protection at all, I would assign probabilities as follows:

- **P(A): 0.6** (Higher effectiveness makes it the most desirable option)
- **P(B): 0.3** (Lower effectiveness but still offers some protection and incentive)
- **P(C): 0.1** (Opting out is the least favorable due to lack of protection)

These probabilities sum to 1, reflecting a weighted preference based on the given factors.",success
29,5,9,"To approach this decision, we need to consider the key factors for each alternative and weigh them based on their importance. The main factors are vaccine effectiveness, risk of side effects, waiting time, cash incentive, and personal values regarding vaccine origin.

### Evaluation:
1. **Vaccine Effectiveness**:
   - Alternative A: 70% (higher)
   - Alternative B: 50% (lower)
   - Alternative C: 0%

2. **Risk of Side Effects**:
   - All alternatives have the same risk of 0.1%.

3. **Waiting Time**:
   - All alternatives require a waiting time of 3 months.

4. **Cash Incentive**:
   - All alternatives offer the same cash incentive of 800 RMB.

5. **Vaccine Origin**:
   - Alternative A: Imported
   - Alternative B: Domestic

### Personal Values and Preferences:
- **Imported vs. Domestic**: Some people might prefer domestic vaccines due to trust in local regulations, while others might trust imported vaccines more.
- **Effectiveness**: Higher effectiveness is generally preferred as it provides better protection against the virus.
- **Risk of Side Effects**: Since the risk is the same for all options, this factor does not influence the decision.

### Decision:
Given that the waiting time and cash incentive are the same for Alternatives A and B, the main differentiating factors are vaccine effectiveness and origin. 

- If you value higher effectiveness more, you might lean towards Alternative A.
- If you prefer a domestic vaccine due to trust or other personal reasons, you might choose Alternative B.
- Opting out (Alternative C) is generally not recommended unless there are specific health concerns or other compelling reasons.

### Probabilities:
To reflect these considerations, I will assign probabilities that sum to 1 based on the above evaluation:

- **P(A)**: 0.6 (Higher effectiveness and imported vaccine might be preferred by some)
- **P(B)**: 0.3 (Lower effectiveness but domestic origin might be preferred by others)
- **P(C)**: 0.1 (Opting out is generally less favorable)

These probabilities reflect a higher likelihood of choosing the more effective vaccine, with some consideration given to those who prefer domestic vaccines and a small probability for opting out.",success
29,5,10,"To provide a probabilistic choice, we need to consider various factors such as personal health risk, societal impact, and individual preferences. However, for the sake of this exercise, I'll assume an average scenario where the goal is to maximize protection while considering other benefits like financial incentives.

Here's how each alternative might be evaluated:

1. **Alternative A**:
   - **Vaccine effectiveness**: 70% (moderately high)
   - **Risk of side effects**: 0.1% (very low)
   - **Cash incentive**: 800 RMB (a significant amount for many people)
   - **Vaccine origin**: Imported (might be perceived as more reliable or advanced)

2. **Alternative B**:
   - **Vaccine effectiveness**: 50% (lower than A, but still beneficial)
   - **Risk of side effects**: 0.1% (same as A)
   - **Cash incentive**: 800 RMB (same as A)
   - **Vaccine origin**: Domestic (might be preferred for supporting local industry or due to logistical convenience)

3. **Alternative C**:
   - **No vaccine**: Opting out means no protection against the virus, which could lead to higher health risks and potential societal impact.

Given these considerations, here are the probabilities reflecting a balanced choice:

- **P(A)**: 0.6 (High probability due to better effectiveness and potentially perceived reliability of imported vaccines)
- **P(B)**: 0.3 (Moderate probability due to lower effectiveness but still offers some protection and supports domestic production)
- **P(C)**: 0.1 (Low probability as opting out leaves one vulnerable to the virus)

These probabilities sum to 1, reflecting a weighted decision based on the given alternatives.",success
30,5,1,"To determine which alternative is most preferable, we need to consider multiple factors including waiting time, vaccine effectiveness, risk of side effects, cash incentive, and the origin of the vaccine. Here’s a breakdown of how these factors might influence the decision:

1. **Waiting Time**: All options have the same waiting time (6 months), so this factor does not differentiate between the choices.
2. **Vaccine Effectiveness**: Both alternatives A and B offer 70% effectiveness, which is the same. This also does not differentiate between the two.
3. **Risk of Side Effects**: Alternative A has a lower risk of side effects (0.1%) compared to Alternative B (1%). Lower risk might be more appealing to individuals who are particularly concerned about side effects.
4. **Cash Incentive**: Both alternatives A and B offer the same cash incentive (50 RMB), so this factor does not differentiate between them.
5. **Vaccine Origin**: Some individuals might prefer a domestic vaccine due to trust in local regulations or familiarity, while others might prefer an imported vaccine due to perceived higher quality or international standards.

Given these considerations, let's assign probabilities based on the relative importance of each factor:

- **Alternative A**: This option has the lowest risk of side effects and is imported. If we assume that the lower risk of side effects and the potential trust in imported vaccines are significant factors, this might be more appealing.
- **Alternative B**: This option has a higher risk of side effects but is domestic. It might be preferred by those who trust local products or have concerns about the origin of imported vaccines.
- **Alternative C**: Opting out of vaccination might be chosen by individuals who do not believe in the benefits of vaccination, are concerned about all risks associated with vaccines, or prefer to wait for more data.

Based on these considerations, I would assign the following probabilities:

P(A): 0.45
P(B): 0.35
P(C): 0.20

These probabilities reflect a preference for Alternative A due to its lower risk of side effects and imported origin, followed by Alternative B as a second choice with higher domestic trust but higher side effect risk, and lastly, Alternative C for those who choose not to vaccinate at all.",success
30,5,2,"To provide a probabilistic choice among these alternatives, I'll consider factors such as effectiveness, risk of side effects, waiting time, cash incentive, and vaccine origin. Here’s a breakdown of the considerations:

1. **Effectiveness**: Both vaccines (A and B) have the same effectiveness rate of 70%, so this factor is neutral between A and B.
2. **Risk of Side Effects**: Alternative A has a lower risk of side effects (0.1%) compared to Alternative B (1%). This makes A more favorable in terms of safety.
3. **Waiting Time**: Both alternatives have the same waiting time of 6 months, so this factor is also neutral between A and B.
4. **Cash Incentive**: Both alternatives offer the same cash incentive of 50 RMB, which does not influence the choice between A and B.
5. **Vaccine Origin**: Some individuals might prefer domestic products due to national pride or concerns about the reliability of imported vaccines. However, this is a subjective factor.

Given these considerations, I will assign probabilities that reflect a preference for lower risk of side effects (Alternative A) while also acknowledging some potential preference for domestic vaccine (Alternative B). Opting out (Alternative C) is less likely given the benefits of vaccination in terms of protection against COVID-19.

Here are the probabilities:

P(A): 0.6
P(B): 0.3
P(C): 0.1

These probabilities sum to 1 and reflect a preference for Alternative A due to its lower risk of side effects, while still considering the potential value of a domestic vaccine (B) and acknowledging that some individuals might choose not to vaccinate (C).",success
30,5,3,"When making a decision like this, it's important to weigh all factors including waiting time, vaccine effectiveness, risk of side effects, cash incentives, and personal beliefs about the origin of the vaccine. Given that Alternatives A and B have identical waiting times, effectiveness, and cash incentives, the primary differences are in the risk of side effects and the origin of the vaccine.

Here’s a possible way to assign probabilities based on these factors:

1. **Vaccine Effectiveness**: Both alternatives offer 70% effectiveness, which is the same.
2. **Risk of Side Effects**: Alternative A has a lower risk (0.1%) compared to Alternative B (1%). This is a significant factor in favor of A.
3. **Cash Incentive**: Both alternatives offer the same incentive (50 RMB).
4. **Vaccine Origin**: Some individuals may have a preference for domestic or imported vaccines based on trust, which can be subjective.

Given these considerations, if I were to assign probabilities, I might do so as follows:

- **P(A)**: 0.6
- **P(B)**: 0.3
- **P(C)**: 0.1

This distribution reflects a higher preference for Alternative A due to its lower risk of side effects and the assumption that there is no significant bias against imported vaccines. The probability for opting out (Alternative C) is kept low, assuming that the benefits of vaccination outweigh the risks in this scenario.",success
30,5,4,"In making a decision regarding COVID-19 vaccination choices, it's important to consider various factors such as the waiting time, vaccine effectiveness, risk of side effects, cash incentives, and the origin of the vaccine. Here’s an analysis based on these criteria:

- **Alternative A**:
  - **Waiting Time**: 6 months
  - **Vaccine Effectiveness**: 70%
  - **Risk of Side Effects**: 0.1%
  - **Cash Incentive**: 50 RMB
  - **Vaccine Origin**: Imported

- **Alternative B**:
  - **Waiting Time**: 6 months
  - **Vaccine Effectiveness**: 70%
  - **Risk of Side Effects**: 1%
  - **Cash Incentive**: 50 RMB
  - **Vaccine Origin**: Domestic

- **Alternative C**:
  - **Do not receive the vaccine (opt out)**

### Analysis:

1. **Waiting Time**: Both A and B have the same waiting time of 6 months, which is a significant period but does not differ between the two options.

2. **Vaccine Effectiveness**: Both A and B offer the same effectiveness of 70%, indicating they are equally effective in preventing COVID-19.

3. **Risk of Side Effects**:
   - Alternative A has a lower risk of side effects (0.1%).
   - Alternative B has a higher risk of side effects (1%).

4. **Cash Incentive**: Both A and B offer the same cash incentive of 50 RMB, which is a minor financial benefit.

5. **Vaccine Origin**:
   - Alternative A uses an imported vaccine.
   - Alternative B uses a domestic vaccine.
   - The choice between imported and domestic vaccines might depend on personal or cultural preferences regarding trust in foreign versus local products.

### Decision:

Given the analysis, the primary differentiating factors are the risk of side effects and the origin of the vaccine. Since both A and B have the same waiting time, effectiveness, and cash incentive, the decision largely hinges on the risk of side effects and personal preference for vaccine origin.

- **Alternative A** is preferable due to its lower risk of side effects (0.1%).
- **Alternative B** might be chosen by those who prefer domestic products.
- **Alternative C** (opting out) should be considered if one has strong concerns about the vaccine or prefers natural immunity, despite the risks associated with not being vaccinated.

### Probabilities:

Given the analysis, I would assign probabilities as follows:

- **P(A)**: 0.6
- **P(B)**: 0.3
- **P(C)**: 0.1

These probabilities reflect a higher preference for Alternative A due to its lower risk of side effects, while still considering the preferences for domestic products and the option to opt out.",success
30,5,5,"To provide a probabilistic choice, I need to consider the factors and weigh them based on their importance. Here’s how I break it down:

- **Vaccine Effectiveness**: Both A and B offer 70% effectiveness, which is the same.
- **Risk of Side Effects**: Alternative A has a lower risk (0.1%) compared to B (1%). This makes A more favorable in terms of safety.
- **Cash Incentive**: Both A and B offer the same incentive (50 RMB), so this does not influence the choice between them.
- **Vaccine Origin**: Some might prefer domestic products due to trust or national pride, while others might favor imported vaccines for perceived quality. However, without specific details on why one would be preferred over the other, I will assume equal preference.

Given these considerations, I would lean more towards Alternative A because of its lower risk of side effects. However, not getting vaccinated (Alternative C) is also a valid choice for those who are extremely risk-averse or have strong personal reasons against vaccination.

Here’s my probabilistic distribution:

P(A): 0.6
P(B): 0.3
P(C): 0.1

This reflects a higher preference for A due to its lower side effect risk, a moderate preference for B (despite the higher side effect risk), and a low but present consideration for not getting vaccinated at all.",success
30,5,6,"When making a decision about COVID-19 vaccination, it's important to consider various factors such as vaccine effectiveness, risk of side effects, waiting time, and any additional incentives. Here’s how I would weigh the options:

### Alternative A:
- **Waiting Time:** 6 months (same for all)
- **Vaccine Effectiveness:** 70% (same for all)
- **Risk of Side Effects:** 0.1%
- **Cash Incentive:** 50 RMB
- **Vaccine Origin:** Imported

### Alternative B:
- **Waiting Time:** 6 months (same for all)
- **Vaccine Effectiveness:** 70% (same for all)
- **Risk of Side Effects:** 1%
- **Cash Incentive:** 50 RMB
- **Vaccine Origin:** Domestic

### Alternative C:
- **Do not receive the vaccine (opt out)**

### Decision Criteria:
1. **Vaccine Effectiveness:** Both A and B offer 70% effectiveness, which is a significant benefit.
2. **Risk of Side Effects:** A has a lower risk (0.1%) compared to B (1%). This is a critical factor for many people.
3. **Cash Incentive:** Both A and B offer the same incentive (50 RMB).
4. **Vaccine Origin:** Some may prefer domestic vaccines due to trust or logistical reasons, while others might have more confidence in imported vaccines.

### Probabilities:
Given these factors, I would assign probabilities as follows:

- **P(A): 0.6**
  - Higher probability because of the lower risk of side effects (0.1%) and potential higher trust in imported vaccines.
  
- **P(B): 0.3**
  - Lower probability due to a higher risk of side effects (1%), but still considered for those who prefer domestic vaccines or have equal trust in both.

- **P(C): 0.1**
  - Lowest probability because opting out means no protection against the virus, which is generally not recommended unless there are specific medical reasons.

### Summary:
- P(A): 0.6
- P(B): 0.3
- P(C): 0.1

These probabilities reflect a balanced consideration of the effectiveness, side effects, and personal preferences regarding vaccine origin.",success
30,5,7,"To provide a probabilistic distribution of choices, we need to consider various factors such as the effectiveness of the vaccine, the risk of side effects, the cash incentive, and personal preferences regarding vaccine origin. Here’s how these factors might influence the decision:

1. **Vaccine Effectiveness**: Both alternatives A and B offer 70% effectiveness, which is a significant benefit in reducing the likelihood of contracting COVID-19.

2. **Risk of Side Effects**: Alternative A has a lower risk of side effects (0.1%) compared to Alternative B (1%). This might be a crucial factor for individuals who are particularly concerned about potential side effects.

3. **Cash Incentive**: Both alternatives offer the same cash incentive of 50 RMB, which is a minor benefit but could influence some decisions.

4. **Vaccine Origin**: Some individuals may prefer domestic vaccines due to trust in local regulatory standards or national pride, while others might prefer imported vaccines based on perceived quality or brand reputation.

5. **Opting Out (Alternative C)**: Choosing not to receive the vaccine at all means no protection from the virus but also no risk of side effects. This choice might be preferred by those who are skeptical about vaccines or have other health considerations that make vaccination inadvisable.

Given these factors, here is a possible distribution of probabilities:

- **P(A): 0.45** - This option offers a balance between effectiveness and minimal side effects, which many people would find appealing.
- **P(B): 0.35** - While this option has a higher risk of side effects, the domestic origin might be preferred by some individuals who trust local vaccines more.
- **P(C): 0.20** - Some individuals may opt out due to personal beliefs, health concerns, or other reasons.

These probabilities are based on a general assessment and can vary depending on individual circumstances and preferences.",success
30,5,8,"In making a decision about which COVID-19 vaccination choice to select, several factors need to be considered, including the waiting time, vaccine effectiveness, risk of side effects, cash incentive, and the origin of the vaccine. Given that Alternatives A and B have identical waiting times, vaccine effectiveness, and cash incentives, the primary differentiating factors are the risk of side effects and the origin of the vaccine.

Here’s a breakdown of how these factors might influence the decision:

1. **Vaccine Effectiveness**: Both alternatives offer 70% effectiveness, which is a significant benefit in terms of reducing the likelihood of contracting or spreading the virus.
2. **Risk of Side Effects**:
   - Alternative A has a lower risk of side effects (0.1%) compared to Alternative B (1%). This could be more appealing for individuals who are particularly concerned about potential side effects.
3. **Cash Incentive**: Both alternatives offer a 50 RMB incentive, which is the same and thus does not influence the decision between A and B.
4. **Vaccine Origin**:
   - Alternative A uses an imported vaccine, which might be perceived as having higher quality or reliability by some individuals, but could also raise concerns about supply chain issues or geopolitical factors.
   - Alternative B uses a domestic vaccine, which might be preferred for its support of local industry and potentially more reliable supply.

5. **Opting Out (Alternative C)**: Choosing not to receive the vaccine at all means no protection against COVID-19, which could lead to higher health risks, especially in environments with high transmission rates.

Given these considerations, here is a possible distribution of probabilities reflecting a preference for lower side effects and a slight bias towards domestic vaccines:

- **P(A): 0.4** (Prefer the imported vaccine due to lower side effects)
- **P(B): 0.5** (Prefer the domestic vaccine with slightly higher side effects but supporting local industry)
- **P(C): 0.1** (Some individuals might still opt out, possibly due to personal beliefs or health concerns)

These probabilities sum to 1 and reflect a balanced consideration of the factors involved.",success
30,5,9,"When making a decision regarding vaccination, it's important to consider several factors including effectiveness, side effects, and personal values. Here’s an evaluation based on the provided alternatives:

- **Alternative A**: This option has a moderate waiting time, high vaccine effectiveness, very low risk of side effects, and a small cash incentive. The imported origin might be seen as a positive due to potentially higher standards or trust in foreign pharmaceuticals.

- **Alternative B**: Similar to Alternative A but with a slightly higher risk of side effects. It offers the same waiting time, effectiveness, and cash incentive. The domestic origin could be a factor for those who prefer supporting local products or have more trust in domestically produced vaccines.

- **Alternative C**: Opting out means avoiding any risks associated with vaccination but also foregoing the protection against COVID-19. This might be suitable for individuals who are at low risk of severe disease or have other reasons for not wanting to get vaccinated.

Given these considerations, I would distribute the probabilities as follows:

- **P(A)**: 0.45 (This option is attractive due to its high effectiveness and very low side effect rate.)
- **P(B)**: 0.35 (This is a reasonable choice but less favored due to the higher risk of side effects compared to A.)
- **P(C)**: 0.20 (Opting out might be chosen by those who are hesitant about vaccines or have specific reasons for not wanting to get vaccinated.)

These probabilities reflect a preference for vaccination with high effectiveness and low side effect rates, while still considering the option to opt out as valid for some individuals.",success
30,5,10,"When evaluating the given alternatives, we need to consider several factors including waiting time, vaccine effectiveness, risk of side effects, cash incentive, and personal values regarding vaccine origin. Given the information provided:

- **Alternative A** offers an imported vaccine with a lower risk of side effects (0.1%) but has the same waiting time, effectiveness, and cash incentive as Alternative B.
- **Alternative B** is a domestic vaccine with a higher risk of side effects (1%) but otherwise identical to Alternative A in terms of waiting time, effectiveness, and cash incentive.
- **Alternative C** involves opting out of vaccination, which means no protection from the virus but also no risk of side effects or need to wait.

### Decision Factors:
1. **Vaccine Effectiveness**: Both vaccines (A and B) offer 70% effectiveness, which is a significant benefit in terms of reducing the likelihood of severe illness.
2. **Risk of Side Effects**: Alternative A has a lower risk of side effects (0.1%) compared to Alternative B (1%). This could be a critical factor for individuals who are more concerned about potential side effects.
3. **Vaccine Origin**: Some individuals might prefer domestic vaccines due to trust in local regulations and manufacturing processes, while others might have a preference for imported vaccines.
4. **Cash Incentive**: Both A and B offer the same cash incentive of 50 RMB, which is a minor factor but could influence some decisions.

### Personal Values:
- If minimizing side effects is a top priority, Alternative A would be more favorable.
- If supporting domestic products is important, Alternative B might be preferred despite the higher risk of side effects.
- Opting out (Alternative C) might be chosen by those who are skeptical about vaccines or have other health concerns that make vaccination risky.

### Probabilities:
Given these considerations, here's a distribution of probabilities reflecting a balanced approach:

- **P(A)**: 0.5
- **P(B)**: 0.3
- **P(C)**: 0.2

This distribution reflects a higher preference for the imported vaccine with lower side effects (A), followed by the domestic vaccine (B) and then opting out (C). The probabilities are assigned based on the assumption that minimizing side effects is a significant factor, but there is also some value placed on supporting domestic products and personal choice to avoid vaccination.",success
31,6,1,"Choosing a vaccination option involves balancing several factors, including waiting time, effectiveness, side effect risk, financial incentives, and personal health beliefs. Here’s how I would weigh the options:

- **Alternative A** offers a highly effective vaccine with a relatively short wait but has a higher risk of side effects compared to B. The cash incentive is lower than that of B.
- **Alternative B** provides a longer waiting period but with a significantly reduced risk of side effects and a higher financial reward. However, the effectiveness of this vaccine is much lower.
- **Alternative C**, opting out, avoids all immediate risks but leaves you unprotected against COVID-19.

Given these considerations, my probabilities would reflect a preference for earlier protection with manageable side effect risks:

P(A): 0.5
P(B): 0.3
P(C): 0.2

These probabilities sum to 1 and represent a preference for getting vaccinated sooner rather than later, while also considering the trade-offs between effectiveness, side effects, and financial incentives.",success
31,6,2,"When making a decision like this, it's important to weigh the various factors such as waiting time, vaccine effectiveness, risk of side effects, cash incentives, and personal values regarding vaccine origin. Here’s how I would evaluate each option:

### Alternative A:
- **Waiting Time**: 1 month (short)
- **Vaccine Effectiveness**: 95% (high)
- **Risk of Side Effects**: 10% (moderate)
- **Cash Incentive**: 200 RMB (low)
- **Vaccine Origin**: Imported (may be preferred for higher trust in some contexts)

### Alternative B:
- **Waiting Time**: 6 months (long)
- **Vaccine Effectiveness**: 70% (moderate)
- **Risk of Side Effects**: 1% (very low)
- **Cash Incentive**: 800 RMB (high)
- **Vaccine Origin**: Domestic (may be preferred for national pride or trust in domestic products)

### Alternative C:
- **Do Not Receive the Vaccine**
- No immediate risk but long-term exposure to the virus
- No cash incentive

Given these factors, here’s how I would distribute the probabilities:

1. **Alternative A**:
   - Short waiting time and high effectiveness are significant positives.
   - Moderate side effect risk is a concern but balanced by the other benefits.
   - Low cash incentive but might be preferred for faster protection.
   - Imported vaccine could be trusted more in some contexts.

2. **Alternative B**:
   - Long waiting time is a major negative.
   - Lower effectiveness compared to A, but still provides some protection.
   - Very low side effect risk is a significant positive.
   - High cash incentive is attractive.
   - Domestic origin might be preferred for trust and national pride.

3. **Alternative C**:
   - No immediate risks or benefits.
   - Long-term exposure to the virus without protection is a major negative.
   - No financial incentive.

### Probability Distribution:
- **P(A)**: 0.4 (High effectiveness, short waiting time, moderate side effects, low cash incentive)
- **P(B)**: 0.35 (Moderate effectiveness, very low side effects, high cash incentive, long waiting time)
- **P(C)**: 0.25 (No immediate risks or benefits, but significant long-term exposure to the virus)

These probabilities reflect a balanced consideration of all factors, with a slight preference for Alternative A due to its high effectiveness and shorter waiting time, despite the higher side effect risk and lower cash incentive.",success
31,6,3,"When evaluating the alternatives, we need to consider several factors such as waiting time, vaccine effectiveness, risk of side effects, cash incentive, and personal values. Here’s a breakdown of how these factors might influence the decision:

1. **Waiting Time**: A shorter waiting time is generally more favorable, especially if there's an immediate threat or urgency.
2. **Vaccine Effectiveness**: Higher effectiveness means better protection against the virus, which is crucial for health and safety.
3. **Risk of Side Effects**: Lower risk of side effects is preferable to minimize potential health complications.
4. **Cash Incentive**: A higher cash incentive can be a significant motivator, especially if it helps with financial needs or other personal expenses.
5. **Personal Values**: Personal values such as trust in domestic vs. imported vaccines, and the importance of immediate protection versus long-term incentives, also play a role.

Given these factors, here’s a probabilistic distribution based on a balanced consideration:

- **Alternative A**:
  - Short waiting time (1 month) is highly favorable.
  - High effectiveness (95%) provides strong protection.
  - Moderate risk of side effects (10%).
  - Decent cash incentive (200 RMB).
  - Imported vaccine, which might be trusted or less trusted depending on personal views.

- **Alternative B**:
  - Long waiting time (6 months) is a significant drawback.
  - Lower effectiveness (70%) provides moderate protection.
  - Low risk of side effects (1%).
  - High cash incentive (800 RMB).
  - Domestic vaccine, which might be preferred for trust and local support.

- **Alternative C**:
  - No waiting time but no protection against the virus.
  - No risk of side effects.
  - No financial incentive.
  - Personal choice to avoid vaccination entirely.

Considering these factors, a balanced distribution could be:

- **P(A)**: 0.5
- **P(B)**: 0.3
- **P(C)**: 0.2

This distribution reflects:
- A higher probability for Alternative A due to its high effectiveness and shorter waiting time.
- A moderate probability for Alternative B, considering the long wait but significant financial incentive.
- A lower probability for Alternative C, as it offers no protection against the virus.

These probabilities sum to 1, reflecting a balanced consideration of all factors.",success
31,6,4,"When making a decision like this, it's important to weigh all the factors carefully. Here’s how I might break down the choices based on the provided information:

### Alternative A:
- **Waiting time**: 1 month (shortest)
- **Vaccine effectiveness**: 95% (highest)
- **Risk of side effects**: 10% (moderate)
- **Cash incentive**: 200 RMB
- **Vaccine origin**: Imported

### Alternative B:
- **Waiting time**: 6 months (longest)
- **Vaccine effectiveness**: 70% (lowest)
- **Risk of side effects**: 1% (lowest)
- **Cash incentive**: 800 RMB (highest)
- **Vaccine origin**: Domestic

### Alternative C:
- **Do not receive the vaccine** (opt out)

### Analysis:
1. **Waiting Time**: A shorter waiting time is generally more favorable, as it means getting protection sooner.
2. **Vaccine Effectiveness**: Higher effectiveness reduces the risk of contracting COVID-19 and potentially severe illness.
3. **Risk of Side Effects**: Lower risk of side effects is preferable, but this needs to be balanced against vaccine effectiveness.
4. **Cash Incentive**: While a higher cash incentive might be attractive, it should not overshadow other important factors like waiting time and effectiveness.
5. **Vaccine Origin**: The origin (imported vs. domestic) might influence trust or regulatory approval, but without specific concerns about safety or efficacy, this factor is less critical.

### Decision:
- **Alternative A** offers the best balance of high effectiveness and short waiting time, despite a moderate risk of side effects.
- **Alternative B** has the lowest risk of side effects and the highest cash incentive, but the long waiting time and lower effectiveness are significant drawbacks.
- **Alternative C** (opting out) carries the highest risk as it provides no protection against COVID-19.

### Probabilities:
Based on the analysis, I would assign probabilities reflecting my preference for each alternative:

- **P(A)**: 0.6
- **P(B)**: 0.3
- **P(C)**: 0.1

These probabilities sum to 1 and reflect a higher likelihood of choosing Alternative A due to its favorable balance of factors, with some consideration given to the other options as well.",success
31,6,5,"When evaluating the three alternatives for COVID-19 vaccination, we need to consider several factors such as waiting time, vaccine effectiveness, risk of side effects, cash incentive, and personal health values. Here's a breakdown of how each factor might influence the decision:

### Alternative A:
- **Waiting Time:** 1 month (shorter wait)
- **Vaccine Effectiveness:** 95% (very high)
- **Risk of Side Effects:** 10% (moderate)
- **Cash Incentive:** 200 RMB (lower)
- **Vaccine Origin:** Imported

### Alternative B:
- **Waiting Time:** 6 months (longer wait)
- **Vaccine Effectiveness:** 70% (moderate)
- **Risk of Side Effects:** 1% (very low)
- **Cash Incentive:** 800 RMB (higher)
- **Vaccine Origin:** Domestic

### Alternative C:
- **Do not receive the vaccine** (opt out)

### Decision Analysis:
1. **Waiting Time:**
   - A shorter waiting time is generally more favorable, as it reduces the risk of contracting COVID-19 in the interim.
   - Alternative A has a much shorter waiting time compared to B.

2. **Vaccine Effectiveness:**
   - Higher effectiveness means better protection against the virus.
   - Alternative A has significantly higher effectiveness (95%) compared to B (70%).

3. **Risk of Side Effects:**
   - Lower risk of side effects is generally preferred, but it needs to be balanced with other factors.
   - Alternative B has a much lower risk of side effects (1%) compared to A (10%).

4. **Cash Incentive:**
   - Cash incentives can provide additional motivation.
   - Alternative B offers a higher cash incentive (800 RMB) compared to A (200 RMB).

5. **Personal Health Values:**
   - Personal values and health priorities will play a significant role in the decision.
   - For some, the immediate protection and high effectiveness of Alternative A might outweigh the risk of side effects.
   - For others, the lower risk of side effects and higher cash incentive of Alternative B might be more important.

### Probabilities:
Given the above considerations, we can assign probabilities to each alternative based on a weighted analysis of the factors:

- **Alternative A:**
  - High effectiveness (95%)
  - Short waiting time (1 month)
  - Moderate risk of side effects (10%)
  - Lower cash incentive (200 RMB)
  - Imported vaccine

- **Alternative B:**
  - Moderate effectiveness (70%)
  - Long waiting time (6 months)
  - Very low risk of side effects (1%)
  - Higher cash incentive (800 RMB)
  - Domestic vaccine

- **Alternative C:**
  - No protection against COVID-19
  - No risks or benefits associated with vaccination

### Final Probabilities:
- **P(A):** 0.45
- **P(B):** 0.35
- **P(C):** 0.20

These probabilities reflect a balanced consideration of the factors, where Alternative A is slightly more favored due to its high effectiveness and short waiting time, but Alternative B still has significant weight due to its lower risk of side effects and higher cash incentive. Opting out (Alternative C) is given the least probability as it provides no protection against COVID-19.",success
31,6,6,"When making a decision regarding vaccination, it's important to consider various factors such as waiting time, vaccine effectiveness, risk of side effects, cash incentives, and personal values. Here, I'll provide my reasoning based on the given alternatives:

1. **Alternative A**:
   - **Waiting time**: 1 month (shorter wait)
   - **Vaccine effectiveness**: 95% (very high)
   - **Risk of side effects**: 10% (moderate)
   - **Cash incentive**: 200 RMB (small but immediate reward)
   - **Vaccine origin**: Imported

2. **Alternative B**:
   - **Waiting time**: 6 months (longer wait)
   - **Vaccine effectiveness**: 70% (lower than A)
   - **Risk of side effects**: 1% (very low)
   - **Cash incentive**: 800 RMB (higher reward but delayed)
   - **Vaccine origin**: Domestic

3. **Alternative C**:
   - **Do not receive the vaccine** (opt out)

### Reasoning:

- **Effectiveness and Risk of Side Effects**: Alternative A offers a significantly higher effectiveness (95%) compared to B (70%), which is crucial for protection against COVID-19. However, it also has a higher risk of side effects (10% vs. 1%).

- **Waiting Time**: The shorter waiting time for Alternative A (1 month) makes it more attractive for those who want to get vaccinated sooner rather than later.

- **Cash Incentive**: While the cash incentive for B is much higher (800 RMB), it comes with a longer wait and lower effectiveness. The immediate reward of 200 RMB in A might be less, but it's available sooner.

- **Personal Values and Preferences**: Some individuals might prioritize avoiding side effects and prefer a domestic vaccine, which could make B more appealing despite the longer wait and lower effectiveness.

### Probabilities:

Given these considerations, I would assign probabilities as follows:

- **P(A)**: 0.6 (High probability due to high effectiveness, shorter waiting time, and acceptable risk of side effects)
- **P(B)**: 0.3 (Moderate probability due to higher cash incentive and lower risk of side effects, but longer wait and lower effectiveness)
- **P(C)**: 0.1 (Low probability as opting out leaves one unprotected against the virus)

These probabilities sum to 1 and reflect a balanced consideration of the given alternatives.",success
31,6,7,"To provide a probabilistic choice among the alternatives, we need to consider various factors such as waiting time, effectiveness, side effects, cash incentives, and personal risk tolerance. Here's a breakdown of how these factors might influence the decision:

1. **Waiting Time**: A shorter waiting time is generally more favorable.
2. **Vaccine Effectiveness**: Higher effectiveness is preferable for better protection against COVID-19.
3. **Risk of Side Effects**: Lower risk of side effects is more desirable.
4. **Cash Incentive**: Higher cash incentives can be a significant factor, especially if financial considerations are important.
5. **Personal Risk Tolerance and Preferences**: This includes personal health status, beliefs about vaccine safety, and the urgency to get vaccinated.

Given these factors, here's a possible distribution of probabilities:

- **Alternative A**:
  - Short waiting time (1 month)
  - High effectiveness (95%)
  - Moderate risk of side effects (10%)
  - Reasonable cash incentive (200 RMB)
  - Imported vaccine

  This alternative is attractive due to the high effectiveness and short waiting time, despite a higher risk of side effects. The moderate cash incentive is also a positive factor.

- **Alternative B**:
  - Long waiting time (6 months)
  - Lower effectiveness (70%)
  - Low risk of side effects (1%)
  - High cash incentive (800 RMB)
  - Domestic vaccine

  This alternative is less appealing due to the long waiting time and lower effectiveness, but the low risk of side effects and high cash incentive could be significant motivators for some individuals.

- **Alternative C**:
  - No vaccination
  - No waiting time
  - No effectiveness (0%)
  - No risk of side effects (0%)
  - No cash incentive

  This alternative is the least favorable as it provides no protection against COVID-19, but it might be chosen by individuals who are extremely risk-averse or have strong personal beliefs against vaccination.

Considering these factors, a possible distribution of probabilities could be:

- **P(A): 0.5**
- **P(B): 0.3**
- **P(C): 0.2**

This distribution reflects a preference for the high effectiveness and short waiting time of Alternative A, with some consideration given to the higher cash incentive and lower side effects of Alternative B, and a smaller probability assigned to opting out entirely.",success
31,6,8,"To provide a probabilistic choice among the given alternatives, we need to consider various factors such as waiting time, vaccine effectiveness, risk of side effects, cash incentive, and personal health priorities. Here's a breakdown of how these factors might influence the decision:

1. **Waiting Time**: A shorter waiting time is generally more favorable.
2. **Vaccine Effectiveness**: Higher effectiveness reduces the risk of contracting COVID-19.
3. **Risk of Side Effects**: Lower risk of side effects is preferred, but it must be balanced with vaccine effectiveness.
4. **Cash Incentive**: While financial incentives can be attractive, they should not outweigh health considerations.
5. **Vaccine Origin**: The origin might influence trust in the vaccine's quality and safety.

Given these factors, here's a probabilistic distribution based on a balanced consideration of all aspects:

- **Alternative A**:
  - Short waiting time (1 month) is very favorable.
  - High effectiveness (95%) significantly reduces the risk of infection.
  - Moderate risk of side effects (10%) is acceptable given the high effectiveness.
  - Cash incentive (200 RMB) is reasonable but not the highest.
  - Imported vaccine might be trusted for quality.

- **Alternative B**:
  - Long waiting time (6 months) is a significant drawback.
  - Lower effectiveness (70%) means higher risk of infection.
  - Very low risk of side effects (1%) is a strong positive.
  - High cash incentive (800 RMB) is attractive but should not overshadow health concerns.
  - Domestic vaccine might be trusted for local relevance.

- **Alternative C**:
  - No waiting time, no effectiveness, no side effects, and no financial incentive.
  - Opting out means taking the risk of natural infection without any protection.

Based on these considerations, a reasonable distribution of probabilities could be:

- **P(A): 0.6**
- **P(B): 0.3**
- **P(C): 0.1**

These probabilities reflect a preference for getting vaccinated sooner with higher effectiveness (Alternative A), while still considering the benefits and risks of the other options.",success
31,6,9,"When making a decision about which COVID-19 vaccination option to choose, it's important to weigh the various factors such as waiting time, vaccine effectiveness, risk of side effects, cash incentives, and personal values. Here’s how I would evaluate each alternative:

### Alternative A:
- **Waiting Time:** 1 month (Shorter wait)
- **Vaccine Effectiveness:** 95% (Highly effective)
- **Risk of Side Effects:** 10% (Moderate risk)
- **Cash Incentive:** 200 RMB (Smaller incentive)
- **Vaccine Origin:** Imported (May be more trusted in some contexts)

### Alternative B:
- **Waiting Time:** 6 months (Longer wait)
- **Vaccine Effectiveness:** 70% (Moderately effective)
- **Risk of Side Effects:** 1% (Low risk)
- **Cash Incentive:** 800 RMB (Larger incentive)
- **Vaccine Origin:** Domestic (May be more accessible or preferred by some)

### Alternative C:
- **Do not receive the vaccine:**
- No waiting time
- No vaccine effectiveness (0%)
- No risk of side effects (0%)
- No cash incentive

Given these factors, here’s how I would assign probabilities:

1. **Alternative A:** This option offers a high level of protection with a relatively short wait and moderate risk of side effects. The smaller cash incentive is less appealing but the overall benefits are significant.
   - **P(A): 0.4**

2. **Alternative B:** While this option has a longer waiting period and lower effectiveness, it has a very low risk of side effects and a substantial cash incentive. This might be more attractive to those who prioritize safety and financial compensation.
   - **P(B): 0.35**

3. **Alternative C:** Opting out means no protection against the virus, which could lead to higher health risks. This is generally not recommended unless there are specific medical or personal reasons for avoiding vaccination.
   - **P(C): 0.25**

### Summary:
- **P(A): 0.4**
- **P(B): 0.35**
- **P(C): 0.25**

These probabilities reflect a balanced consideration of the various factors, with a higher preference for the more effective and accessible options while acknowledging the value of lower risk and financial incentives.",success
31,6,10,"To provide a probabilistic choice among the alternatives, we need to consider several factors such as the waiting time, vaccine effectiveness, risk of side effects, cash incentive, and personal values. Here’s a breakdown:

1. **Waiting Time**: A shorter waiting time is generally more favorable.
2. **Vaccine Effectiveness**: Higher effectiveness means better protection against COVID-19.
3. **Risk of Side Effects**: Lower risk is preferred to avoid potential health issues.
4. **Cash Incentive**: Financial compensation can be a significant factor for some individuals.
5. **Personal Values**: This includes trust in imported versus domestic vaccines, and personal health priorities.

Given these factors, here’s a possible distribution of probabilities:

- **Alternative A**:
  - Short waiting time (1 month) is highly favorable.
  - High effectiveness (95%) provides strong protection.
  - Moderate risk of side effects (10%) is acceptable for many.
  - Cash incentive (200 RMB) is a moderate bonus.
  - Imported vaccine may be trusted by some but not all.

- **Alternative B**:
  - Long waiting time (6 months) is less favorable.
  - Lower effectiveness (70%) provides less protection.
  - Very low risk of side effects (1%) is highly favorable.
  - High cash incentive (800 RMB) is a significant bonus.
  - Domestic vaccine may be preferred for trust reasons.

- **Alternative C**:
  - No waiting time, but no protection against COVID-19.
  - No risk of side effects.
  - No financial incentive.
  - Personal choice to avoid vaccination due to various reasons (e.g., health concerns, personal beliefs).

Based on these considerations, a possible distribution of probabilities could be:

P(A): 0.5
P(B): 0.3
P(C): 0.2

These probabilities reflect a preference for the shorter waiting time and higher effectiveness of Alternative A, while still considering the long-term benefits and financial incentives of Alternative B, and acknowledging that some individuals might opt out due to personal reasons.",success
32,6,1,"In making a decision about which COVID-19 vaccination alternative to choose, we need to consider the various factors provided. Here’s a breakdown of how each factor might influence the decision:

1. **Waiting Time**: A shorter waiting time is generally more desirable as it means getting vaccinated sooner and thus gaining protection earlier.
2. **Vaccine Effectiveness**: Higher effectiveness means better protection against the virus, which is crucial for reducing the risk of infection and severe disease.
3. **Risk of Side Effects**: Both options have the same low risk of side effects (0.1%), so this factor does not differentiate between them.
4. **Cash Incentive**: A higher cash incentive can be a significant motivator, especially if it helps offset other costs or provides additional benefits.
5. **Vaccine Origin**: The origin of the vaccine might influence trust in its quality and safety, depending on personal beliefs and perceptions.

Given these considerations:

- **Alternative A** offers a high effectiveness (70%) and a substantial cash incentive (800 RMB), but requires waiting for 3 months.
- **Alternative B** allows immediate vaccination with moderate effectiveness (50%) and a smaller cash incentive (200 RMB).
- **Alternative C** involves opting out of vaccination, which means no protection against the virus.

Based on these factors, I would assign probabilities as follows:

- **P(A)**: 0.6 (High effectiveness and significant financial incentive make this option very attractive despite the wait.)
- **P(B)**: 0.3 (Immediate vaccination is valuable, but lower effectiveness reduces its overall appeal.)
- **P(C)**: 0.1 (Opting out of vaccination is least favorable due to lack of protection against the virus.)

These probabilities reflect a weighted decision-making process where the benefits of high vaccine effectiveness and financial incentives are prioritized, while still considering the value of immediate vaccination.",success
32,6,2,"To approach this decision, I will consider the key factors of each alternative and assign a subjective probability based on their relative importance. Here’s how I break it down:

### Factors Considered:
1. **Waiting Time**: The longer you wait, the more time you are potentially exposed to the virus.
2. **Vaccine Effectiveness**: Higher effectiveness means better protection against the virus.
3. **Risk of Side Effects**: While both options have the same risk, this is still a consideration for some people.
4. **Cash Incentive**: Financial incentives can be significant for some individuals.
5. **Vaccine Origin**: Trust in domestic vs. imported vaccines may vary based on personal or cultural preferences.

### Subjective Evaluation:
- **Alternative A** offers the highest vaccine effectiveness (70%) and a substantial cash incentive (800 RMB), but it requires a 3-month wait, which increases exposure risk.
- **Alternative B** provides immediate vaccination with moderate effectiveness (50%), a lower cash incentive (200 RMB), and no waiting time.
- **Alternative C** involves opting out of vaccination, which means no protection against the virus.

### Assigned Probabilities:
Given these factors, I would assign probabilities as follows:

- **P(A)**: 0.4
  - High effectiveness and significant financial incentive are strong positives, but the long wait is a significant negative.
- **P(B)**: 0.35
  - Immediate vaccination and moderate effectiveness are appealing, but the lower cash incentive reduces its attractiveness.
- **P(C)**: 0.25
  - Opting out means no protection, which is a significant risk, especially given the ongoing pandemic.

### Final Probabilities:
P(A): 0.4  
P(B): 0.35  
P(C): 0.25  

These probabilities sum to 1 and reflect my subjective evaluation of the alternatives based on the provided information.",success
32,6,3,"When making a decision like this, it's important to consider multiple factors such as waiting time, vaccine effectiveness, risk of side effects, cash incentives, and personal health values. Here’s a structured way to evaluate the options:

### Alternative A:
- **Waiting Time:** 3 months (This could be a significant delay in protection against COVID-19.)
- **Vaccine Effectiveness:** 70% (Moderate effectiveness, which is better than Alternative B.)
- **Risk of Side Effects:** 0.1% (Low risk, same as Alternative B.)
- **Cash Incentive:** 800 RMB (Significant financial incentive.)
- **Vaccine Origin:** Domestic (May be more familiar and trusted for some people.)

### Alternative B:
- **Waiting Time:** Walk-in (No wait, immediate protection.)
- **Vaccine Effectiveness:** 50% (Lower effectiveness compared to Alternative A.)
- **Risk of Side Effects:** 0.1% (Low risk, same as Alternative A.)
- **Cash Incentive:** 200 RMB (Lower financial incentive.)
- **Vaccine Origin:** Imported (May be perceived differently in terms of trust and quality.)

### Alternative C:
- **Waiting Time:** N/A
- **Vaccine Effectiveness:** 0% (No protection against COVID-19.)
- **Risk of Side Effects:** 0% (No risk, but no benefit either.)
- **Cash Incentive:** 0 RMB (No financial incentive.)
- **Vaccine Origin:** N/A

### Decision Analysis:
- **Protection and Effectiveness:** Alternative A offers better protection with 70% effectiveness compared to 50% for Alternative B.
- **Waiting Time:** Immediate protection is a significant advantage of Alternative B, but it comes at the cost of lower effectiveness.
- **Financial Incentive:** Alternative A offers a higher financial incentive, which could be important for some individuals.
- **Risk of Side Effects:** Both vaccines have the same low risk of side effects.
- **Personal Values and Trust:** The origin of the vaccine might influence personal trust, with domestic vaccines potentially being more trusted.

### Probabilities:
Given these factors, I would assign probabilities as follows:

- **P(A): 0.6** (High probability due to better effectiveness and financial incentive, despite waiting time.)
- **P(B): 0.3** (Moderate probability for immediate protection and lower risk, but with lower effectiveness.)
- **P(C): 0.1** (Low probability as opting out provides no protection against COVID-19.)

These probabilities sum to 1, reflecting a balanced consideration of all factors.",success
32,6,4,"To evaluate the choices, we need to consider several factors including waiting time, effectiveness, risk of side effects, cash incentive, and personal values regarding vaccine origin. Here’s a breakdown:

### Alternative A:
- **Waiting Time**: 3 months (this is a significant delay)
- **Effectiveness**: 70% (highly effective compared to B)
- **Risk of Side Effects**: 0.1% (very low risk, same as B)
- **Cash Incentive**: 800 RMB (substantial incentive)
- **Vaccine Origin**: Domestic (may be preferred for those who trust domestic sources)

### Alternative B:
- **Waiting Time**: Walk-in (immediate availability)
- **Effectiveness**: 50% (less effective than A, but still provides some protection)
- **Risk of Side Effects**: 0.1% (very low risk, same as A)
- **Cash Incentive**: 200 RMB (lower incentive compared to A)
- **Vaccine Origin**: Imported (may be preferred for those who trust imported sources)

### Alternative C:
- **Waiting Time**: N/A
- **Effectiveness**: 0% (no protection against the virus)
- **Risk of Side Effects**: 0% (no risk, but no benefit either)
- **Cash Incentive**: 0 RMB (no financial incentive)
- **Vaccine Origin**: N/A

### Decision Factors:
1. **Protection Against COVID-19**: Higher effectiveness is generally preferred to reduce the risk of infection.
2. **Waiting Time**: Immediate availability can be crucial for those who want protection as soon as possible.
3. **Risk of Side Effects**: Both A and B have the same low risk, so this factor is neutral.
4. **Cash Incentive**: A higher cash incentive might be a deciding factor for some individuals.
5. **Vaccine Origin**: Trust in domestic vs. imported vaccines can vary based on personal beliefs.

### Personal Values:
- If immediate protection is a priority, B might be the best choice despite lower effectiveness.
- If waiting is not an issue and you value higher effectiveness and a larger cash incentive, A would be preferable.
- Opting out (C) should only be considered if there are strong reasons against vaccination, such as medical contraindications or personal beliefs.

### Probabilities:
Given the factors above, I will assign probabilities based on the balance of these considerations:

- **P(A)**: 0.45 (high effectiveness and substantial cash incentive, but with a long waiting time)
- **P(B)**: 0.35 (immediate availability and moderate effectiveness, but lower cash incentive)
- **P(C)**: 0.20 (opting out is the least favorable due to no protection)

These probabilities sum to 1 and reflect a balanced consideration of all factors.",success
32,6,5,"When making a decision like this, it involves balancing multiple factors such as waiting time, effectiveness, risk of side effects, cash incentives, and personal beliefs about vaccination. Here's how I would weigh these factors to determine the probabilities:

1. **Effectiveness**: A more effective vaccine is generally preferred because it provides better protection against the virus.
2. **Waiting Time**: Immediate availability can be a significant factor for those who want to get vaccinated as soon as possible.
3. **Risk of Side Effects**: Both options have the same risk, so this doesn't influence the decision.
4. **Cash Incentive**: A higher cash incentive might be appealing, especially if it provides immediate financial benefit.
5. **Vaccine Origin**: The origin of the vaccine (domestic vs. imported) might influence trust or preference based on personal beliefs.

Given these considerations:

- **Alternative A** offers a more effective vaccine and a higher cash incentive but requires a longer wait time. This is a strong option for those who prioritize long-term protection and financial benefits.
- **Alternative B** provides immediate access to the vaccine, which is beneficial for those who want to be protected as soon as possible, though it has lower effectiveness and a lower cash incentive.
- **Alternative C** involves opting out of vaccination, which might be chosen by individuals who are skeptical about vaccines or have other health considerations.

Based on these factors, I would assign the following probabilities:

P(A): 0.5
P(B): 0.3
P(C): 0.2

These probabilities reflect a higher likelihood of choosing Alternative A due to its superior effectiveness and financial incentive, while still considering the immediate availability of Alternative B and the personal choice of opting out in Alternative C.",success
32,6,6,"To determine which alternative I would choose, I'll consider the factors provided and weigh them based on their importance. Here’s a breakdown of how each factor might influence my decision:

1. **Waiting Time**: A 3-month wait could be significant for those wanting immediate protection.
2. **Vaccine Effectiveness**: Higher effectiveness is generally more desirable as it provides better protection against the virus.
3. **Risk of Side Effects**: Both options have the same risk, which makes this factor neutral in the decision.
4. **Cash Incentive**: A higher cash incentive can be a motivating factor for some individuals.
5. **Vaccine Origin**: The origin might influence trust or preference based on perceptions of quality and safety.

Given these considerations, I'll assign probabilities to each alternative:

- **Alternative A**:
  - Waiting time is long (3 months), which is a significant downside.
  - High vaccine effectiveness (70%) is a strong positive.
  - Cash incentive (800 RMB) is also a strong positive.
  - Domestic origin might be preferred for some, but it's subjective.

- **Alternative B**:
  - No waiting time is a very strong positive.
  - Lower vaccine effectiveness (50%) is a significant downside.
  - Lower cash incentive (200 RMB) is less motivating.
  - Imported origin might be seen as more reliable by some, but it's subjective.

- **Alternative C**:
  - Opting out means no protection against the virus, which is a significant risk.
  - No waiting time or side effects, but also no benefit from vaccination.

Based on these factors, I would assign the following probabilities:

- **P(A)**: 0.4 (High effectiveness and cash incentive, but long wait)
- **P(B)**: 0.3 (Immediate availability and imported origin, but lower effectiveness and less incentive)
- **P(C)**: 0.3 (No risk of side effects or waiting, but no protection)

These probabilities sum to 1, reflecting a balanced consideration of all factors.",success
32,6,7,"In making a decision about which COVID-19 vaccination alternative to choose, we need to consider the factors of waiting time, vaccine effectiveness, risk of side effects, cash incentive, and vaccine origin. Here's an analysis based on these criteria:

### Alternative A:
- **Waiting Time**: 3 months (longer wait)
- **Effectiveness**: 70% (higher protection)
- **Risk of Side Effects**: 0.1% (low risk)
- **Cash Incentive**: 800 RMB (high incentive)
- **Vaccine Origin**: Domestic (may be preferred for some due to familiarity and trust)

### Alternative B:
- **Waiting Time**: Walk-in (immediate availability)
- **Effectiveness**: 50% (lower protection)
- **Risk of Side Effects**: 0.1% (low risk)
- **Cash Incentive**: 200 RMB (lower incentive)
- **Vaccine Origin**: Imported (may be preferred for some due to perceived quality)

### Alternative C:
- **Do Not Receive the Vaccine**
- **Protection**: None
- **Risk of Side Effects**: None
- **Incentive**: None

Given these factors, here's a probabilistic distribution based on the relative importance of each factor:

1. **Vaccine Effectiveness** is crucial for protection against COVID-19.
2. **Waiting Time** can be a significant factor for those who need immediate protection.
3. **Risk of Side Effects** is low and similar across options.
4. **Cash Incentive** might influence some individuals, but it's less critical than health factors.
5. **Vaccine Origin** may have personal or cultural significance.

### Probabilities:
- **P(A)**: 0.6
  - High effectiveness (70%) is a strong positive.
  - Long waiting time (3 months) is a significant negative.
  - High cash incentive (800 RMB) adds value.
  - Domestic origin may be preferred for some.

- **P(B)**: 0.3
  - Immediate availability is a major plus.
  - Lower effectiveness (50%) is a significant negative.
  - Lower cash incentive (200 RMB) is less attractive.
  - Imported origin might be seen as higher quality by some.

- **P(C)**: 0.1
  - No protection against the virus.
  - No risk of side effects or financial commitment.
  - Opting out might be chosen by those who are very risk-averse or have strong personal reasons.

These probabilities reflect a balanced consideration of all factors, with a higher weight given to vaccine effectiveness and immediate availability. The sum of these probabilities is 1, as required.",success
32,6,8,"When making a decision regarding COVID-19 vaccination, it's important to consider various factors such as the effectiveness of the vaccine, the waiting time, the risk of side effects, and any incentives. Here’s how I would evaluate each alternative:

### Alternative A:
- **Waiting time:** 3 months (This is a significant wait, which might be a deterrent for some.)
- **Vaccine effectiveness:** 70% (Moderately effective, which is better than the 50% of Alternative B.)
- **Risk of side effects:** 0.1% (Very low risk, which is good.)
- **Cash incentive:** 800 RMB (A substantial incentive that could be a strong motivator.)
- **Vaccine origin:** Domestic (This might be preferred for those who trust domestic products.)

### Alternative B:
- **Waiting time:** Walk-in (No wait, which is very convenient.)
- **Vaccine effectiveness:** 50% (Less effective compared to Alternative A, but still provides some protection.)
- **Risk of side effects:** 0.1% (Very low risk, similar to Alternative A.)
- **Cash incentive:** 200 RMB (Lower incentive compared to Alternative A.)
- **Vaccine origin:** Imported (This might be preferred for those who trust imported products.)

### Alternative C:
- **Do not receive the vaccine:** This option involves no waiting time, no side effects, and no cash incentive. However, it also means no protection against COVID-19.

### Decision Analysis:
- **Effectiveness vs. Waiting Time:** Alternative A offers better protection but requires a longer wait. Alternative B is less effective but available immediately.
- **Risk of Side Effects:** Both vaccines have the same low risk of side effects.
- **Cash Incentive:** The cash incentive for Alternative A is significantly higher, which could be a deciding factor.
- **Personal Preference:** Trust in domestic vs. imported vaccines might influence the decision.

### Probabilities:
Given these considerations, I would assign probabilities as follows:

- **P(A): 0.45** (High effectiveness and substantial incentive, but long wait time.)
- **P(B): 0.35** (Immediate availability and low risk of side effects, but lower effectiveness and incentive.)
- **P(C): 0.20** (No vaccine means no protection, which is a significant downside.)

These probabilities sum to 1, reflecting the relative attractiveness of each option based on the given factors.",success
32,6,9,"When evaluating the alternatives for COVID-19 vaccination, we need to consider multiple factors including waiting time, vaccine effectiveness, risk of side effects, cash incentive, and personal beliefs about vaccine origin. Here's a breakdown of how each factor might influence the decision:

### Alternative A:
- **Waiting Time:** 3 months
- **Vaccine Effectiveness:** 70%
- **Risk of Side Effects:** 0.1%
- **Cash Incentive:** 800 RMB
- **Vaccine Origin:** Domestic

**Pros:**
- Higher vaccine effectiveness (70%).
- Substantial cash incentive (800 RMB).

**Cons:**
- Long waiting time (3 months).
- Potential concern about domestic vaccine quality, depending on personal beliefs.

### Alternative B:
- **Waiting Time:** Walk-in (no wait)
- **Vaccine Effectiveness:** 50%
- **Risk of Side Effects:** 0.1%
- **Cash Incentive:** 200 RMB
- **Vaccine Origin:** Imported

**Pros:**
- Immediate availability.
- Lower risk of side effects (0.1%).
- Import origin, which might be perceived as higher quality by some.

**Cons:**
- Lower vaccine effectiveness (50%).
- Lower cash incentive (200 RMB).

### Alternative C:
- **Do not receive the vaccine (opt out)**

**Pros:**
- No risk of side effects.
- No waiting time.

**Cons:**
- No protection against COVID-19.
- No cash incentive.

### Decision-Making Process:
1. **Waiting Time:** Immediate availability is highly valuable, especially if there's a need for quick protection.
2. **Vaccine Effectiveness:** 70% effectiveness provides better protection compared to 50%, which could be crucial in high-risk environments.
3. **Risk of Side Effects:** Both options A and B have the same low risk (0.1%), making this factor less influential.
4. **Cash Incentive:** The higher cash incentive (800 RMB) is a significant benefit, especially if financial considerations are important.
5. **Personal Beliefs:** Trust in domestic or imported vaccines can vary widely based on personal and cultural factors.

### Probabilities:
Given the importance of immediate protection, higher effectiveness, and financial incentives, I would assign probabilities as follows:

- **P(A): 0.4** (High effectiveness and substantial cash incentive, but with a long wait)
- **P(B): 0.5** (Immediate availability and lower risk, balanced by lower effectiveness and cash incentive)
- **P(C): 0.1** (Low probability of opting out due to the benefits of vaccination)

These probabilities reflect a balanced consideration of all factors, leaning slightly towards immediate protection and moderate financial incentives.",success
32,6,10,"To provide a probabilistic assessment of which alternative I would choose, we need to consider the key factors and their relative importance. Here's a breakdown:

### Factors Considered:
1. **Waiting Time**: A shorter waiting time is generally more favorable.
2. **Vaccine Effectiveness**: Higher effectiveness provides better protection against COVID-19.
3. **Risk of Side Effects**: Lower risk is preferred, but both options have the same risk.
4. **Cash Incentive**: A higher cash incentive can be a significant motivator.
5. **Vaccine Origin**: Some may prefer domestic or imported vaccines based on trust and personal preference.

### Analysis:
- **Alternative A** offers a high effectiveness (70%) and a substantial cash incentive (800 RMB), but requires a 3-month wait.
- **Alternative B** has the advantage of immediate availability and lower effectiveness (50%), with a smaller cash incentive (200 RMB).
- **Alternative C** involves no waiting time, no risk, and no benefit from vaccination.

### Probabilistic Distribution:
Given the factors, I would assign probabilities based on the relative importance of each factor:

- **P(A)**: Alternative A is highly attractive due to its high effectiveness and significant cash incentive, despite the long wait. I would assign it a probability of 0.6.
- **P(B)**: Alternative B is less effective but immediately available and has some cash incentive. It might be chosen by those who value immediate protection more. I would assign it a probability of 0.3.
- **P(C)**: Opting out (Alternative C) is the least favorable due to the lack of protection against COVID-19. I would assign it a probability of 0.1.

### Final Probabilities:
- P(A): 0.6
- P(B): 0.3
- P(C): 0.1

These probabilities sum to 1, reflecting the relative likelihood of choosing each alternative based on the given factors.",success
33,6,1,"To address this question, we need to consider a variety of factors including personal health priorities, risk tolerance, and the immediate benefits or incentives. Here’s a breakdown of each alternative:

### Alternative A:
- **Waiting time:** No wait (immediate)
- **Vaccine effectiveness:** 50%
- **Risk of side effects:** 10%
- **Cash incentive:** 800 RMB
- **Vaccine origin:** Imported

**Pros:**
- Immediate access to the vaccine.
- High cash incentive, which could be a significant benefit for some individuals.
- Imported vaccines might have higher perceived quality or trust.

**Cons:**
- Lower effectiveness compared to Alternative B.
- Higher risk of side effects.

### Alternative B:
- **Waiting time:** 6 months
- **Vaccine effectiveness:** 70%
- **Risk of side effects:** 0.1%
- **Cash incentive:** 200 RMB
- **Vaccine origin:** Imported

**Pros:**
- Higher vaccine effectiveness.
- Very low risk of side effects.
- Imported vaccines might have higher perceived quality or trust.

**Cons:**
- Long waiting time, which could be a significant drawback if the virus is spreading rapidly or if you are in a high-risk group.
- Lower cash incentive compared to Alternative A.

### Alternative C:
- **Do not receive the vaccine (opt out)**

**Pros:**
- No risk of side effects.
- No waiting time for the vaccine itself, although there may be other risks associated with not being vaccinated.

**Cons:**
- No protection against the virus.
- No cash incentive.

Given these factors, let's assign probabilities based on a balanced consideration of effectiveness, risk, and immediate benefits:

### Probabilities:
- **P(A): 0.4** (Immediate access and high cash incentive are significant, despite lower effectiveness and higher side effects.)
- **P(B): 0.5** (Higher effectiveness and very low side effects make this the most balanced choice, but the long wait time is a drawback.)
- **P(C): 0.1** (Opting out has minimal benefits and leaves you unprotected, making it the least favorable option.)

These probabilities sum to 1 and reflect a reasonable distribution based on the given alternatives.",success
33,6,2,"To provide a probabilistic distribution for choosing among these alternatives, I'll consider factors such as waiting time, effectiveness, side effects, cash incentive, and the overall benefit of getting vaccinated. Here's how I would break it down:

1. **Effectiveness**: Higher effectiveness means better protection against COVID-19.
2. **Risk of Side Effects**: Lower risk is generally more desirable.
3. **Waiting Time**: Immediate availability can be crucial in a pandemic.
4. **Cash Incentive**: Financial incentives can influence decision-making, especially for those who might need the extra support.
5. **Vaccine Origin**: Both alternatives A and B have imported vaccines, which may or may not be a significant factor depending on trust in foreign vaccine sources.

### Analysis:
- **Alternative A** offers immediate vaccination with moderate effectiveness and a higher risk of side effects but provides a substantial cash incentive. This might be appealing for those who need to get vaccinated quickly and are motivated by the financial reward.
- **Alternative B** requires a long wait but offers better protection with minimal side effects and a smaller cash incentive. This might be more suitable for individuals who can afford to wait and prefer higher effectiveness with lower risk.
- **Alternative C** (opting out) is not recommended as it leaves one unprotected against COVID-19, which can have significant health implications.

### Probabilities:
Given the trade-offs:

- **P(A)**: 0.4
  - Immediate vaccination and high financial incentive might be attractive for many.
- **P(B)**: 0.5
  - Higher effectiveness and lower risk of side effects make this a strong choice, despite the wait.
- **P(C)**: 0.1
  - Opting out is not recommended but some might choose this due to personal beliefs or concerns.

These probabilities sum to 1 and reflect a balanced consideration of all factors.",success
33,6,3,"To provide a probabilistic choice, we need to weigh the factors based on their importance. Let's break down each factor:

1. **Waiting Time**: Immediate availability is more valuable than waiting for 6 months.
2. **Vaccine Effectiveness**: A higher effectiveness rate provides better protection against COVID-19.
3. **Risk of Side Effects**: Lower risk of side effects is generally preferred.
4. **Cash Incentive**: Financial incentives can be a significant factor for some individuals.
5. **Vaccine Origin**: Both alternatives A and B have imported vaccines, so this factor is neutral.

### Analysis:

- **Alternative A**:
  - Immediate availability (no wait) is highly valuable.
  - Moderate effectiveness (50%) and moderate risk of side effects (10%).
  - High cash incentive (800 RMB).

- **Alternative B**:
  - Long waiting time (6 months) is a significant drawback.
  - Higher effectiveness (70%) and very low risk of side effects (0.1%).
  - Lower cash incentive (200 RMB).

- **Alternative C**:
  - No immediate protection against COVID-19.
  - No financial cost or benefit.

### Probabilistic Weights:

Given the factors, we can assign probabilities based on a balanced consideration of each factor's importance:

- **Immediate availability** is highly valued, which gives Alternative A an advantage.
- **Effectiveness and side effects** are crucial for health considerations, with Alternative B having better metrics but a significant waiting time.
- **Cash incentive** is a practical benefit, with Alternative A offering the highest amount.

### Probabilities:

- **P(A)**: 0.4 (Immediate availability and high cash incentive offset moderate effectiveness and higher side effects)
- **P(B)**: 0.35 (High effectiveness and low side effects but long wait time and lower cash incentive)
- **P(C)**: 0.25 (No immediate benefits, but no risks either)

These probabilities sum to 1 and reflect a balanced consideration of all factors.

P(A): 0.4  
P(B): 0.35  
P(C): 0.25",success
33,6,4,"To make a decision on which alternative to choose, we need to consider several factors including the waiting time, vaccine effectiveness, risk of side effects, cash incentive, and personal health values. Here’s a breakdown of how each factor might influence the decision:

1. **Waiting Time**: Immediate availability (Alternative A) is highly favorable compared to a 6-month wait (Alternative B).
2. **Vaccine Effectiveness**: Higher effectiveness (70% for Alternative B) provides better protection against COVID-19.
3. **Risk of Side Effects**: Lower risk of side effects (0.1% for Alternative B) is preferable to higher risks (10% for Alternative A).
4. **Cash Incentive**: A larger cash incentive (800 RMB for Alternative A) can be a significant motivator.
5. **Vaccine Origin**: Both alternatives have imported vaccines, which might be seen as equally reliable.

Given these considerations, we need to balance the immediate benefits and risks of each option. Here’s a possible distribution of probabilities based on a balanced consideration:

- **Alternative A** offers immediate protection with a significant cash incentive but has a lower effectiveness and higher risk of side effects.
- **Alternative B** provides better long-term protection with minimal side effects but requires a 6-month wait and a smaller cash incentive.
- **Alternative C** (opting out) avoids all risks but also leaves the individual unprotected against COVID-19.

Based on these factors, I would assign the following probabilities:

- **P(A): 0.4**
- **P(B): 0.5**
- **P(C): 0.1**

These probabilities reflect a preference for the higher effectiveness and lower side effects of Alternative B, while still considering the immediate benefits and risks of Alternative A. Opting out (Alternative C) is given the lowest probability as it leaves the individual unprotected.",success
33,6,5,"When making a decision like this, it's important to consider multiple factors including effectiveness, risk of side effects, waiting time, and any incentives. Here’s a breakdown of how these factors might influence the decision:

- **Effectiveness**: Higher effectiveness means better protection against COVID-19.
- **Risk of Side Effects**: Lower risk is generally preferred as it reduces health concerns.
- **Waiting Time**: A shorter wait can mean earlier protection.
- **Cash Incentive**: This could be a deciding factor for some, depending on their financial situation.

Given these considerations:

- **Alternative A** offers immediate vaccination with moderate effectiveness and a higher risk of side effects but comes with a significant cash incentive. The imported origin might also influence trust in the vaccine's quality.
- **Alternative B** provides better protection with minimal side effects but requires a long wait, which could be a deal-breaker for those who want to be vaccinated sooner. It also offers a smaller cash incentive.
- **Alternative C** (opting out) means no immediate health risk from the vaccine itself, but it leaves you unprotected against COVID-19.

Given these factors, I would assign probabilities based on a balance of risks and benefits:

- **P(A): 0.45** - The high cash incentive and immediate availability make this option attractive despite lower effectiveness and higher side effect risk.
- **P(B): 0.35** - Higher effectiveness and minimal side effects are significant positives, but the long wait might deter some people.
- **P(C): 0.20** - Opting out is a valid choice for those who are not concerned about immediate protection or who prefer to avoid all risks associated with vaccination.

These probabilities reflect a balanced approach considering both the immediate and long-term implications of each option.",success
33,6,6,"Choosing a vaccination option involves weighing various factors such as effectiveness, side effects, waiting time, and incentives. Here’s how I might evaluate the options:

- **Alternative A**: This option has a high cash incentive (800 RMB) and no waiting time, which are significant advantages. However, the vaccine effectiveness is only 50%, which is relatively low, and there's a higher risk of side effects at 10%. The imported origin might be a positive for some, but it depends on trust in the source.

- **Alternative B**: This option has a much higher vaccine effectiveness (70%) and a very low risk of side effects (0.1%). However, the waiting time is 6 months, which could be a significant drawback, especially if there's an immediate need for protection. The cash incentive is lower at 200 RMB, and it is also imported.

- **Alternative C**: Opting out means no risk of side effects or waiting time, but it also means no protection against the virus. This option might be chosen by those who are not concerned about the immediate threat of COVID-19 or have other health considerations that make vaccination unadvisable.

Given these factors, I would assign probabilities as follows:

- **P(A)**: 0.4
- **P(B)**: 0.5
- **P(C)**: 0.1

These probabilities reflect a higher likelihood of choosing Alternative B due to its higher effectiveness and lower side effects, despite the long waiting time. Alternative A is also relatively attractive due to the immediate availability and high cash incentive. Opting out (Alternative C) is the least likely choice given the current context, but it still has some probability for those who are highly risk-averse or have other reasons to avoid vaccination.",success
33,6,7,"To provide a probabilistic choice among the alternatives, I will consider factors such as waiting time, vaccine effectiveness, risk of side effects, cash incentive, and personal health values. Here’s a breakdown of how these factors might influence the decision:

1. **Waiting Time**: Immediate access (Alternative A) is highly valuable, especially during a pandemic when protection is needed quickly.
2. **Vaccine Effectiveness**: Higher effectiveness (70% in Alternative B vs 50% in Alternative A) provides better protection against the virus.
3. **Risk of Side Effects**: Lower risk of side effects (0.1% in Alternative B vs 10% in Alternative A) is generally preferred to avoid potential health issues.
4. **Cash Incentive**: A higher cash incentive (800 RMB in Alternative A vs 200 RMB in Alternative B) can be a significant motivator, especially for those who value immediate financial gain.
5. **Vaccine Origin**: Both alternatives use imported vaccines, which might be perceived as equally reliable or unreliable depending on personal beliefs and trust in the source.

Given these factors, I would distribute the probabilities as follows:

- **P(A)**: 0.3
  - Immediate access is very valuable, but the lower effectiveness and higher side effects are significant drawbacks.
- **P(B)**: 0.5
  - Higher effectiveness and lower risk of side effects make this option more appealing, despite the long waiting time.
- **P(C)**: 0.2
  - Opting out is a valid choice for those who prefer to avoid vaccination altogether or wait for better options.

These probabilities reflect a balanced consideration of all factors, with a slight preference for Alternative B due to its higher effectiveness and lower risk of side effects.",success
33,6,8,"When making a decision like this, it's important to consider various factors including personal health risks, the benefits of vaccine effectiveness, the risk of side effects, and non-health incentives such as cash. Here’s how I would weigh these options:

1. **Vaccine Effectiveness**: Higher effectiveness is generally more desirable as it provides better protection against the virus.
2. **Risk of Side Effects**: Lower risk of side effects is preferable, especially for those who are more concerned about potential adverse reactions.
3. **Waiting Time**: Immediate availability can be a significant factor, particularly if there is an immediate risk of exposure to the virus.
4. **Cash Incentive**: While not directly related to health, financial incentives can influence decisions, especially in times of economic stress.

Given these considerations:

- **Alternative A** offers immediate vaccination with moderate effectiveness and a relatively high cash incentive. The 10% risk of side effects is higher compared to Alternative B but might be acceptable for those who prioritize immediate protection.
- **Alternative B** provides the highest vaccine effectiveness with minimal risk of side effects, but it requires waiting for 6 months. This could be less appealing if there is an urgent need for protection.
- **Alternative C** involves opting out of vaccination, which means no protection from the virus and no financial incentive.

Based on these factors, I would distribute the probabilities as follows:

- **P(A)**: 0.35 (Immediate protection and a significant cash incentive might be compelling)
- **P(B)**: 0.45 (High effectiveness with minimal side effects is very attractive, despite the long wait)
- **P(C)**: 0.20 (Opting out is less likely given the benefits of vaccination)

These probabilities reflect a balanced consideration of immediate needs, long-term protection, and personal risk tolerance.",success
33,6,9,"When making a decision like this, it's important to consider multiple factors including waiting time, vaccine effectiveness, risk of side effects, cash incentives, and personal health beliefs. However, as an AI, I don't have personal preferences or health conditions to influence my choice. Instead, I'll provide a balanced view based on the provided information.

### Analysis:
1. **Vaccine Effectiveness**:
   - A: 50%
   - B: 70%
   - C: 0% (since no vaccine is received)

2. **Risk of Side Effects**:
   - A: 10%
   - B: 0.1%
   - C: 0% (no vaccine means no side effects)

3. **Waiting Time**:
   - A: Walk-in (no wait)
   - B: 6 months
   - C: Immediate (no action needed)

4. **Cash Incentive**:
   - A: 800 RMB
   - B: 200 RMB
   - C: 0 RMB

5. **Vaccine Origin**:
   - A: Imported
   - B: Imported
   - C: Not applicable

### Decision Making:
- **Alternative A**: Offers immediate vaccination, a higher cash incentive, but lower effectiveness and higher side effects.
- **Alternative B**: Higher vaccine effectiveness and much lower risk of side effects, but with a significant waiting period and lower cash incentive.
- **Alternative C**: No vaccine means no protection against the virus.

### Probabilities:
To assign probabilities that sum to 1, we can consider a balanced approach based on the importance of each factor. For simplicity, let's assume equal weight for effectiveness, side effects, waiting time, and cash incentive.

- **Effectiveness**:
  - A: 0.5
  - B: 0.7
  - C: 0.0

- **Side Effects**:
  - A: 0.9 (1 - risk of side effects)
  - B: 0.999 (1 - risk of side effects)
  - C: 1.0

- **Waiting Time**:
  - A: 1.0 (no wait)
  - B: 0.0 (6 months wait)
  - C: 1.0 (immediate)

- **Cash Incentive**:
  - A: 800 RMB
  - B: 200 RMB
  - C: 0 RMB

### Normalized Scores:
To normalize these scores, we can use a simple scoring system where each factor is given a weight. For this example, let's assume equal weights (1/4) for each factor.

- **A**:
  - Effectiveness: 0.5
  - Side Effects: 0.9
  - Waiting Time: 1.0
  - Cash Incentive: 800 RMB (normalized to a score of 1, assuming 800 is the highest)
  - Total Score: (0.5 + 0.9 + 1.0 + 1.0) / 4 = 0.825

- **B**:
  - Effectiveness: 0.7
  - Side Effects: 0.999
  - Waiting Time: 0.0
  - Cash Incentive: 200 RMB (normalized to a score of 0.25, assuming 800 is the highest)
  - Total Score: (0.7 + 0.999 + 0.0 + 0.25) / 4 = 0.48725

- **C**:
  - Effectiveness: 0.0
  - Side Effects: 1.0
  - Waiting Time: 1.0
  - Cash Incentive: 0 RMB (normalized to a score of 0)
  - Total Score: (0.0 + 1.0 + 1.0 + 0.0) / 4 = 0.5

### Final Probabilities:
To convert these scores into probabilities that sum to 1, we can use the softmax function:

- **A**: exp(0.825) / (exp(0.825) + exp(0.48725) + exp(0.5))
- **B**: exp(0.48725) / (exp(0.825) + exp(0.48725) + exp(0.5))
- **C**: exp(0.5) / (exp(0.825) + exp(0.48725) + exp(0.5))

Calculating these:

- **A**: 2.283 / (2.283 + 1.628 + 1.649) = 0.467
- **B**: 1.628 / (2.283 + 1.628 + 1.649) = 0.335
- **C**: 1.649 / (2.283 + 1.628 + 1.649) = 0.338

### Final Answer:
P(A): 0.467
P(B): 0.335
P(C): 0.338",success
33,6,10,"When making a decision like this, it's important to weigh the benefits and risks of each option. Here’s how I would evaluate the alternatives:

### Alternative A:
- **Waiting time:** No wait (immediate availability) is highly beneficial.
- **Vaccine effectiveness:** 50% effectiveness is relatively low but still provides some protection.
- **Risk of side effects:** 10% risk of side effects, which is moderate.
- **Cash incentive:** 800 RMB is a significant financial benefit.
- **Vaccine origin:** Imported vaccines may have different regulatory standards.

### Alternative B:
- **Waiting time:** 6 months wait is a long time, especially if the virus is spreading rapidly.
- **Vaccine effectiveness:** 70% effectiveness is higher and more protective.
- **Risk of side effects:** 0.1% risk of side effects, which is very low.
- **Cash incentive:** 200 RMB is less than Alternative A but still a benefit.
- **Vaccine origin:** Imported vaccines may have different regulatory standards.

### Alternative C:
- **Do not receive the vaccine:** Opting out means no protection from the virus, no risk of side effects, and no financial incentives.

Given these considerations, I would assign probabilities based on the balance of benefits and risks:

- **Alternative A** offers immediate availability and a high cash incentive, which are significant advantages. However, the lower effectiveness and higher risk of side effects are drawbacks.
- **Alternative B** provides better protection with very low risk of side effects but requires a long wait, which could be a significant disadvantage depending on the current prevalence of the virus.
- **Alternative C** avoids all risks and benefits associated with vaccination.

### Probabilities:
- **P(A): 0.4** (Immediate availability and high cash incentive are strong positives, but lower effectiveness and higher side effects are negatives.)
- **P(B): 0.35** (Higher effectiveness and very low risk of side effects are positive, but the long wait is a significant negative.)
- **P(C): 0.25** (Opting out avoids all risks and benefits, which might be preferred by those who are risk-averse or skeptical about vaccines.)

These probabilities reflect a balanced consideration of the benefits and risks associated with each alternative.",success
34,6,1,"When evaluating the three alternatives for COVID-19 vaccination, we need to consider several factors including waiting time, vaccine effectiveness, risk of side effects, and personal values (such as health benefits vs. immediate financial incentives). Here's a breakdown of each alternative:

### Alternative A:
- **Waiting Time:** 1 month
- **Vaccine Effectiveness:** 95%
- **Risk of Side Effects:** 0.1%
- **Cash Incentive:** 200 RMB
- **Vaccine Origin:** Domestic

**Pros:**
- High effectiveness (95%)
- Low risk of side effects (0.1%)
- Short waiting time (1 month)
- Cash incentive (200 RMB)

**Cons:**
- None significant

### Alternative B:
- **Waiting Time:** 3 months
- **Vaccine Effectiveness:** 50%
- **Risk of Side Effects:** 10%
- **Cash Incentive:** 200 RMB
- **Vaccine Origin:** Domestic

**Pros:**
- Cash incentive (200 RMB)

**Cons:**
- Low effectiveness (50%)
- High risk of side effects (10%)
- Long waiting time (3 months)

### Alternative C:
- **Do not receive the vaccine (opt out)**

**Pros:**
- No immediate health risks from vaccination
- No waiting time

**Cons:**
- No protection against COVID-19
- No cash incentive

Given these considerations, I would assign probabilities based on the overall benefits and risks of each alternative. Here's my evaluation:

- **Alternative A:** High effectiveness, low risk of side effects, short waiting time, and a cash incentive make this option very attractive.
- **Alternative B:** The long waiting time, low effectiveness, and high risk of side effects make this option less appealing.
- **Alternative C:** Opting out leaves you unprotected against COVID-19, which is generally not advisable unless there are specific health reasons to avoid vaccination.

### Probabilities:
- **P(A): 0.7**
- **P(B): 0.2**
- **P(C): 0.1**

These probabilities reflect a strong preference for Alternative A due to its high effectiveness and low risk, with some consideration given to the other options.",success
34,6,2,"To provide a probabilistic choice among the alternatives, I'll consider factors like waiting time, vaccine effectiveness, risk of side effects, and the presence or absence of a cash incentive. Here’s how these factors influence my decision:

1. **Vaccine Effectiveness**: Higher effectiveness is more desirable.
2. **Risk of Side Effects**: Lower risk is better.
3. **Waiting Time**: Shorter waiting time is preferable.
4. **Cash Incentive**: While the cash incentive is the same for A and B, it does not differentiate between them but adds value over C.

Given these considerations:

- **Alternative A** offers a high effectiveness (95%) with a very low risk of side effects (0.1%), and a relatively short waiting time (1 month). The cash incentive of 200 RMB is an additional positive.
- **Alternative B** has lower effectiveness (50%) and a much higher risk of side effects (10%). The longer waiting time (3 months) makes it less attractive, despite the same cash incentive as A.
- **Alternative C** involves not getting vaccinated at all, which means no protection against COVID-19 but also no risk of side effects. This option might be chosen by those who are extremely averse to any risks or do not believe in the necessity of vaccination.

Based on these factors, I would assign probabilities as follows:

- **P(A): 0.7** (High effectiveness and low risk make this the most attractive option)
- **P(B): 0.2** (Despite the cash incentive, the low effectiveness and high side effects reduce its appeal)
- **P(C): 0.1** (Choosing not to vaccinate is less likely given the benefits of A)

These probabilities reflect a strong preference for Alternative A due to its overall positive attributes, with B being a less attractive but still considered option, and C being the least preferred due to the lack of protection against COVID-19.",success
34,6,3,"In making a decision about which COVID-19 vaccination choice to select, it's important to consider the trade-offs between waiting time, vaccine effectiveness, risk of side effects, and any additional incentives. Here’s a breakdown of the considerations for each alternative:

### Alternative A:
- **Waiting Time**: 1 month (shorter wait)
- **Vaccine Effectiveness**: 95% (highly effective)
- **Risk of Side Effects**: 0.1% (very low risk)
- **Cash Incentive**: 200 RMB
- **Vaccine Origin**: Domestic

### Alternative B:
- **Waiting Time**: 3 months (longer wait)
- **Vaccine Effectiveness**: 50% (moderately effective)
- **Risk of Side Effects**: 10% (higher risk)
- **Cash Incentive**: 200 RMB
- **Vaccine Origin**: Domestic

### Alternative C:
- **Do not receive the vaccine (opt out)**: No waiting time, no effectiveness, no side effects, no cash incentive.

Given these factors, here’s a probabilistic distribution based on the relative advantages and disadvantages of each option:

1. **Alternative A**:
   - Shorter waiting time
   - High vaccine effectiveness
   - Very low risk of side effects
   - Cash incentive

2. **Alternative B**:
   - Longer waiting time
   - Lower vaccine effectiveness
   - Higher risk of side effects
   - Cash incentive (same as A)

3. **Alternative C**:
   - No protection from the virus
   - No risk of side effects
   - No cash incentive

### Probabilities:
- **P(A)**: 0.70 (Highly favorable due to high effectiveness, low risk, and shorter wait)
- **P(B)**: 0.15 (Less favorable due to lower effectiveness and higher risk)
- **P(C)**: 0.15 (Least favorable as it provides no protection)

These probabilities reflect the relative attractiveness of each option based on the provided criteria. Summing these probabilities gives:

\[ P(A) + P(B) + P(C) = 0.70 + 0.15 + 0.15 = 1 \]

So, the final distribution is:
- **P(A)**: 0.70
- **P(B)**: 0.15
- **P(C)**: 0.15",success
34,6,4,"To provide a probabilistic answer reflecting my choice, I'll consider factors such as effectiveness, waiting time, risk of side effects, and the presence of a cash incentive. Here's a breakdown:

- **Effectiveness**: Higher effectiveness is more desirable to prevent infection.
- **Waiting Time**: A shorter waiting time means earlier protection.
- **Risk of Side Effects**: Lower risk of side effects is generally preferred.
- **Cash Incentive**: The cash incentive is the same for options A and B, so it doesn't influence the decision between these two but might affect the overall choice.

Given these considerations:

- **Alternative A** has a high effectiveness (95%), a relatively short waiting time (1 month), a very low risk of side effects (0.1%), and includes a cash incentive.
- **Alternative B** has lower effectiveness (50%), a longer waiting time (3 months), a higher risk of side effects (10%), and also includes the same cash incentive.
- **Alternative C** involves not getting vaccinated, which means no protection against COVID-19 but also no risk of side effects.

Based on these factors, I would assign probabilities as follows:

- **P(A)**: 0.75 (High effectiveness, short waiting time, low risk of side effects, and cash incentive make this the most attractive option.)
- **P(B)**: 0.10 (Lower effectiveness, longer waiting time, and higher risk of side effects make this less desirable.)
- **P(C)**: 0.15 (Opting out might be considered by those who are particularly risk-averse regarding vaccines or have concerns about vaccine safety.)

These probabilities sum to 1 and reflect a preference for the option that provides the best balance of benefits and risks.",success
34,6,5,"To provide a probabilistic choice among the alternatives, we need to consider the key factors for each option. These include waiting time, vaccine effectiveness, risk of side effects, and cash incentive. Here’s how these factors might influence the decision:

1. **Waiting Time**: Shorter waiting times are generally more favorable.
2. **Vaccine Effectiveness**: Higher effectiveness is crucial in providing protection against COVID-19.
3. **Risk of Side Effects**: Lower risk of side effects is preferred to minimize potential health issues.
4. **Cash Incentive**: The cash incentive is the same for both vaccine options, so it doesn't differentiate between A and B.

Given these considerations:

- **Alternative A** offers a high effectiveness (95%) with a very low risk of side effects (0.1%), and a relatively short waiting time (1 month). This makes it the most attractive option.
- **Alternative B** has a much lower effectiveness (50%) and a higher risk of side effects (10%), despite having the same cash incentive. The longer waiting time (3 months) further reduces its appeal.
- **Alternative C** involves opting out, which means no protection against COVID-19 but also no risk of side effects or waiting time.

Based on these factors, I would assign probabilities as follows:

P(A): 0.8
P(B): 0.1
P(C): 0.1

These probabilities reflect the strong preference for Alternative A due to its high effectiveness and low risk of side effects, while still acknowledging some potential reasons why someone might choose B or C (e.g., extreme vaccine hesitancy or personal health considerations).",success
34,6,6,"To provide a probabilistic distribution for choosing among these alternatives, I'll consider factors such as the waiting time, vaccine effectiveness, risk of side effects, and cash incentive. Given the significant differences in vaccine effectiveness and risk of side effects, here's how I would distribute the probabilities:

P(A): 0.7
- This option has the highest vaccine effectiveness (95%) and a very low risk of side effects (0.1%). The waiting time is relatively short at 1 month, which makes it an attractive choice.

P(B): 0.2
- Despite the cash incentive being the same as Option A, this option has lower vaccine effectiveness (50%) and a higher risk of side effects (10%), making it less favorable.

P(C): 0.1
- Opting out means avoiding any risks associated with vaccination but also forgoing protection against COVID-19. Given the current context where vaccines are widely recommended, this option is the least favorable.

These probabilities reflect a preference for higher effectiveness and lower risk of side effects, while also considering the waiting time and cash incentive.",success
34,6,7,"To determine which alternative is most preferable, we need to consider several factors including waiting time, vaccine effectiveness, risk of side effects, and the cash incentive. Here’s a breakdown:

### Alternative A:
- **Waiting Time:** 1 month (shorter wait)
- **Vaccine Effectiveness:** 95% (very high)
- **Risk of Side Effects:** 0.1% (very low)
- **Cash Incentive:** 200 RMB
- **Vaccine Origin:** Domestic

### Alternative B:
- **Waiting Time:** 3 months (longer wait)
- **Vaccine Effectiveness:** 50% (moderate)
- **Risk of Side Effects:** 10% (higher)
- **Cash Incentive:** 200 RMB
- **Vaccine Origin:** Domestic

### Alternative C:
- **Do not receive the vaccine (opt out)**

### Analysis:
1. **Waiting Time:**
   - Shorter waiting time is generally more favorable.
   - A 1-month wait is significantly better than a 3-month wait.

2. **Vaccine Effectiveness:**
   - Higher effectiveness is crucial for protection against COVID-19.
   - 95% effectiveness is much better than 50%.

3. **Risk of Side Effects:**
   - Lower risk of side effects is preferred.
   - 0.1% is very low compared to 10%.

4. **Cash Incentive:**
   - Both A and B offer the same cash incentive, so this factor does not differentiate between them.

5. **Vaccine Origin:**
   - Both vaccines are domestic, so this factor is neutral.

### Decision:
Given the high effectiveness and low risk of side effects, Alternative A is clearly the most favorable option. Opting out (Alternative C) leaves one unprotected against a potentially serious disease, which is generally not recommended unless there are specific medical contraindications.

### Probabilities:
- **P(A):** 0.8
- **P(B):** 0.15
- **P(C):** 0.05

These probabilities reflect the strong preference for Alternative A, a moderate consideration for B (despite its longer wait and lower effectiveness), and a low likelihood of opting out entirely.",success
34,6,8,"To provide a probabilistic choice, we need to consider the relative importance of each factor. Here’s a breakdown:

- **Effectiveness**: Higher effectiveness is more desirable.
- **Waiting Time**: Shorter waiting time is preferred.
- **Risk of Side Effects**: Lower risk is better.
- **Cash Incentive**: All options have the same incentive, so it doesn't affect the decision.
- **Vaccine Origin**: Since all vaccines are domestic, this factor is neutral.

Given these considerations:

1. **Alternative A** has a high effectiveness (95%) and a very low risk of side effects (0.1%), making it highly desirable despite the shorter waiting time.
2. **Alternative B** has lower effectiveness (50%) and a higher risk of side effects (10%), which makes it less attractive even though it offers the same cash incentive and is domestic.
3. **Alternative C** (opting out) means no protection against COVID-19, which is generally not recommended unless there are specific medical reasons.

Based on these factors, I would assign the following probabilities:

P(A): 0.7
P(B): 0.2
P(C): 0.1

These probabilities reflect a strong preference for Alternative A due to its high effectiveness and low risk of side effects, with some consideration given to the other options.",success
34,6,9,"When making a decision about which COVID-19 vaccination choice to select, it's important to consider the trade-offs between waiting time, vaccine effectiveness, risk of side effects, and any additional incentives. Here’s how I would evaluate each alternative:

### Alternative A:
- **Waiting time:** 1 month (shorter wait)
- **Vaccine effectiveness:** 95% (highly effective)
- **Risk of side effects:** 0.1% (very low risk)
- **Cash incentive:** 200 RMB
- **Vaccine origin:** Domestic

### Alternative B:
- **Waiting time:** 3 months (longer wait)
- **Vaccine effectiveness:** 50% (moderate effectiveness)
- **Risk of side effects:** 10% (higher risk)
- **Cash incentive:** 200 RMB
- **Vaccine origin:** Domestic

### Alternative C:
- **Do not receive the vaccine (opt out)**

### Evaluation:
- **Alternative A** is highly attractive due to its high effectiveness and very low risk of side effects. The shorter waiting time and cash incentive are additional positive factors.
- **Alternative B** has a longer wait, lower effectiveness, and higher risk of side effects, which makes it less appealing compared to Alternative A.
- **Alternative C** (opting out) is the least favorable as it provides no protection against COVID-19.

### Probabilities:
Given the clear advantages of Alternative A, I would assign a high probability to choosing this option. The probabilities are:

- **P(A): 0.8**
- **P(B): 0.15**
- **P(C): 0.05**

These probabilities sum to 1 and reflect the relative attractiveness of each alternative based on the given criteria.",success
34,6,10,"To approach this decision, we need to consider multiple factors including waiting time, vaccine effectiveness, risk of side effects, and the presence of a cash incentive. Here's a breakdown:

### Alternative A:
- **Waiting Time:** 1 month (shorter wait)
- **Vaccine Effectiveness:** 95% (highly effective)
- **Risk of Side Effects:** 0.1% (very low risk)
- **Cash Incentive:** 200 RMB
- **Vaccine Origin:** Domestic

### Alternative B:
- **Waiting Time:** 3 months (longer wait)
- **Vaccine Effectiveness:** 50% (less effective)
- **Risk of Side Effects:** 10% (higher risk)
- **Cash Incentive:** 200 RMB
- **Vaccine Origin:** Domestic

### Alternative C:
- **Do not receive the vaccine (opt out)**

Given these factors, here's a reasoned approach to assigning probabilities:

1. **Effectiveness and Risk of Side Effects:**
   - Alternative A offers high effectiveness with minimal risk of side effects.
   - Alternative B has lower effectiveness and a higher risk of side effects.

2. **Waiting Time:**
   - Alternative A has a shorter waiting time, which is generally more favorable.
   - Alternative B requires a longer wait, which might be less desirable.

3. **Cash Incentive:**
   - Both A and B offer the same cash incentive, so this factor doesn't differentiate between them.

4. **Personal Health and Safety:**
   - Given the high effectiveness and low risk of side effects, Alternative A is more appealing from a health perspective.
   - Opting out (Alternative C) means no protection against the virus, which could be risky depending on the prevalence of the virus in the community.

### Probabilities:
- **P(A):** 0.7
- **P(B):** 0.2
- **P(C):** 0.1

These probabilities reflect a strong preference for Alternative A due to its high effectiveness and low risk, with some consideration given to Alternative B (for those who might prefer the longer wait despite lower effectiveness and higher side effects), and a small probability for opting out (for those who are strongly against vaccination).",success
35,6,1,"When evaluating the alternatives, we consider factors such as waiting time, vaccine effectiveness, risk of side effects, cash incentive, and personal health beliefs. Given that Alternatives A and B are identical in all aspects except for the origin of the vaccine (domestic vs. imported), and assuming there is no significant difference in trust or preference between domestic and imported vaccines, we can treat these options as equally favorable.

Here's a breakdown of my reasoning:

1. **Waiting Time**: Both Alternatives A and B require a 3-month wait, which is the same for both.
2. **Vaccine Effectiveness**: Both have an effectiveness of 70%, which is moderate but beneficial in reducing the risk of severe illness.
3. **Risk of Side Effects**: The risk of side effects is low at 1% for both options.
4. **Cash Incentive**: A cash incentive of 50 RMB is provided for both, which can be a minor positive factor.
5. **Vaccine Origin**: Assuming no significant difference in trust or effectiveness between domestic and imported vaccines, this factor does not influence the decision.

Given these factors, if we assume that the personal preference for domestic vs. imported vaccines is evenly distributed among the population, and there are no other influencing factors, the probabilities can be equally distributed between A and B. The option to opt out (Alternative C) might be chosen by some individuals who have concerns about vaccination or prefer natural immunity.

Here's a possible distribution of probabilities:

- **P(A): 0.45**
- **P(B): 0.45**
- **P(C): 0.10**

This distribution reflects a balanced consideration where most people might choose to get vaccinated (either A or B), with a smaller fraction opting out. The equal probability for A and B indicates no preference between domestic and imported vaccines.",success
35,6,2,"When making a decision about COVID-19 vaccination, it's important to consider various factors such as vaccine effectiveness, risk of side effects, waiting time, and personal incentives. Here’s how I would evaluate the alternatives:

### Alternative A:
- **Waiting time:** 3 months (same for both A and B)
- **Vaccine effectiveness:** 70% (same for both A and B)
- **Risk of side effects:** 1% (same for both A and B)
- **Cash incentive:** 50 RMB (same for both A and B)
- **Vaccine origin:** Domestic

### Alternative B:
- **Waiting time:** 3 months (same for both A and B)
- **Vaccine effectiveness:** 70% (same for both A and B)
- **Risk of side effects:** 1% (same for both A and B)
- **Cash incentive:** 50 RMB (same for both A and B)
- **Vaccine origin:** Imported

### Alternative C:
- **Do not receive the vaccine (opt out)**

Given that all other factors are identical between Alternatives A and B, the only differentiating factor is the vaccine origin. In many cases, the choice between domestic and imported vaccines may depend on personal trust or preference, but in terms of objective data provided, there is no clear advantage to one over the other.

### Decision Analysis:
- **Alternative C (opting out)**: Opting out means you avoid all risks associated with vaccination but also forgo the protection it provides. Given the relatively low risk of side effects and the significant effectiveness of the vaccine, opting out might not be the best choice unless there are strong personal or medical reasons against vaccination.

- **Alternatives A and B**: Both options offer the same benefits and risks, so the decision might come down to personal preference regarding vaccine origin. If there is no strong bias towards domestic or imported vaccines, either option is equally valid.

### Probabilities:
Since there is no clear objective reason to prefer one over the other in terms of A and B, I would distribute the probabilities equally between them and assign a lower probability to C (opting out) due to the protective benefits of vaccination:

- **P(A): 0.45**
- **P(B): 0.45**
- **P(C): 0.10**

These probabilities sum to 1, reflecting the equal likelihood of choosing A or B and a lower likelihood of opting out.",success
35,6,3,"When making a decision regarding vaccination, it's important to weigh the benefits and risks of each option. Here’s how I would evaluate the alternatives based on the provided information:

**Alternative A:**
- **Waiting time:** 3 months (same as B)
- **Vaccine effectiveness:** 70% (same as B)
- **Risk of side effects:** 1% (same as B)
- **Cash incentive:** 50 RMB (same as B)
- **Vaccine origin:** Domestic

**Alternative B:**
- **Waiting time:** 3 months (same as A)
- **Vaccine effectiveness:** 70% (same as A)
- **Risk of side effects:** 1% (same as A)
- **Cash incentive:** 50 RMB (same as A)
- **Vaccine origin:** Imported

**Alternative C:**
- **Do not receive the vaccine (opt out)**

Given that Alternatives A and B have identical parameters except for the origin of the vaccine, the decision largely hinges on trust in domestic vs. imported vaccines. In many contexts, the effectiveness and safety of both domestic and imported vaccines are rigorously tested and may be equally reliable. However, personal preference and trust in local regulatory bodies can play a significant role.

For this evaluation, I will assume that there is no significant difference in trust or perceived quality between domestic and imported vaccines, as the provided data does not suggest any such differences. Therefore, A and B are essentially equivalent.

**Opting out (C)** involves forgoing the protection offered by the vaccine, which, given a 70% effectiveness rate, could be a disadvantage if the risk of contracting COVID-19 is significant in the environment or community.

Based on these considerations, I would assign probabilities as follows:

- **P(A):** 0.45
- **P(B):** 0.45
- **P(C):** 0.10

These probabilities reflect a preference for vaccination (either A or B) due to the potential benefits of protection against COVID-19, with a slight bias towards either option based on personal or community preferences regarding vaccine origin. The probability for C is lower because opting out means not receiving any additional protection from the virus.",success
35,6,4,"When making a decision like this, it's important to consider multiple factors such as effectiveness, safety, and personal values. Here’s a breakdown of the choices:

### Alternative A:
- **Waiting time:** 3 months (same for both)
- **Vaccine effectiveness:** 70% (same for both)
- **Risk of side effects:** 1% (same for both)
- **Cash incentive:** 50 RMB (same for both)
- **Vaccine origin:** Domestic

### Alternative B:
- **Waiting time:** 3 months (same for both)
- **Vaccine effectiveness:** 70% (same for both)
- **Risk of side effects:** 1% (same for both)
- **Cash incentive:** 50 RMB (same for both)
- **Vaccine origin:** Imported

### Alternative C:
- **Do not receive the vaccine (opt out)**

Given that the effectiveness, risk of side effects, and cash incentives are identical for Alternatives A and B, the primary differentiating factor is the vaccine origin. 

### Considerations:
1. **Trust in Vaccine Origin:**
   - If you trust domestic vaccines more, you might prefer Alternative A.
   - If you have a preference or higher trust in imported vaccines, you might lean towards Alternative B.

2. **Personal Values:**
   - Some individuals may prefer to support domestic products and health initiatives.
   - Others might feel that imported vaccines meet higher international standards.

3. **Risk of Infection:**
   - Opting out (Alternative C) means no protection against the virus, which could be a significant risk depending on your personal circumstances (e.g., age, underlying health conditions, community transmission rates).

### Probabilities:
Given the lack of significant differences between A and B in terms of effectiveness and safety, and assuming equal trust in both domestic and imported vaccines, I would distribute the probabilities as follows:

- **P(A): 0.45**
- **P(B): 0.45**
- **P(C): 0.10**

This distribution reflects a balanced approach where the majority of the probability is split between the two vaccination options, with a small probability assigned to opting out, acknowledging that some individuals might prefer not to be vaccinated for personal reasons.",success
35,6,5,"When making a decision like this, it's important to consider various factors such as personal health risks, the effectiveness of the vaccine, side effects, and any additional incentives. Given the information provided:

- **Alternative A** and **Alternative B** are identical in terms of waiting time, vaccine effectiveness, risk of side effects, and cash incentive. The only difference is the origin of the vaccine (domestic vs. imported).
- **Alternative C** involves not getting vaccinated at all.

For many people, the decision to get vaccinated often hinges on trust in the source of the vaccine and personal beliefs about the importance of vaccination. However, given that both vaccines have the same effectiveness and side effect risks, the origin might be a secondary concern for some individuals.

Assuming there is no significant difference in trust or preference between domestic and imported vaccines, and considering the benefits of vaccination (70% effectiveness against COVID-19), here's how I would distribute the probabilities:

- **P(A): 0.45** - This represents a moderate likelihood of choosing the domestically produced vaccine.
- **P(B): 0.45** - This also represents a moderate likelihood, reflecting the equal appeal of the imported vaccine given its identical characteristics to Alternative A.
- **P(C): 0.10** - This is a lower probability, accounting for those who might choose not to get vaccinated due to personal reasons or skepticism about the vaccine's necessity.

These probabilities sum to 1 and reflect a balanced consideration of all options provided.",success
35,6,6,"When evaluating the choices, we consider several factors including waiting time, effectiveness, risk of side effects, cash incentive, and vaccine origin. Given that alternatives A and B are identical in all aspects except for their origin (domestic vs. imported), and assuming there is no significant difference in trust or preference between domestic and imported vaccines, these two options should be equally likely to be chosen if the decision is based solely on the provided information.

For alternative C, opting out of vaccination, we consider the potential risks associated with not being vaccinated against a contagious disease like COVID-19. The effectiveness of 70% for both vaccine options (A and B) indicates a significant reduction in the risk of contracting or spreading the virus, which is generally considered beneficial from a public health perspective.

Given these considerations, here’s how I would distribute the probabilities:

- **P(A): 0.45** - Choosing this option is reasonable as it provides protection against COVID-19 with a moderate effectiveness and includes a cash incentive.
- **P(B): 0.45** - This option is equally appealing as A, offering the same benefits and risks but from an imported vaccine, which might be preferred by some due to brand reputation or perceived quality.
- **P(C): 0.10** - Opting out of vaccination carries higher risks, especially in terms of public health impact, so it is assigned a lower probability.

These probabilities reflect the assumption that most individuals would prefer the protection and benefits offered by either vaccine option over not getting vaccinated at all.",success
35,6,7,"When making a decision about which COVID-19 vaccination choice to select, it's important to consider the factors provided and weigh them according to personal values, health concerns, and broader societal impacts. Here’s how I would evaluate each option:

### Alternative A:
- **Waiting time:** 3 months (same as B)
- **Vaccine effectiveness:** 70% (same as B)
- **Risk of side effects:** 1% (same as B)
- **Cash incentive:** 50 RMB (same as B)
- **Vaccine origin:** Domestic

### Alternative B:
- **Waiting time:** 3 months (same as A)
- **Vaccine effectiveness:** 70% (same as A)
- **Risk of side effects:** 1% (same as A)
- **Cash incentive:** 50 RMB (same as A)
- **Vaccine origin:** Imported

### Alternative C:
- **Do not receive the vaccine:**
  - No waiting time
  - No effectiveness (0% protection against COVID-19)
  - No risk of side effects
  - No cash incentive

### Analysis:
- **Effectiveness and Risk of Side Effects:** Both vaccines A and B offer the same level of effectiveness (70%) and the same low risk of side effects (1%). This makes them equally appealing in terms of health outcomes.
- **Cash Incentive:** Both options provide a 50 RMB cash incentive, which is an additional benefit but not a deciding factor since it's the same for both.
- **Vaccine Origin:** The main difference between A and B is the origin of the vaccine. Some people might prefer domestic vaccines due to trust in local production or concerns about the quality and regulatory oversight of imported vaccines. However, if there are no significant differences in safety and efficacy data, this factor alone may not be a strong differentiator.
- **Opting Out (C):** Opting out means no protection against COVID-19, which could increase the risk of infection and its potential complications. This option is generally less favorable unless there are specific health reasons that make vaccination inadvisable.

### Decision:
Given the equal effectiveness, side effect risks, and cash incentives, the primary consideration would be personal preference regarding vaccine origin. However, opting out (C) is generally not recommended due to the lack of protection against COVID-19.

### Probabilities:
Assuming a balanced approach where the origin of the vaccine is a minor factor but still considered, and given that both A and B are equally effective and safe:

- **P(A): 0.45**
- **P(B): 0.45**
- **P(C): 0.10**

These probabilities reflect a slight preference for vaccination (A or B) over opting out (C), with the choice between A and B being relatively equal but slightly weighted towards personal preference regarding vaccine origin.",success
35,6,8,"In making a decision about which COVID-19 vaccination choice to select, we need to consider several factors including the waiting time, vaccine effectiveness, risk of side effects, cash incentive, and personal beliefs or concerns about domestic versus imported vaccines. Given that Alternatives A and B have identical characteristics except for the origin of the vaccine, the decision largely hinges on one's trust in domestic versus imported vaccines.

Here’s a breakdown of how these factors might influence the probabilities:

1. **Vaccine Effectiveness and Risk of Side Effects**: Both Alternatives A and B offer the same effectiveness (70%) and risk of side effects (1%), which are crucial for protecting against COVID-19 and minimizing health risks. This suggests that, in terms of health outcomes, both options are equally beneficial.

2. **Cash Incentive**: Both alternatives offer a 50 RMB cash incentive, which is an additional benefit but does not significantly differentiate between A and B.

3. **Waiting Time**: The waiting time for both vaccines is the same at 3 months, so this factor also does not provide a basis for preference between A and B.

4. **Vaccine Origin**:
   - **Domestic Vaccine (A)**: Some individuals might prefer a domestic vaccine due to trust in local regulatory standards or national pride.
   - **Imported Vaccine (B)**: Others might prefer an imported vaccine based on the reputation of international pharmaceutical companies or a perception of higher quality control.

5. **Opting Out (C)**: Opting out means no vaccination, which carries the risk of not being protected against COVID-19. This is generally less favorable unless there are strong personal reasons against vaccination, such as health concerns or ethical considerations.

Given these factors, if we assume that trust in domestic and imported vaccines is equally distributed among the population, and considering the significant health benefits of vaccination (70% effectiveness), here’s a possible distribution of probabilities:

- **P(A): 0.45** (45% chance of choosing the domestic vaccine)
- **P(B): 0.45** (45% chance of choosing the imported vaccine)
- **P(C): 0.10** (10% chance of opting out, assuming that a small portion of the population might have strong reasons against vaccination)

These probabilities sum to 1 and reflect a balanced consideration of all factors involved in the decision-making process.",success
35,6,9,"In making a decision among these alternatives, it's important to consider the key factors provided: waiting time, vaccine effectiveness, risk of side effects, cash incentive, and vaccine origin. Here’s a breakdown of how each factor might influence the decision:

1. **Waiting Time**: All options have the same waiting time (3 months), so this factor does not differentiate between the choices.
2. **Vaccine Effectiveness**: Both vaccines A and B offer 70% effectiveness, which is the same, so this also does not differentiate them from each other but is significantly better than opting out.
3. **Risk of Side Effects**: The risk of side effects for both vaccines is 1%, indicating a low risk and no difference between A and B in this regard.
4. **Cash Incentive**: Both options offer the same cash incentive (50 RMB), which could be seen as an additional benefit but does not differentiate between A and B.
5. **Vaccine Origin**: The only differentiating factor is the origin of the vaccine, with one being domestic and the other imported.

Given that all other factors are equal, the choice might come down to personal preference regarding the source of the vaccine. However, from a purely objective standpoint, there is no clear advantage of one over the other in terms of effectiveness or safety based on the information provided.

**Opting out (Alternative C)** means forgoing the benefits of vaccination and the cash incentive, which could be considered less favorable given the high effectiveness of the vaccines (70%) and the low risk of side effects (1%).

Based on this analysis, I would assign probabilities as follows:

- **P(A): 0.45** - Choosing the domestic vaccine might appeal to those who prefer to support local products or have a general preference for domestically produced items.
- **P(B): 0.45** - The imported vaccine might be preferred by those who believe that international standards and regulations could provide an additional layer of safety or quality assurance.
- **P(C): 0.10** - Opting out is the least favorable option given the benefits of vaccination, but it still represents a valid choice for those who are strongly against vaccination for personal reasons.

These probabilities reflect a balanced consideration of all provided factors and represent a rational distribution based on the information available.",success
35,6,10,"When evaluating the given alternatives for COVID-19 vaccination, we need to consider several factors including waiting time, vaccine effectiveness, risk of side effects, cash incentives, and personal beliefs or preferences regarding vaccine origin. Given that Alternatives A and B are identical except for the vaccine origin (domestic vs. imported), and assuming there is no significant difference in trust or preference between domestic and imported vaccines, the decision largely hinges on whether to get vaccinated at all.

Here's a breakdown of the considerations:

- **Effectiveness**: Both A and B offer 70% effectiveness, which can significantly reduce the risk of severe illness from COVID-19.
- **Risk of Side Effects**: The 1% risk is relatively low and manageable for most people.
- **Cash Incentive**: The 50 RMB incentive might be a minor factor but could provide some financial benefit.
- **Vaccine Origin**: If there are no significant differences in trust or effectiveness between domestic and imported vaccines, this should not significantly influence the decision.

Given these points, opting out (Alternative C) seems to be the least favorable option as it provides no protection against COVID-19. Therefore, I would lean towards choosing either A or B.

Assuming a slight preference for domestic products due to familiarity and potential logistical benefits, but recognizing that both options are essentially equivalent:

- **P(A)**: 0.52 (slight preference for the domestic vaccine)
- **P(B)**: 0.48 (slight preference against imported vaccines, but still a strong option)
- **P(C)**: 0.00 (opting out is not recommended given the benefits of vaccination)

These probabilities sum to 1 and reflect a balanced consideration of the options provided.",success
36,6,1,"In making a decision among these alternatives, I'll consider the key factors provided and assign probabilities based on their relative importance in a typical decision-making scenario. Here’s how each alternative stacks up:

- **Alternative A**: This option has a long waiting time but offers a small cash incentive. The vaccine effectiveness is relatively low compared to Alternative B, but it comes from a domestic source which might be preferred by some individuals for trust or logistical reasons. 
- **Alternative B**: This option stands out with high vaccine effectiveness and no waiting time, which are significant advantages. It also provides the highest cash incentive. However, it uses an imported vaccine, which might be a concern for some.
- **Alternative C**: Opting out avoids all risks associated with vaccination but leaves one unprotected against the virus.

Given these considerations:

- The high vaccine effectiveness and immediate availability of Alternative B make it highly attractive, especially considering the significant cash incentive. This would likely be the most popular choice among individuals who value both health protection and financial compensation.
- Alternative A might appeal to a smaller segment of the population who are willing to wait for a domestically produced vaccine despite its lower effectiveness.
- Opting out (Alternative C) is the least favorable as it provides no protection against the virus, which could be a significant risk.

Based on this analysis, here's a probabilistic distribution reflecting these considerations:

P(A): 0.2
P(B): 0.7
P(C): 0.1

These probabilities sum to 1 and reflect the relative attractiveness of each option based on the provided criteria.",success
36,6,2,"In evaluating these alternatives, we consider several factors including waiting time, vaccine effectiveness, risk of side effects, cash incentive, and personal values regarding vaccine origin. Here's a breakdown:

1. **Waiting Time**: Immediate availability is highly valuable for those who want to be protected as soon as possible.
2. **Vaccine Effectiveness**: A higher effectiveness rate means better protection against the virus.
3. **Risk of Side Effects**: Both options have the same risk, which simplifies this part of the decision.
4. **Cash Incentive**: Financial incentives can influence decisions, especially for those who value immediate rewards.
5. **Vaccine Origin**: Personal or cultural preferences might play a role in preferring domestic or imported vaccines.

Given these considerations, here's a probabilistic distribution reflecting a balanced approach:

- **P(A) = 0.1**: Alternative A has the lowest effectiveness and a significant waiting time, which are major drawbacks. The cash incentive is relatively low compared to B, making this option less attractive.
- **P(B) = 0.6**: Alternative B offers immediate vaccination with high effectiveness and a substantial cash incentive, making it the most appealing option for many people.
- **P(C) = 0.3**: Opting out might be chosen by individuals who are skeptical about vaccines or prefer natural immunity, despite the risks associated with not being vaccinated.

These probabilities sum to 1, reflecting a distribution of preferences across the three alternatives based on the given factors.",success
36,6,3,"To provide a probabilistic distribution reflecting my choice among the three alternatives, I'll consider several factors such as waiting time, vaccine effectiveness, risk of side effects, cash incentive, and personal health values. Here’s how I would distribute the probabilities:

- **Alternative A** involves a long wait but offers a moderate level of protection with a small financial incentive. Given the low effectiveness (50%), this might not be the most appealing option for many.
- **Alternative B** provides immediate access to a highly effective vaccine, which is crucial in preventing severe disease and transmission. The higher cash incentive also adds value. However, some individuals might have concerns about imported vaccines.
- **Alternative C** involves opting out of vaccination, which means no protection against the virus but also no risk of side effects or waiting.

Given these considerations:

P(A): 0.1
P(B): 0.7
P(C): 0.2

This distribution reflects a preference for immediate and highly effective protection (Alternative B), with some consideration given to both the less effective option (Alternative A) and the choice to avoid vaccination entirely (Alternative C).",success
36,6,4,"To provide a probabilistic distribution of choices, we need to consider several factors such as the importance of vaccine effectiveness, waiting time, risk of side effects, cash incentives, and personal health beliefs. Here’s a breakdown of how these factors might influence the decision:

1. **Vaccine Effectiveness**: Higher effectiveness is generally more desirable.
2. **Waiting Time**: Immediate availability can be very appealing.
3. **Risk of Side Effects**: If the risks are the same across options, this factor may not heavily influence the choice.
4. **Cash Incentive**: Financial incentives can be a significant motivator for some.
5. **Vaccine Origin**: Trust in domestic versus imported vaccines might vary based on personal or cultural beliefs.

Given these considerations, here is a possible distribution of probabilities:

- **Alternative A**:
  - Waiting time: 6 months (long wait)
  - Vaccine effectiveness: 50% (moderate)
  - Risk of side effects: 10% (same as B)
  - Cash incentive: 50 RMB (low compared to B)
  - Vaccine origin: Domestic
  - **P(A): 0.1**

- **Alternative B**:
  - Waiting time: walk-in (no wait, very attractive)
  - Vaccine effectiveness: 95% (very high)
  - Risk of side effects: 10% (same as A)
  - Cash incentive: 200 RMB (high)
  - Vaccine origin: Imported
  - **P(B): 0.8**

- **Alternative C**:
  - Do not receive the vaccine (opt out)
  - No waiting time, no effectiveness, no side effects, no cash incentive
  - **P(C): 0.1**

These probabilities reflect a strong preference for Alternative B due to its high effectiveness and immediate availability, with some consideration given to Alternatives A and C. The sum of these probabilities is 1:

- P(A): 0.1
- P(B): 0.8
- P(C): 0.1",success
36,6,5,"In making a decision among these alternatives, I'll consider factors such as waiting time, effectiveness, risk of side effects, cash incentive, and personal health beliefs. Here’s a breakdown:

- **Alternative A**: This option has the longest wait time (6 months) and the lowest vaccine effectiveness (50%). The risk of side effects is moderate (10%), and there's a small cash incentive (50 RMB). Given the long wait and lower effectiveness, this might be less appealing for someone looking to get protection quickly or effectively.
  
- **Alternative B**: This option offers immediate vaccination with high effectiveness (95%), a moderate risk of side effects (10%), and a significant cash incentive (200 RMB). The main drawback is that it's imported, which some might prefer to avoid due to trust in domestic products. However, the benefits of immediate protection and higher effectiveness are substantial.

- **Alternative C**: Choosing not to receive the vaccine means no waiting time, no risk of side effects, and no cash incentive, but also no protection against COVID-19. This might be chosen by those who are skeptical about vaccines or have other health considerations that make vaccination inadvisable.

Given these factors, I would assign probabilities as follows:

- **P(A)**: 0.2 (This option is less appealing due to the long wait and lower effectiveness, but it still has some value for those who prefer domestic products and are willing to wait.)
- **P(B)**: 0.7 (The high effectiveness and immediate availability make this a very attractive option, especially with the cash incentive.)
- **P(C)**: 0.1 (Opting out is less likely, but it might be chosen by those who have strong reservations about vaccination.)

These probabilities sum to 1 and reflect the relative attractiveness of each option based on the provided criteria.",success
36,6,6,"When making a decision like this, it's important to consider multiple factors including health benefits, waiting time, side effects, and financial incentives. Here’s how I would evaluate each alternative:

### Alternative A:
- **Waiting Time:** 6 months (long wait)
- **Effectiveness:** 50% (moderate effectiveness)
- **Risk of Side Effects:** 10% (acceptable risk)
- **Cash Incentive:** 50 RMB (small incentive)
- **Vaccine Origin:** Domestic

### Alternative B:
- **Waiting Time:** Walk-in (no wait)
- **Effectiveness:** 95% (high effectiveness)
- **Risk of Side Effects:** 10% (acceptable risk)
- **Cash Incentive:** 200 RMB (significant incentive)
- **Vaccine Origin:** Imported

### Alternative C:
- **Do Not Receive the Vaccine**
- **Health Risk:** Higher due to lack of vaccination
- **No Financial Incentive**

Given these factors, here’s a probabilistic evaluation:

1. **Alternative A:**
   - The long waiting time and moderate effectiveness are significant drawbacks.
   - The 10% risk of side effects is acceptable but not a strong point.
   - The small cash incentive (50 RMB) is not very compelling.

2. **Alternative B:**
   - Immediate availability and high effectiveness make this option very attractive.
   - The 10% risk of side effects is the same as in Alternative A, which is acceptable.
   - The significant cash incentive (200 RMB) adds value.

3. **Alternative C:**
   - Opting out means no protection against COVID-19, which poses a higher health risk.
   - No financial benefit.

### Probabilities:
- **P(A):** 0.1
- **P(B):** 0.8
- **P(C):** 0.1

These probabilities reflect the strong preference for Alternative B due to its high effectiveness, immediate availability, and significant cash incentive, while acknowledging that some individuals might still prefer waiting or opting out based on personal circumstances.",success
36,6,7,"When making a decision like this, it's important to consider various factors such as the waiting time, vaccine effectiveness, risk of side effects, cash incentives, and personal values. Here’s how I would break down the probabilities based on these factors:

1. **Vaccine Effectiveness**: Alternative B has a significantly higher effectiveness (95%) compared to Alternative A (50%). This is a critical factor in choosing a vaccine, as it directly impacts the protection against COVID-19.
2. **Waiting Time**: Alternative B offers immediate vaccination, which is highly beneficial for those who want to be protected as soon as possible. Alternative A has a 6-month waiting period, which could leave individuals vulnerable for a longer time.
3. **Risk of Side Effects**: Both alternatives have the same risk of side effects (10%), so this factor does not influence the decision between A and B.
4. **Cash Incentive**: While both alternatives offer cash incentives, Alternative B provides a higher incentive (200 RMB) compared to Alternative A (50 RMB).
5. **Vaccine Origin**: Some individuals may have preferences based on the origin of the vaccine. However, if the vaccines are equally safe and effective, this factor might be less significant.

Given these considerations, I would assign probabilities as follows:

- **P(A)**: 0.1 (Low probability due to lower effectiveness and longer waiting time)
- **P(B)**: 0.8 (High probability due to high effectiveness, no waiting time, and higher cash incentive)
- **P(C)**: 0.1 (Low probability as opting out leaves one unprotected against COVID-19)

These probabilities sum to 1, reflecting the relative attractiveness of each alternative based on the given criteria.",success
36,6,8,"When making a decision like this, it's important to consider multiple factors including health risks, personal values, and potential benefits. Here’s an analysis based on the provided alternatives:

- **Alternative A**: This option has a relatively low effectiveness (50%) and a long waiting time (6 months), but offers a small cash incentive (50 RMB). The risk of side effects is moderate (10%), and it uses a domestically produced vaccine, which might be preferred by those who trust local products.

- **Alternative B**: This option has the highest effectiveness (95%) and no waiting time, making it immediately available. It also offers a higher cash incentive (200 RMB) compared to Alternative A. The risk of side effects is the same as in Alternative A (10%), but the vaccine is imported, which might be a concern for some.

- **Alternative C**: Opting out of vaccination avoids any potential side effects but leaves you unprotected against COVID-19. This might not be advisable given the current global health situation and the availability of effective vaccines.

Given these considerations, here are the probabilities reflecting my preference:

P(A): 0.2
P(B): 0.7
P(C): 0.1

This distribution reflects a strong preference for Alternative B due to its high effectiveness, immediate availability, and higher cash incentive, while still considering the other options.",success
36,6,9,"When evaluating the choices for a COVID-19 vaccination, it's important to consider multiple factors including waiting time, vaccine effectiveness, risk of side effects, cash incentives, and personal values. Here’s how I would break down the decision:

### Alternative A:
- **Waiting Time:** 6 months (long wait)
- **Vaccine Effectiveness:** 50% (moderate protection)
- **Risk of Side Effects:** 10% (same as B)
- **Cash Incentive:** 50 RMB (low incentive)
- **Vaccine Origin:** Domestic

### Alternative B:
- **Waiting Time:** Walk-in (no wait)
- **Vaccine Effectiveness:** 95% (high protection)
- **Risk of Side Effects:** 10% (same as A)
- **Cash Incentive:** 200 RMB (high incentive)
- **Vaccine Origin:** Imported

### Alternative C:
- **Do not receive the vaccine (opt out)**
- **Waiting Time:** N/A
- **Vaccine Effectiveness:** 0% (no protection)
- **Risk of Side Effects:** 0% (no risk)
- **Cash Incentive:** 0 RMB
- **Vaccine Origin:** N/A

### Decision Criteria:
1. **Effectiveness and Protection:**
   - Alternative B offers the highest vaccine effectiveness at 95%, which is significantly better than the 50% offered by Alternative A.
   - Not receiving the vaccine (Alternative C) provides no protection, which could be a significant risk in the context of a pandemic.

2. **Waiting Time:**
   - Alternative B has no waiting time, which is a major advantage over the 6-month wait for Alternative A.

3. **Risk of Side Effects:**
   - Both Alternatives A and B have the same 10% risk of side effects, so this factor does not differentiate them.

4. **Cash Incentive:**
   - Alternative B offers a much higher cash incentive (200 RMB) compared to Alternative A (50 RMB).

5. **Personal Values:**
   - The choice between domestic and imported vaccines might depend on personal trust in the source of the vaccine. However, given the high effectiveness and immediate availability of Alternative B, this factor is less critical.

### Probabilities:
Given the above considerations, I would assign the following probabilities to each alternative:

- **P(A): 0.1**
  - This option has a long wait time and lower effectiveness, making it less attractive.
  
- **P(B): 0.8**
  - This option offers high effectiveness, no waiting time, and a significant cash incentive, making it the most appealing choice.

- **P(C): 0.1**
  - Opting out of vaccination is not recommended due to the lack of protection, but some individuals might prefer this for personal reasons.

These probabilities sum to 1, reflecting the relative attractiveness of each option based on the given criteria.",success
36,6,10,"To provide a probabilistic assessment of which option I would choose, we need to weigh the various factors such as waiting time, vaccine effectiveness, risk of side effects, cash incentive, and personal health beliefs. Given that these are subjective and can vary widely from person to person, I will provide a reasoned approach based on the information provided.

### Factors Considered:
1. **Waiting Time**: A 6-month wait (Alternative A) is significantly longer than a walk-in option (Alternative B), which could be a strong deterrent for many.
2. **Vaccine Effectiveness**: 95% effectiveness (Alternative B) is much higher than 50% (Alternative A), making it more appealing from a health perspective.
3. **Risk of Side Effects**: Both options have the same risk of side effects at 10%, so this factor does not influence the decision between A and B.
4. **Cash Incentive**: A 200 RMB incentive (Alternative B) is higher than 50 RMB (Alternative A), which could be a significant motivator for some individuals.
5. **Vaccine Origin**: The origin of the vaccine might influence trust, but without specific information about the safety and efficacy of domestic vs. imported vaccines, this factor is less critical.

### Probabilistic Assessment:
- **P(A)**: Given the long waiting time and lower effectiveness, Alternative A is less likely to be chosen. However, for some individuals who are more trusting of domestic products or have a strong preference for immediate cash incentives, it might still be an option.
  - P(A) = 0.1

- **P(B)**: The combination of high effectiveness, no waiting time, and a higher cash incentive makes Alternative B the most appealing option. It addresses both health and financial concerns effectively.
  - P(B) = 0.8

- **P(C)**: Opting out (Alternative C) might be chosen by individuals who are extremely risk-averse or have strong personal beliefs against vaccination. However, given the significant benefits of vaccination in terms of public health and the incentives provided, this is the least likely option.
  - P(C) = 0.1

### Final Probabilities:
- P(A): 0.1
- P(B): 0.8
- P(C): 0.1

These probabilities reflect a balanced consideration of all factors and are intended to represent a typical decision-making process based on the provided information.",success
37,7,1,"When making a decision about which vaccination option to choose, it's important to consider several factors including the effectiveness of the vaccine, the risk of side effects, the waiting time, and any incentives provided. Let's break down each alternative:

- **Alternative A:**
  - Vaccine effectiveness: 70%
  - Risk of side effects: 10%
  - Cash incentive: 200 RMB
  - Waiting time: 1 month

- **Alternative B:**
  - Vaccine effectiveness: 95%
  - Risk of side effects: 10%
  - Cash incentive: 800 RMB
  - Waiting time: 1 month

- **Alternative C:**
  - Do not receive the vaccine (opt out)

### Analysis:

1. **Effectiveness:**
   - Alternative A offers a 70% effectiveness, which is good but not as high as B.
   - Alternative B offers a 95% effectiveness, which is significantly higher and closer to the efficacy of leading vaccines.

2. **Risk of Side Effects:**
   - Both alternatives have a 10% risk of side effects, which is the same.

3. **Waiting Time:**
   - Both A and B have the same waiting time of 1 month.

4. **Cash Incentive:**
   - Alternative A offers 200 RMB.
   - Alternative B offers 800 RMB, which is a much larger incentive.

5. **Vaccine Origin:**
   - Both A and B are domestic vaccines, so there's no difference in terms of origin.

6. **Opting Out (C):**
   - Choosing not to receive the vaccine means you avoid any potential side effects but also forgo the protection against COVID-19.

### Decision:

Given the higher effectiveness and larger cash incentive of Alternative B, it is the most compelling option. However, personal values and risk tolerance can vary, so let's assign probabilities based on a balanced consideration:

- **P(A):** 0.2
  - This reflects some value in the smaller incentive and moderate effectiveness.
  
- **P(B):** 0.7
  - This is the most likely choice due to the high effectiveness and significant cash incentive.
  
- **P(C):** 0.1
  - This accounts for those who may prefer not to receive a vaccine at all.

### Final Probabilities:
- P(A): 0.2
- P(B): 0.7
- P(C): 0.1

These probabilities sum to 1, reflecting the relative likelihood of choosing each alternative based on the provided information.",success
37,7,2,"To provide a probabilistic choice, we need to consider the key factors for each alternative and how they might influence the decision. Here’s a breakdown of the considerations:

### Alternative A:
- **Waiting time**: 1 month (same as B)
- **Vaccine effectiveness**: 70% (lower than B)
- **Risk of side effects**: 10% (same as B)
- **Cash incentive**: 200 RMB (lower than B)
- **Vaccine origin**: Domestic (same as B)

### Alternative B:
- **Waiting time**: 1 month (same as A)
- **Vaccine effectiveness**: 95% (higher than A)
- **Risk of side effects**: 10% (same as A)
- **Cash incentive**: 800 RMB (higher than A)
- **Vaccine origin**: Domestic (same as A)

### Alternative C:
- **Do not receive the vaccine**: This option avoids all risks and benefits associated with vaccination.

Given these considerations, we can assign probabilities based on the relative importance of each factor. Here’s a possible distribution:

- **Effectiveness**: B is significantly more effective, which might be a strong motivator for many.
- **Cash Incentive**: B offers a much higher incentive, which could also be a significant factor.
- **Risk of Side Effects**: Both A and B have the same risk, so this doesn't differentiate them.
- **Waiting Time**: All options have the same waiting time, so this doesn't influence the decision.

### Probabilities:
- **P(A)**: 0.1 (Lower effectiveness and lower incentive make it less appealing)
- **P(B)**: 0.7 (Higher effectiveness and higher incentive make it more appealing)
- **P(C)**: 0.2 (Some might prefer to avoid the vaccine altogether)

Thus, the probabilities are:
- P(A): 0.1
- P(B): 0.7
- P(C): 0.2

These probabilities sum to 1 and reflect a preference for the more effective and incentivized option while acknowledging that some individuals might opt out of vaccination.",success
37,7,3,"To provide a probabilistic choice among the three alternatives, we need to consider factors such as vaccine effectiveness, risk of side effects, waiting time, and cash incentives. Here's a breakdown of how these factors might influence the decision:

1. **Vaccine Effectiveness**: Higher effectiveness is generally more desirable.
2. **Risk of Side Effects**: Both options A and B have the same risk of 10%, which is relatively low.
3. **Waiting Time**: Both options A and B require a waiting time of 1 month, which is the same.
4. **Cash Incentive**: Option B offers a significantly higher cash incentive (800 RMB) compared to option A (200 RMB).
5. **Vaccine Origin**: Both vaccines are domestic, so this factor is neutral.

Given these considerations:

- **Option A** has lower effectiveness but still provides some protection and a small financial incentive.
- **Option B** offers the highest effectiveness and the largest cash incentive, making it more appealing.
- **Option C** (not receiving the vaccine) leaves you without any protection against COVID-19 and no financial benefit.

Based on these factors, I would assign probabilities as follows:

- **P(A)**: 0.20
- **P(B)**: 0.70
- **P(C)**: 0.10

These probabilities reflect a higher likelihood of choosing the more effective and incentivized option (B), while still accounting for the possibility of choosing the less effective option (A) or opting out (C).",success
37,7,4,"When making a decision about which vaccination option to choose, we need to consider several factors including effectiveness, risk of side effects, waiting time, and cash incentives. Here’s a breakdown of the considerations for each alternative:

### Alternative A:
- **Vaccine Effectiveness:** 70% (moderate)
- **Risk of Side Effects:** 10% (low to moderate)
- **Cash Incentive:** 200 RMB (moderate)
- **Waiting Time:** 1 month (reasonable)

### Alternative B:
- **Vaccine Effectiveness:** 95% (high)
- **Risk of Side Effects:** 10% (low to moderate)
- **Cash Incentive:** 800 RMB (high)
- **Waiting Time:** 1 month (reasonable)

### Alternative C:
- **No Vaccine** (opting out)
- **Vaccine Effectiveness:** 0%
- **Risk of Side Effects:** 0% (but higher risk of contracting COVID-19)
- **Cash Incentive:** 0 RMB
- **Waiting Time:** N/A

### Decision-Making Process:
1. **Effectiveness and Risk of Side Effects:**
   - Alternative B offers the highest effectiveness at 95%, which is significantly better than the 70% offered by Alternative A.
   - Both alternatives have the same risk of side effects (10%), so this factor does not differentiate them.

2. **Cash Incentive:**
   - Alternative B also offers a much higher cash incentive of 800 RMB compared to 200 RMB for Alternative A.

3. **Waiting Time:**
   - Both alternatives have the same waiting time of 1 month, so this factor does not differentiate them.

4. **Opting Out (Alternative C):**
   - Opting out means no protection against COVID-19 and no cash incentive, which is generally less favorable unless there are strong personal or medical reasons to avoid vaccination.

### Probabilities:
Given the higher effectiveness and higher cash incentive of Alternative B, it is the most compelling option. However, some individuals might still prefer Alternative A due to its lower cost (in terms of the cash incentive) but still providing moderate protection. Opting out (Alternative C) is generally less favorable unless there are specific reasons to avoid vaccination.

### Final Probabilities:
- **P(A): 0.2** (20% chance)
- **P(B): 0.7** (70% chance)
- **P(C): 0.1** (10% chance)

These probabilities reflect a higher likelihood of choosing the more effective and incentivized option (B), with some consideration for the moderate protection and lower cost option (A), and a small probability of opting out (C).",success
37,7,5,"When making a decision about which vaccination option to choose, it's important to consider multiple factors such as effectiveness, risk of side effects, waiting time, and any additional incentives. Here’s a breakdown of the considerations for each alternative:

### Alternative A:
- **Waiting Time**: 1 month (same as B)
- **Vaccine Effectiveness**: 70% (lower than B)
- **Risk of Side Effects**: 10% (same as B)
- **Cash Incentive**: 200 RMB (lower than B)
- **Vaccine Origin**: Domestic

### Alternative B:
- **Waiting Time**: 1 month (same as A)
- **Vaccine Effectiveness**: 95% (higher than A)
- **Risk of Side Effects**: 10% (same as A)
- **Cash Incentive**: 800 RMB (higher than A)
- **Vaccine Origin**: Domestic

### Alternative C:
- **Do Not Receive the Vaccine**
- **No Waiting Time, No Effectiveness, No Risk of Side Effects, No Cash Incentive**

Given these factors, here’s a probabilistic approach to decision-making:

1. **Effectiveness and Risk of Side Effects**:
   - Both A and B have the same risk of side effects (10%).
   - B has significantly higher effectiveness (95% vs 70%).

2. **Cash Incentive**:
   - B offers a much higher cash incentive (800 RMB vs 200 RMB).

3. **Vaccine Origin**:
   - Both A and B are domestic, so this factor is neutral.

4. **Opting Out**:
   - Opting out means no protection against the virus, which could lead to higher health risks, especially if the virus is prevalent in the community.

### Probabilistic Assignment:
- **P(A)**: Given the lower effectiveness and smaller cash incentive, A is less attractive but still a viable option for those who might be more risk-averse or prefer a smaller immediate reward. Let's assign a probability of 0.1.
- **P(B)**: B offers the highest effectiveness and a substantial cash incentive, making it the most attractive option for maximizing both health protection and financial benefit. Let's assign a probability of 0.8.
- **P(C)**: Opting out is generally not recommended due to the lack of protection against the virus, which can have serious health implications. However, some individuals might choose this if they have strong personal or medical reasons. Let's assign a probability of 0.1.

### Final Probabilities:
- P(A): 0.1
- P(B): 0.8
- P(C): 0.1

These probabilities reflect the relative attractiveness of each option based on the provided factors.",success
37,7,6,"To provide a probabilistic response based on the given alternatives, we need to consider several factors such as vaccine effectiveness, risk of side effects, waiting time, and cash incentives. Here's a breakdown of how these factors might influence the decision:

1. **Vaccine Effectiveness**: Higher effectiveness is generally more desirable.
2. **Risk of Side Effects**: Both options A and B have the same risk (10%), so this factor doesn't differentiate them.
3. **Waiting Time**: All options have the same waiting time (1 month), so this factor also doesn't differentiate them.
4. **Cash Incentive**: Higher cash incentives can be a significant motivator for some individuals.
5. **Vaccine Origin**: Both vaccines are domestic, so origin is not a differentiating factor.

Given these considerations, we can assign probabilities based on the relative importance of effectiveness and cash incentive:

- **Alternative A**: Offers 70% effectiveness and a moderate cash incentive (200 RMB).
- **Alternative B**: Offers 95% effectiveness and a much higher cash incentive (800 RMB).
- **Alternative C**: Opting out means no protection, no side effects, and no incentives.

A reasonable approach is to assign higher probabilities to the alternatives that offer better protection and incentives:

- **P(A)**: 0.1
- **P(B)**: 0.7
- **P(C)**: 0.2

These probabilities reflect a preference for the more effective vaccine with a significant cash incentive (Alternative B), while still considering the less effective but still beneficial option (Alternative A) and the choice to opt out (Alternative C).

Thus, the final answer is:
P(A): 0.1
P(B): 0.7
P(C): 0.2",success
37,7,7,"To provide a probabilistic choice, we need to consider various factors such as personal health priorities, financial incentives, and the importance of vaccine effectiveness. Here’s a breakdown of how these factors might influence the decision:

1. **Vaccine Effectiveness**:
   - Alternative B has significantly higher effectiveness (95%) compared to Alternative A (70%). This is a strong factor for many people who prioritize protection against the virus.

2. **Risk of Side Effects**:
   - Both alternatives have the same risk of side effects (10%), which means this factor does not differentiate between them.

3. **Cash Incentive**:
   - Alternative B offers a much higher cash incentive (800 RMB) compared to Alternative A (200 RMB). Financial incentives can be a significant motivator for some individuals.

4. **Vaccine Origin**:
   - Both alternatives are from domestic sources, so this factor is neutral in the decision-making process.

5. **Waiting Time**:
   - Both alternatives have the same waiting time of 1 month, which does not differentiate between them.

Given these considerations, we can assign probabilities based on the relative importance of vaccine effectiveness and financial incentives:

- **Alternative A**: This option might be chosen by individuals who value a moderate level of protection and are less motivated by higher cash incentives. However, given the lower effectiveness, it is less likely to be the preferred choice.
- **Alternative B**: This option offers high effectiveness and a significant financial incentive, making it highly attractive for many people.
- **Alternative C**: Opting out might be chosen by individuals who have strong concerns about vaccines or prefer natural immunity. However, this leaves them unprotected against the virus.

Based on these factors, here is a probabilistic distribution:

P(A): 0.15
P(B): 0.70
P(C): 0.15

These probabilities sum to 1 and reflect the higher likelihood of choosing Alternative B due to its superior effectiveness and financial incentive.",success
37,7,8,"When making a decision like this, it's important to weigh the benefits and risks associated with each option. Here’s a breakdown of how one might consider these factors:

1. **Vaccine Effectiveness**: Alternative B has significantly higher effectiveness (95%) compared to Alternative A (70%). This is a crucial factor in reducing the risk of contracting COVID-19.

2. **Risk of Side Effects**: Both alternatives have the same risk of side effects (10%), so this factor does not differentiate between them.

3. **Cash Incentive**: Alternative B also offers a higher cash incentive (800 RMB) compared to Alternative A (200 RMB). This could be an additional benefit for those who value financial compensation.

4. **Vaccine Origin**: Both vaccines are domestic, so there is no difference in terms of origin.

5. **Waiting Time**: The waiting time is the same for both alternatives (1 month), so this does not influence the decision between A and B.

6. **Opting Out**: Choosing to opt out (Alternative C) means no protection against COVID-19, which could lead to a higher risk of infection and its associated complications. This option also offers no financial benefit.

Given these considerations, Alternative B seems to offer the best combination of high effectiveness and financial incentive, with no additional risks compared to Alternative A.

Therefore, my probabilities for each alternative would be:

P(A): 0.1
P(B): 0.8
P(C): 0.1

These probabilities reflect a strong preference for Alternative B due to its higher effectiveness and cash incentive, while still considering the other options.",success
37,7,9,"To provide a probabilistic choice among the alternatives, we need to consider the key factors such as vaccine effectiveness, risk of side effects, waiting time, and cash incentive. Given that all options have the same waiting time and risk of side effects, the primary differentiators are vaccine effectiveness and the cash incentive.

Here’s how I would break it down:

1. **Vaccine Effectiveness**: Higher effectiveness is generally more desirable as it offers better protection against COVID-19.
2. **Cash Incentive**: A higher cash incentive can be a significant motivator, especially if financial considerations are important.
3. **Risk of Side Effects**: Since the risk is the same for both vaccinated options, this factor does not influence the decision between A and B.

Given these factors:

- **Alternative A** has lower effectiveness (70%) but offers a smaller cash incentive (200 RMB).
- **Alternative B** has higher effectiveness (95%) and offers a much larger cash incentive (800 RMB).
- **Alternative C** involves opting out, which means no protection from the vaccine and no financial benefit.

Based on these considerations, I would assign probabilities as follows:

- **P(A)**: 0.1 (Lower effectiveness and smaller incentive make this less likely to be chosen)
- **P(B)**: 0.8 (Higher effectiveness and larger incentive make this the most attractive option)
- **P(C)**: 0.1 (Opting out is generally less desirable, but some might prefer it for personal reasons)

Thus, the probabilities are:

P(A): 0.1
P(B): 0.8
P(C): 0.1",success
37,7,10,"To provide a probabilistic response, we need to consider the values and risks associated with each option. Here's a breakdown of the considerations:

- **Effectiveness**: A higher effectiveness rate is generally more desirable as it provides better protection against COVID-19.
- **Risk of Side Effects**: Both options A and B have the same risk of side effects, which simplifies this consideration.
- **Cash Incentive**: The cash incentive can be a significant factor for some individuals, especially if financial considerations are important.
- **Vaccine Origin**: Since both vaccines are domestic, there is no preference based on origin.

Given these factors:

- **Alternative A** offers moderate effectiveness and a small cash incentive. It might be chosen by someone who values immediate protection over higher effectiveness or additional incentives.
- **Alternative B** offers the highest effectiveness and a significant cash incentive. This option would likely appeal to those who prioritize long-term health benefits and financial rewards.
- **Alternative C** (opting out) involves no waiting, side effects, or incentives but also provides no protection against COVID-19. This might be chosen by individuals who are highly risk-averse or have strong personal reasons for not getting vaccinated.

Based on these considerations, a reasonable distribution of probabilities might be:

- **P(A): 0.2** (20% chance)
- **P(B): 0.7** (70% chance)
- **P(C): 0.1** (10% chance)

This distribution reflects a higher likelihood of choosing the option with the highest effectiveness and incentive (B), while still accounting for the possibility of choosing the other options based on individual preferences or circumstances.",success
38,7,1,"When making a decision about COVID-19 vaccination, it's important to consider various factors such as the waiting time, vaccine effectiveness, risk of side effects, cash incentives, and personal beliefs or preferences. Given the options provided:

### Alternative A:
- **Waiting time**: Walk-in (no wait) - This is highly convenient.
- **Vaccine effectiveness**: 95% - Very high, which is good for protection.
- **Risk of side effects**: 10% - Moderate risk, but generally manageable.
- **Cash incentive**: 50 RMB - A small but tangible benefit.
- **Vaccine origin**: Domestic - May be preferred by those who trust domestic products.

### Alternative B:
- **Waiting time**: 1 month - This is a significant delay, which could increase the risk of infection during the waiting period.
- **Vaccine effectiveness**: 95% - Same as Alternative A, providing strong protection.
- **Risk of side effects**: 10% - Same as Alternative A.
- **Cash incentive**: 50 RMB - Same as Alternative A.
- **Vaccine origin**: Imported - May be preferred by those who trust international standards.

### Alternative C:
- **Do not receive the vaccine (opt out)**: This option carries the highest risk of infection and its associated health complications. It also means foregoing the cash incentive.

Given these considerations, I would assign probabilities as follows:

- **P(A): 0.6** - High probability due to the immediate availability, high effectiveness, and small cash incentive.
- **P(B): 0.3** - Moderate probability, but the waiting time is a significant drawback.
- **P(C): 0.1** - Low probability because opting out leaves one unprotected and without any benefits.

These probabilities sum to 1, reflecting the relative attractiveness of each option based on the given criteria.",success
38,7,2,"When making a decision about which vaccination option to choose, several factors come into play, including waiting time, vaccine effectiveness, risk of side effects, cash incentives, and the origin of the vaccine. Given that Alternatives A and B have identical vaccine effectiveness, risk of side effects, and cash incentives, the primary differentiators are the waiting time and the origin of the vaccine.

Here’s a breakdown of how these factors might influence the decision:

1. **Waiting Time**: Alternative A offers an immediate vaccination with no wait, which is highly desirable for those who want to get vaccinated as soon as possible.
2. **Vaccine Origin**: Some individuals may prefer imported vaccines due to perceived higher quality or reliability, while others may have a preference for domestic products.
3. **Risk and Effectiveness**: Both alternatives offer the same effectiveness and risk of side effects, making these factors neutral in this decision.
4. **Cash Incentive**: The cash incentive is the same for both options, so it doesn’t affect the choice between A and B.

Given these considerations, I would assign probabilities based on the following reasoning:

- **Alternative A (Walk-in, Domestic)**: This option is attractive due to the immediate availability, which can be crucial in a pandemic. The domestic origin might also appeal to those who trust local products. However, some individuals might still prefer imported vaccines.
- **Alternative B (1-month wait, Imported)**: This option might be preferred by those who are willing to wait for an imported vaccine, possibly due to higher perceived quality or personal preference.
- **Alternative C (Do not receive the vaccine)**: Opting out of vaccination is a significant decision that should be made with careful consideration of the risks and benefits. Given the high effectiveness and manageable side effect risk, this option might be less favorable for most people.

Based on these considerations, I would assign the following probabilities:

- **P(A): 0.6** (Immediate availability and domestic origin are strong positives)
- **P(B): 0.3** (Waiting time is a drawback, but some may prefer imported vaccines)
- **P(C): 0.1** (Opting out is less favorable given the benefits of vaccination)

These probabilities sum to 1 and reflect a balanced consideration of the factors involved.",success
38,7,3,"To provide a probabilistic choice among the alternatives, I will consider factors such as waiting time, vaccine effectiveness, risk of side effects, cash incentive, and personal health considerations. Given that all options have the same vaccine effectiveness and risk of side effects, the primary differentiators are the waiting time and whether to receive a domestic or imported vaccine.

### Factors Considered:
1. **Waiting Time**: Immediate availability is generally more desirable.
2. **Vaccine Origin**: Trust in domestic vs. imported vaccines can vary based on personal beliefs and historical data.
3. **Cash Incentive**: A 50 RMB incentive is the same for both vaccinated options, so it does not affect the decision between A and B but adds value over C.

### Probabilities:
- **P(A)**: Immediate availability and a cash incentive make this option very attractive.
- **P(B)**: Waiting one month might be a significant deterrent, but some people might prefer an imported vaccine due to trust issues.
- **P(C)**: Opting out of vaccination is the least favorable given the high effectiveness and relatively low risk of side effects.

### Personal Weights:
- Immediate availability (A) is highly valued.
- Trust in domestic vaccines (A) over imported ones (B) is moderately higher.
- The cash incentive is a minor factor but adds value to both A and B.
- Opting out (C) is the least favorable due to the benefits of vaccination.

### Assigned Probabilities:
- **P(A)**: 0.6
- **P(B)**: 0.3
- **P(C)**: 0.1

These probabilities reflect a preference for immediate vaccination with a domestic vaccine, while still considering the option of waiting for an imported vaccine and recognizing that some individuals might choose to opt out entirely.

Thus, the final probabilities are:
- P(A): 0.6
- P(B): 0.3
- P(C): 0.1",success
38,7,4,"When making a decision about which vaccination option to choose, it's important to consider several factors including the waiting time, vaccine effectiveness, risk of side effects, cash incentive, and personal beliefs or concerns regarding the origin of the vaccine. Given that Alternatives A and B have identical vaccine effectiveness, risk of side effects, and cash incentives, the primary differentiating factor is the waiting time and possibly the origin of the vaccine.

Here's a breakdown of how these factors might influence the probabilities:

1. **Waiting Time**: Alternative A offers immediate vaccination, which could be very appealing given the ongoing risks associated with not being vaccinated during a pandemic.
2. **Vaccine Origin**: Some individuals may have preferences or concerns about domestic versus imported vaccines, but without specific information suggesting one is safer or more effective than the other, this factor might be less significant.
3. **Risk of Side Effects and Effectiveness**: Both Alternatives A and B offer the same risk and effectiveness, making them equally attractive in terms of health outcomes.
4. **Cash Incentive**: This is an additional benefit that is identical for both vaccine options.

Given these considerations, I would assign the probabilities as follows:

- **P(A)**: 0.6 (High probability due to immediate availability and all other factors being equal)
- **P(B)**: 0.3 (Moderate probability, mainly because of the one-month wait time)
- **P(C)**: 0.1 (Low probability, as opting out leaves one unprotected against a potentially serious disease)

These probabilities sum to 1 and reflect a preference for immediate vaccination while acknowledging that some individuals might prefer waiting for an imported vaccine or might choose not to be vaccinated at all.",success
38,7,5,"To address this question, I'll provide a reasoned approach based on the given criteria. The decision involves weighing the immediacy of vaccination (waiting time), perceived quality or preference for vaccine origin (domestic vs. imported), and personal health considerations (risk of side effects). Since all options have the same effectiveness and cash incentive, these factors are less impactful in this scenario.

1. **Alternative A** offers immediate vaccination with a domestic vaccine. The immediacy is a significant advantage as it provides protection against COVID-19 without delay. For many, the benefit of being vaccinated right away can outweigh concerns about side effects or origin.

2. **Alternative B** involves a one-month wait for an imported vaccine. Some individuals might prefer this option if they have a strong preference for vaccines from specific countries due to perceived higher quality or trust in regulatory standards. However, waiting a month could be a significant drawback, especially if there is a risk of exposure to the virus during that time.

3. **Alternative C** (opting out) carries no immediate health risks but leaves one unprotected against COVID-19, which can have severe consequences, especially with new variants emerging. This option might be chosen by those who are extremely risk-averse regarding side effects or do not believe in the necessity of vaccination.

Given these considerations, here’s a probabilistic distribution reflecting the likelihood of choosing each alternative:

- **P(A): 0.5** - Immediate protection is highly valuable, and the domestic vaccine might be preferred for convenience and familiarity.
- **P(B): 0.3** - Some individuals might wait for an imported vaccine if they have a strong preference for it.
- **P(C): 0.2** - Opting out is less likely but still a choice for those who are very cautious about side effects or do not see the immediate need for vaccination.

These probabilities sum to 1 and reflect a balanced consideration of all factors.",success
38,7,6,"In making a decision about which vaccination choice to select, we need to consider several factors including waiting time, vaccine effectiveness, risk of side effects, cash incentives, and the origin of the vaccine. Here’s how I would weigh these factors:

1. **Waiting Time**: Immediate availability (Alternative A) is highly favorable as it reduces the risk of contracting the virus while waiting for a vaccination slot.
2. **Vaccine Effectiveness**: Both Alternatives A and B offer the same high effectiveness rate of 95%, which is crucial for protection against COVID-19.
3. **Risk of Side Effects**: The risk is identical (10%) for both vaccine options, indicating no significant difference in safety profiles.
4. **Cash Incentive**: Both Alternatives A and B offer the same cash incentive of 50 RMB, which can be a minor factor but does not significantly influence the decision given the other factors are more critical.
5. **Vaccine Origin**: Domestic vs. imported vaccines might have different perceptions regarding trust and reliability. However, if both meet similar safety and efficacy standards, this should not be a major deciding factor.

Given these considerations, I would assign probabilities as follows:

- **P(A)**: 0.6 (High probability due to immediate availability)
- **P(B)**: 0.3 (Moderate probability, but delayed by one month)
- **P(C)**: 0.1 (Low probability, given the high effectiveness of both vaccines and the potential risks of not being vaccinated)

These probabilities reflect a strong preference for getting vaccinated as soon as possible with an effective vaccine, while still considering the options available over time. The low probability assigned to opting out reflects the significant benefits of vaccination in protecting against COVID-19.",success
38,7,7,"When making a decision regarding COVID-19 vaccination, it's important to consider various factors such as waiting time, vaccine effectiveness, risk of side effects, incentives, and personal beliefs or concerns. Here’s how I would evaluate the given alternatives:

### Alternative A:
- **Waiting Time:** Immediate (no wait)
- **Vaccine Effectiveness:** 95%
- **Risk of Side Effects:** 10%
- **Cash Incentive:** 50 RMB
- **Vaccine Origin:** Domestic

**Pros:**
- No waiting time, which is a significant advantage.
- High vaccine effectiveness (95%).
- Cash incentive (50 RMB) can be a motivator.
- Vaccine is domestically produced, which might be preferred for those who trust domestic products.

**Cons:**
- 10% risk of side effects, which is relatively high but manageable.

### Alternative B:
- **Waiting Time:** 1 month
- **Vaccine Effectiveness:** 95%
- **Risk of Side Effects:** 10%
- **Cash Incentive:** 50 RMB
- **Vaccine Origin:** Imported

**Pros:**
- High vaccine effectiveness (95%).
- Cash incentive (50 RMB) can be a motivator.
- Vaccine is imported, which might be preferred for those who trust international standards.

**Cons:**
- 1-month waiting time, which could be a significant delay in protection.
- 10% risk of side effects, which is relatively high but manageable.

### Alternative C:
- **Do not receive the vaccine (opt out)**

**Pros:**
- No immediate risks associated with vaccination.
- No need to wait or deal with any potential side effects.

**Cons:**
- No protection against COVID-19, which could lead to health risks and societal restrictions.
- Missing out on the cash incentive (50 RMB).

### Decision:
Given the factors, I would assign probabilities based on the balance of pros and cons for each alternative:

- **P(A): 0.6** - Immediate vaccination with a high effectiveness rate and a cash incentive makes this option very attractive, despite the 10% risk of side effects.
- **P(B): 0.3** - While the vaccine is imported and has the same effectiveness and risk profile as Alternative A, the 1-month waiting time significantly reduces its appeal.
- **P(C): 0.1** - Opting out has significant health risks and no benefits, making it the least desirable option.

These probabilities sum to 1 and reflect a balanced consideration of all factors.",success
38,7,8,"When evaluating the options for COVID-19 vaccination, it's important to consider several factors including waiting time, vaccine effectiveness, risk of side effects, cash incentives, and personal beliefs or concerns about vaccine origin. Here’s a breakdown of each option:

- **Alternative A**: Offers immediate access to a highly effective vaccine with a moderate risk of side effects, a small cash incentive, and is domestically produced.
- **Alternative B**: Requires a longer waiting period but offers the same effectiveness and side effect profile as Alternative A, along with the same cash incentive. The primary difference is that it is an imported vaccine.
- **Alternative C**: Choosing not to get vaccinated avoids all immediate risks associated with vaccination but leaves you unprotected against COVID-19, which could lead to more severe health outcomes if exposed to the virus.

Given these considerations, here’s a probabilistic assessment of each option:

- **P(A)**: 0.5
  - Immediate access is highly valuable in terms of convenience and protection.
  - The effectiveness and side effect profile are favorable.
  - The domestic origin might be preferred for those who trust local production.

- **P(B)**: 0.3
  - While the vaccine is equally effective, the one-month wait can be a significant deterrent.
  - Some individuals might prefer imported vaccines due to perceived higher quality or different manufacturing standards.
  - The cash incentive remains the same, which doesn’t significantly tip the scales.

- **P(C)**: 0.2
  - Opting out of vaccination is the least favorable option in terms of health protection.
  - However, some individuals might have strong personal reasons for not getting vaccinated (e.g., medical conditions, philosophical objections).

These probabilities reflect a balanced consideration of the factors involved and assume that the primary goal is to maximize health benefits while considering practical and personal preferences. The sum of these probabilities is 1, representing a complete distribution of choices.",success
38,7,9,"When making a decision regarding COVID-19 vaccination, it's important to consider various factors such as the waiting time, vaccine effectiveness, risk of side effects, cash incentives, and the origin of the vaccine. Here’s how I would evaluate each alternative:

### Alternative A:
- **Waiting time:** Walk-in (no wait) - This is a significant advantage as it means immediate access to the vaccine.
- **Vaccine effectiveness:** 95% - High effectiveness, which is desirable.
- **Risk of side effects:** 10% - This is a moderate risk, but generally acceptable given the high effectiveness.
- **Cash incentive:** 50 RMB - An additional incentive that can be beneficial.
- **Vaccine origin:** Domestic - May be preferred by those who trust domestic products.

### Alternative B:
- **Waiting time:** 1 month - This is a significant delay, which could increase the risk of contracting COVID-19 during the waiting period.
- **Vaccine effectiveness:** 95% - Same high effectiveness as Alternative A.
- **Risk of side effects:** 10% - Same moderate risk as Alternative A.
- **Cash incentive:** 50 RMB - Same incentive as Alternative A.
- **Vaccine origin:** Imported - May be preferred by those who trust imported products, but the waiting time is a major drawback.

### Alternative C:
- **Do not receive the vaccine (opt out):**
- **Waiting time:** Not applicable
- **Vaccine effectiveness:** 0% - No protection against COVID-19.
- **Risk of side effects:** 0% - No risk of side effects, but no protection either.
- **Cash incentive:** None
- **Vaccine origin:** N/A

### Decision Analysis:
- **Alternative A** is the most immediate and provides all the benefits with minimal drawbacks. The cash incentive adds an additional positive factor.
- **Alternative B** has the same effectiveness and side effect risk as Alternative A, but the one-month waiting time is a significant drawback.
- **Alternative C** offers no protection against COVID-19, which is a major disadvantage.

### Probabilities:
Given the analysis, I would assign probabilities based on the immediate benefits and risks:

- **P(A): 0.7**
- **P(B): 0.2**
- **P(C): 0.1**

These probabilities reflect the higher likelihood of choosing Alternative A due to its immediate availability and overall benefits, while still considering the other options.",success
38,7,10,"In making a decision about which vaccination choice to select, I'll consider the key factors provided for each option. Here's how I break it down:

- **Alternative A**: This option offers immediate access to a vaccine with high effectiveness (95%) and a moderate risk of side effects (10%), along with a cash incentive. The primary advantage is the lack of waiting time, which means protection against COVID-19 can be achieved sooner.

- **Alternative B**: Similar to Alternative A in terms of vaccine effectiveness and risk of side effects, but it requires a one-month wait. This delay could increase the risk of contracting the virus during that period, which might be significant depending on the prevalence of the virus at the time. The cash incentive is the same as in Alternative A.

- **Alternative C**: Opting out of vaccination means no immediate protection against COVID-19. While there are no side effects or waiting times, this option leaves one vulnerable to the virus and its potential health impacts.

Given these considerations, my probabilities for choosing each alternative would be:

P(A): 0.6
- This reflects a strong preference for getting vaccinated immediately to avoid any delay in protection.

P(B): 0.3
- This accounts for some individuals who might prefer an imported vaccine due to perceived quality or safety concerns, despite the waiting time.

P(C): 0.1
- This is for those who are particularly risk-averse regarding side effects or have other personal reasons to avoid vaccination at this time.

These probabilities sum to 1, reflecting a distribution of choices based on the provided information and typical considerations that might influence such a decision.",success
39,7,1,"To provide a probabilistic choice among the alternatives, I'll consider factors such as waiting time, vaccine effectiveness, risk of side effects, cash incentive, and vaccine origin. Here’s a breakdown of how these factors might influence the decision:

1. **Waiting Time**: Shorter waiting times are generally preferred.
2. **Vaccine Effectiveness**: Higher effectiveness is more desirable for better protection against COVID-19.
3. **Risk of Side Effects**: Lower risk of side effects is preferable to minimize health concerns.
4. **Cash Incentive**: A higher cash incentive might be attractive, especially if it can offset the inconvenience or perceived risks of vaccination.
5. **Vaccine Origin**: The origin (imported vs. domestic) might influence trust and preference based on personal or cultural factors.

Given these considerations:

- **Alternative A** offers a high effectiveness rate with minimal side effects but requires a longer waiting time and provides a smaller cash incentive.
- **Alternative B** has a shorter waiting time and a substantial cash incentive, but it is less effective and has a higher risk of side effects.
- **Alternative C** involves opting out, which means no protection against the virus, no waiting time, no side effects, and no financial incentive.

Based on these factors, here’s a probabilistic distribution:

- **P(A)**: 0.4 (High effectiveness and low side effects are significant positives, but the long wait and small cash incentive are negatives.)
- **P(B)**: 0.35 (Short wait and high cash incentive are strong positives, but lower effectiveness and higher side effects are significant negatives.)
- **P(C)**: 0.25 (Opting out is a simpler choice with no immediate risks or benefits, which might be preferred by some who are uncertain or hesitant about vaccination.)

These probabilities reflect a balanced consideration of the factors involved, with a slight preference for Alternative A due to its high effectiveness and low risk of side effects.",success
39,7,2,"When evaluating the three alternatives for COVID-19 vaccination, we need to consider several factors including waiting time, vaccine effectiveness, risk of side effects, cash incentive, and personal values. Here’s a breakdown of each alternative:

### Alternative A:
- **Waiting Time:** 6 months (long wait)
- **Vaccine Effectiveness:** 95% (highly effective)
- **Risk of Side Effects:** 0.1% (very low risk)
- **Cash Incentive:** 50 RMB (moderate incentive)
- **Vaccine Origin:** Imported (may have higher trust in quality)

### Alternative B:
- **Waiting Time:** 1 month (short wait)
- **Vaccine Effectiveness:** 70% (moderately effective)
- **Risk of Side Effects:** 10% (higher risk)
- **Cash Incentive:** 800 RMB (high incentive)
- **Vaccine Origin:** Domestic (may have lower trust in quality)

### Alternative C:
- **Do not receive the vaccine (opt out)**
- **Waiting Time:** N/A
- **Vaccine Effectiveness:** 0% (no protection)
- **Risk of Side Effects:** 0% (no risk from the vaccine, but higher risk from the disease)
- **Cash Incentive:** 0 RMB
- **Vaccine Origin:** N/A

### Decision Analysis:
1. **Waiting Time:** A shorter waiting time is generally preferred to gain protection sooner.
2. **Vaccine Effectiveness:** Higher effectiveness provides better protection against the virus.
3. **Risk of Side Effects:** Lower risk of side effects is preferred for safety.
4. **Cash Incentive:** A higher cash incentive can be a significant factor, especially if it helps with other financial needs.
5. **Personal Values and Trust:** Personal values regarding vaccine origin and trust in domestic vs. imported vaccines also play a role.

### Probabilities:
Given the factors above, here is a probabilistic distribution of choices:

- **P(A):** 0.3 (Alternative A offers high effectiveness and low risk but has a long wait time)
- **P(B):** 0.4 (Alternative B provides quick protection with a significant cash incentive, despite higher side effects)
- **P(C):** 0.3 (Opting out might be chosen by those who are very risk-averse or have strong personal reasons against vaccination)

These probabilities reflect a balanced consideration of the trade-offs involved in each alternative. The total probability sums to 1, indicating a complete distribution of choices.

### Final Answer:
P(A): 0.3
P(B): 0.4
P(C): 0.3",success
39,7,3,"When evaluating the alternatives for COVID-19 vaccination, it's important to consider multiple factors such as waiting time, vaccine effectiveness, risk of side effects, cash incentives, and personal values. Here’s a breakdown of how each factor might influence the decision:

### Alternative A:
- **Waiting Time:** 6 months (long wait)
- **Vaccine Effectiveness:** 95% (highly effective)
- **Risk of Side Effects:** 0.1% (very low risk)
- **Cash Incentive:** 50 RMB (low incentive)
- **Vaccine Origin:** Imported

### Alternative B:
- **Waiting Time:** 1 month (short wait)
- **Vaccine Effectiveness:** 70% (moderately effective)
- **Risk of Side Effects:** 10% (higher risk)
- **Cash Incentive:** 800 RMB (high incentive)
- **Vaccine Origin:** Domestic

### Alternative C:
- **Do not receive the vaccine (opt out)**
- No waiting time, no effectiveness, no side effects, no cash incentive

### Decision Criteria:
1. **Health and Safety:**
   - Vaccine effectiveness is crucial for protection against COVID-19.
   - The risk of side effects should be minimized to ensure safety.

2. **Convenience:**
   - Shorter waiting times are more convenient.

3. **Financial Incentives:**
   - Cash incentives can be a motivating factor, especially if they are significant.

4. **Personal Values:**
   - Some may prefer imported vaccines due to perceived higher quality or reliability.
   - Others might prefer domestic vaccines for national pride or support of local industries.

### Probabilistic Decision:
Given the factors above, I would assign probabilities based on a weighted consideration of health and safety, convenience, financial incentives, and personal values. Here’s a possible distribution:

- **P(A): 0.4** (High effectiveness and low risk of side effects are significant, but the long wait and lower incentive might be a deterrent.)
- **P(B): 0.35** (Short waiting time and high cash incentive are attractive, despite moderate effectiveness and higher risk of side effects.)
- **P(C): 0.25** (Opting out is a valid choice for those who are risk-averse or have concerns about vaccines.)

These probabilities reflect a balanced consideration of the pros and cons of each alternative, with a slight preference for the highly effective and safe option (A) over the more convenient but less effective option (B), and acknowledging that some might choose to opt out entirely (C).",success
39,7,4,"When making a decision about which COVID-19 vaccination choice to select, it's important to consider the trade-offs between waiting time, vaccine effectiveness, risk of side effects, cash incentives, and personal values. Here’s how I would evaluate each alternative:

### Alternative A:
- **Waiting Time:** 6 months (long wait)
- **Vaccine Effectiveness:** 95% (high effectiveness)
- **Risk of Side Effects:** 0.1% (very low risk)
- **Cash Incentive:** 50 RMB (low incentive)
- **Vaccine Origin:** Imported

### Alternative B:
- **Waiting Time:** 1 month (short wait)
- **Vaccine Effectiveness:** 70% (moderate effectiveness)
- **Risk of Side Effects:** 10% (moderate risk)
- **Cash Incentive:** 800 RMB (high incentive)
- **Vaccine Origin:** Domestic

### Alternative C:
- **Do not receive the vaccine (opt out)**

### Decision Analysis:

1. **Waiting Time:**
   - A long wait time might be a significant inconvenience, especially if there is an immediate risk of infection.
   - A short wait time is more convenient and reduces the period of vulnerability.

2. **Vaccine Effectiveness:**
   - Higher effectiveness (95%) provides better protection against the virus.
   - Moderate effectiveness (70%) still offers some protection but is less robust.

3. **Risk of Side Effects:**
   - A very low risk of side effects (0.1%) is preferable for most people.
   - A moderate risk of side effects (10%) might be concerning, especially for those with pre-existing conditions or a lower tolerance for side effects.

4. **Cash Incentive:**
   - A higher cash incentive (800 RMB) could be very appealing, especially if financial considerations are important.
   - A lower cash incentive (50 RMB) might not be as motivating.

5. **Vaccine Origin:**
   - Imported vaccines might be perceived as more reliable or of higher quality by some individuals.
   - Domestic vaccines might have the advantage of being more readily available and potentially better suited to local conditions.

### Probabilities:
Given these considerations, I would assign probabilities based on a balanced approach that weighs all factors:

- **P(A):** 0.3 (Waiting for a highly effective vaccine with low risk of side effects is valuable, but the long wait time is a significant drawback.)
- **P(B):** 0.5 (A shorter wait time and higher cash incentive make this option more attractive, despite lower effectiveness and higher risk of side effects.)
- **P(C):** 0.2 (Opting out might be chosen by those who are highly risk-averse or have strong personal beliefs against vaccination.)

### Final Answer:
- P(A): 0.3
- P(B): 0.5
- P(C): 0.2

These probabilities sum to 1, reflecting a balanced consideration of all factors.",success
39,7,5,"When making a decision about which COVID-19 vaccination alternative to choose, it's important to weigh the various factors such as waiting time, vaccine effectiveness, risk of side effects, cash incentive, and vaccine origin. Here’s how I would evaluate each option:

### Alternative A:
- **Waiting Time:** 6 months (long wait)
- **Vaccine Effectiveness:** 95% (very high)
- **Risk of Side Effects:** 0.1% (very low)
- **Cash Incentive:** 50 RMB (low incentive)
- **Vaccine Origin:** Imported (may be perceived as more reliable)

### Alternative B:
- **Waiting Time:** 1 month (short wait)
- **Vaccine Effectiveness:** 70% (moderate)
- **Risk of Side Effects:** 10% (higher risk)
- **Cash Incentive:** 800 RMB (high incentive)
- **Vaccine Origin:** Domestic (may be perceived as less reliable)

### Alternative C:
- **Do not receive the vaccine (opt out)**
- **No waiting time, no effectiveness, no side effects, no cash incentive**

Given these factors, I would assign probabilities based on a balance of risk and benefit:

1. **Alternative A:**
   - High effectiveness and low risk of side effects are strong positives.
   - Long waiting time is a significant negative.
   - Low cash incentive is not a major factor.
   - Imported origin may be seen as more reliable.

2. **Alternative B:**
   - Short waiting time is a significant positive.
   - Moderate effectiveness and higher risk of side effects are negatives.
   - High cash incentive is a strong positive.
   - Domestic origin may be perceived as less reliable.

3. **Alternative C:**
   - No immediate risks or benefits from vaccination.
   - Opting out means no protection against the virus, which could lead to health risks and societal impacts.

### Probabilities:
- **P(A):** 0.4 (High effectiveness and low side effects outweigh long wait and low incentive)
- **P(B):** 0.3 (Short wait and high incentive balance moderate effectiveness and higher side effects)
- **P(C):** 0.3 (Opting out is a significant choice but carries health risks)

These probabilities reflect a balanced consideration of the factors involved, with a slight preference for Alternative A due to its high effectiveness and low risk of side effects, despite the longer waiting time.",success
39,7,6,"When evaluating the choices for a COVID-19 vaccination, it's important to consider various factors such as waiting time, vaccine effectiveness, risk of side effects, cash incentives, and personal values. Here’s how I would break down the probabilities based on these factors:

### Alternative A:
- **Waiting time:** 6 months (long wait)
- **Vaccine effectiveness:** 95% (very high)
- **Risk of side effects:** 0.1% (very low)
- **Cash incentive:** 50 RMB (low)
- **Vaccine origin:** Imported

### Alternative B:
- **Waiting time:** 1 month (short wait)
- **Vaccine effectiveness:** 70% (moderate)
- **Risk of side effects:** 10% (higher)
- **Cash incentive:** 800 RMB (high)
- **Vaccine origin:** Domestic

### Alternative C:
- **Do not receive the vaccine (opt out)**

### Analysis:
1. **Waiting Time:**
   - A long wait (6 months) can be a significant deterrent, especially if there is an immediate risk of infection.
   - A short wait (1 month) is more appealing and reduces the time of vulnerability.

2. **Vaccine Effectiveness:**
   - 95% effectiveness is highly desirable as it provides strong protection.
   - 70% effectiveness still offers good protection but is less robust compared to 95%.

3. **Risk of Side Effects:**
   - A very low risk (0.1%) is ideal and reduces concerns about side effects.
   - A higher risk (10%) might be a significant concern for some individuals.

4. **Cash Incentive:**
   - A small incentive (50 RMB) might not be motivating enough.
   - A larger incentive (800 RMB) could be more attractive, especially if financial considerations are important.

5. **Vaccine Origin:**
   - The origin of the vaccine might influence trust and preference, but this is highly individual.

### Probabilities:
- **P(A):** Alternative A offers high effectiveness and low risk of side effects but has a long waiting time and a small incentive. This makes it less appealing.
- **P(B):** Alternative B provides a short wait and a significant financial incentive, which are strong positive factors. However, the lower effectiveness and higher risk of side effects are drawbacks.
- **P(C):** Opting out means avoiding all risks but also foregoing protection against the virus.

Given these considerations, I would assign probabilities as follows:

- **P(A): 0.2**
- **P(B): 0.5**
- **P(C): 0.3**

These probabilities reflect a balance between the various factors, with a higher probability assigned to Alternative B due to its immediate availability and financial incentive, despite the lower effectiveness and higher side effect risk.",success
39,7,7,"When making a decision like this, it's important to weigh all factors including waiting time, vaccine effectiveness, risk of side effects, cash incentives, and personal health considerations. Here’s an analysis of each alternative:

- **Alternative A**: 
  - **Waiting time**: 6 months (long wait, might be a concern for immediate protection).
  - **Vaccine effectiveness**: 95% (very high, provides strong protection).
  - **Risk of side effects**: 0.1% (very low risk, highly favorable).
  - **Cash incentive**: 50 RMB (small but positive).
  - **Vaccine origin**: Imported (might be perceived as more reliable or higher quality).

- **Alternative B**:
  - **Waiting time**: 1 month (short wait, quicker protection).
  - **Vaccine effectiveness**: 70% (moderate, provides some protection but not as strong as A).
  - **Risk of side effects**: 10% (higher risk, might be a concern for those sensitive to side effects).
  - **Cash incentive**: 800 RMB (significant financial incentive).
  - **Vaccine origin**: Domestic (might be more accessible and trusted locally).

- **Alternative C**:
  - No vaccine means no protection against the virus, which could lead to higher risk of infection and severe illness.
  - No waiting time or side effects but also no benefits from vaccination.

Given these considerations, I would assign probabilities based on a balanced view of the trade-offs:

- **P(A)**: 0.4 (High effectiveness and low risk of side effects are very appealing, but the long wait is a significant downside).
- **P(B)**: 0.5 (Short waiting time and high financial incentive are strong positives, despite lower effectiveness and higher side effect risk).
- **P(C)**: 0.1 (Opting out has the least appeal due to lack of protection against the virus).

These probabilities sum to 1 and reflect a balanced consideration of all factors.",success
39,7,8,"When making a decision about which COVID-19 vaccination choice to select, it's important to consider the trade-offs between waiting time, vaccine effectiveness, risk of side effects, cash incentives, and personal values. Here’s a probabilistic approach based on a balanced consideration of these factors:

### Factors to Consider:
1. **Waiting Time**: Shorter waiting times are generally more favorable.
2. **Vaccine Effectiveness**: Higher effectiveness is better for protection against the virus.
3. **Risk of Side Effects**: Lower risk is preferable to avoid potential health issues.
4. **Cash Incentive**: Higher incentives might be motivating, but they should not outweigh health considerations.
5. **Personal Values and Preferences**: Some people may prefer domestic vaccines over imported ones due to trust or other personal reasons.

### Probabilistic Distribution:
- **Alternative A** offers a highly effective vaccine with minimal side effects but requires a long wait time and provides a small cash incentive. This might be the best choice for those who prioritize long-term protection and are willing to wait.
- **Alternative B** has a shorter waiting time and a significant cash incentive, but it comes with lower effectiveness and a higher risk of side effects. This might be suitable for those who need immediate protection or are motivated by financial incentives.
- **Alternative C** (opting out) avoids all risks associated with vaccination but leaves one unprotected against the virus. This might be chosen by individuals who have strong concerns about vaccines or who believe they can manage without them.

### Probabilities:
Given these considerations, here is a probabilistic distribution:

- **P(A)**: 0.4 (High effectiveness and low side effects make this a strong choice for many, but the long wait time and small incentive are significant drawbacks.)
- **P(B)**: 0.3 (Short waiting time and high cash incentive are attractive, but lower effectiveness and higher side effects reduce its appeal.)
- **P(C)**: 0.3 (Opting out is a valid choice for those who have strong reservations about vaccination, despite the lack of protection.)

These probabilities reflect a balanced view considering all factors, but individual preferences may vary widely.",success
39,7,9,"When evaluating the alternatives for COVID-19 vaccination, it's important to consider multiple factors such as waiting time, vaccine effectiveness, risk of side effects, cash incentives, and personal values. Here’s a breakdown of how these factors might influence the decision:

### Alternative A:
- **Waiting Time:** 6 months (longer wait)
- **Effectiveness:** 95% (highly effective)
- **Risk of Side Effects:** 0.1% (very low risk)
- **Cash Incentive:** 50 RMB (low incentive)
- **Vaccine Origin:** Imported

### Alternative B:
- **Waiting Time:** 1 month (shorter wait)
- **Effectiveness:** 70% (moderate effectiveness)
- **Risk of Side Effects:** 10% (higher risk)
- **Cash Incentive:** 800 RMB (high incentive)
- **Vaccine Origin:** Domestic

### Alternative C:
- **Do Not Receive the Vaccine:**
- **Waiting Time:** N/A
- **Effectiveness:** 0% (no protection)
- **Risk of Side Effects:** 0% (no side effects)
- **Cash Incentive:** 0 RMB
- **Vaccine Origin:** N/A

### Considerations:
1. **Health and Safety:**
   - **Alternative A** offers the highest effectiveness with the lowest risk of side effects, which is highly favorable for health and safety.
   - **Alternative B** provides moderate effectiveness but comes with a higher risk of side effects.
   - **Alternative C** offers no protection against the virus, which could be risky.

2. **Convenience:**
   - **Alternative A** has a longer waiting time, which might be inconvenient for some.
   - **Alternative B** has a much shorter waiting time, making it more convenient.
   - **Alternative C** involves no waiting but also no protection.

3. **Financial Incentive:**
   - **Alternative A** offers a small cash incentive.
   - **Alternative B** offers a significant financial incentive, which might be attractive for some.
   - **Alternative C** offers no financial benefit.

4. **Personal Values and Preferences:**
   - Some individuals might prioritize health and safety over convenience or financial incentives.
   - Others might prefer a quicker solution with a higher financial reward.
   - Some might opt out due to personal beliefs or concerns about vaccines.

### Probabilities:
Given these considerations, I would assign probabilities based on the balance of health, convenience, and financial incentives. Here is a possible distribution:

- **P(A): 0.5** (High effectiveness and low risk are very important, but the long wait might be a deterrent for some.)
- **P(B): 0.3** (Shorter wait and high financial incentive are attractive, but the moderate effectiveness and higher side effects are concerns.)
- **P(C): 0.2** (Some individuals might opt out due to personal beliefs or concerns about vaccines.)

These probabilities reflect a balanced consideration of all factors, with a strong preference for health and safety, some weight given to convenience and financial incentives, and an acknowledgment that some might choose not to vaccinate.",success
39,7,10,"To provide a probabilistic choice among the alternatives, we need to consider various factors such as waiting time, vaccine effectiveness, risk of side effects, cash incentive, and personal health values. Here’s a breakdown of how these factors might influence the decision:

1. **Waiting Time**: A shorter waiting time is generally more favorable.
2. **Vaccine Effectiveness**: Higher effectiveness provides better protection against COVID-19.
3. **Risk of Side Effects**: Lower risk is preferable, but it must be balanced with other factors.
4. **Cash Incentive**: While financial incentives can be attractive, they should not overshadow health considerations.
5. **Personal Health Values**: This includes personal tolerance for risk and the importance of immediate protection.

Given these factors, here’s a possible distribution of probabilities:

- **Alternative A**:
  - Waiting time: 6 months (longer wait)
  - Vaccine effectiveness: 95% (very high)
  - Risk of side effects: 0.1% (very low)
  - Cash incentive: 50 RMB (low)
  - Vaccine origin: Imported (may be trusted more)

- **Alternative B**:
  - Waiting time: 1 month (short wait)
  - Vaccine effectiveness: 70% (moderate)
  - Risk of side effects: 10% (higher)
  - Cash incentive: 800 RMB (high)
  - Vaccine origin: Domestic (may be trusted less)

- **Alternative C**:
  - No vaccine, no protection, but no risk of side effects or waiting time.

Considering these factors, a balanced approach might lead to the following probabilities:

- **P(A): 0.4**
  - High effectiveness and low side effect risk are significant positives, despite the long wait and lower cash incentive.

- **P(B): 0.3**
  - Shorter wait and high cash incentive are attractive, but the moderate effectiveness and higher side effect risk reduce its appeal.

- **P(C): 0.3**
  - Opting out might be chosen by those who are very risk-averse or have strong personal reasons against vaccination.

These probabilities reflect a balanced consideration of all factors and sum to 1.",success
40,7,1,"To provide a probabilistic choice, we need to weigh the factors based on their importance. Here’s a breakdown of how one might consider these factors:

1. **Vaccine Effectiveness**: Higher effectiveness is generally more desirable as it provides better protection against COVID-19.
2. **Risk of Side Effects**: Both options A and B have the same risk, so this factor does not influence the decision between them.
3. **Waiting Time**: Immediate availability (walk-in) is more convenient than waiting for a month.
4. **Cash Incentive**: A higher cash incentive can be seen as an additional benefit that might influence the choice.
5. **Vaccine Origin**: Both options A and B are imported, so this factor does not influence the decision between them.

Given these considerations, we can assign probabilities based on how these factors might influence a rational decision:

- **Alternative A** offers immediate vaccination with a moderate effectiveness of 50% and a high cash incentive. The immediacy and higher cash incentive make it appealing.
- **Alternative B** requires waiting but offers higher effectiveness (70%) and a lower cash incentive. The higher effectiveness is a significant benefit, despite the wait.
- **Alternative C** involves not receiving the vaccine at all, which means no protection against COVID-19 but also no risk of side effects or need to wait.

Assuming equal weight for each factor, we can distribute probabilities as follows:

- **P(A)**: 0.4 (Immediate availability and higher cash incentive are significant benefits)
- **P(B)**: 0.35 (Higher effectiveness is a strong benefit, but the waiting time reduces its appeal slightly)
- **P(C)**: 0.25 (Opting out has some value for those who do not want to take any risks or wait)

These probabilities sum to 1 and reflect a balanced consideration of all factors.",success
40,7,2,"When making a decision about which vaccination option to choose, it's important to consider several factors including the waiting time, vaccine effectiveness, risk of side effects, and any incentives provided. Here’s an analysis based on the given alternatives:

- **Alternative A**: This option offers immediate access to the vaccine with a 50% effectiveness rate, a low risk of side effects (1%), and a significant cash incentive (800 RMB). The main drawback is the lower effectiveness compared to Alternative B.
  
- **Alternative B**: This option has a higher vaccine effectiveness (70%) but requires waiting for one month. It also has a low risk of side effects (1%) and offers a smaller cash incentive (200 RMB).

- **Alternative C**: Opting out of vaccination means no immediate protection against COVID-19, no waiting time, no risk of side effects, and no financial incentives.

Given these options, here’s how I would assign probabilities based on the trade-offs:

- **P(A)**: 0.4
  - Immediate access is a strong point, especially if there's an urgent need for protection.
  - The higher cash incentive (800 RMB) adds significant value.
  - However, the lower effectiveness (50%) might be a concern.

- **P(B)**: 0.35
  - Higher effectiveness (70%) is a major advantage, which could provide better long-term protection.
  - The one-month wait time is a downside, but it might be worth it for the increased protection.
  - The smaller cash incentive (200 RMB) is less appealing.

- **P(C)**: 0.25
  - Opting out avoids any immediate risks or side effects and requires no waiting.
  - However, this option leaves you without the protective benefits of vaccination, which could be a significant risk given the ongoing pandemic.

These probabilities reflect a balance between immediate access and incentives (Alternative A), long-term effectiveness (Alternative B), and the option to avoid vaccination entirely (Alternative C). The sum of these probabilities is 1.0, representing a complete distribution of choices.",success
40,7,3,"To determine which alternative is most preferable, we need to consider several factors including waiting time, vaccine effectiveness, risk of side effects, cash incentive, and the value placed on receiving a vaccine. Here's a breakdown of how these factors might influence the decision:

1. **Waiting Time**: Alternative A has no wait time, making it more immediately accessible.
2. **Vaccine Effectiveness**: Alternative B is 20% more effective than Alternative A, which could be significant in terms of protection against COVID-19.
3. **Risk of Side Effects**: Both alternatives have the same risk of side effects (1%), so this factor does not influence the decision between them.
4. **Cash Incentive**: Alternative A offers a significantly higher cash incentive (800 RMB) compared to Alternative B (200 RMB).
5. **Vaccine Origin**: Both vaccines are imported, so origin is not a differentiating factor.

Given these considerations, we can assign probabilities based on the relative importance of each factor:

- **Alternative A**:
  - Immediate access is very valuable.
  - Higher cash incentive adds significant value.
  - Lower effectiveness might be a concern but is balanced by immediate availability and higher reward.
  
- **Alternative B**:
  - Higher effectiveness provides better long-term protection.
  - Lower cash incentive reduces its appeal.
  - One-month wait time could be a barrier for some.

- **Alternative C** (opting out):
  - No vaccine means no immediate risk but also no protection against the virus.
  - This might be chosen by those who are very risk-averse or skeptical about vaccines.

Based on these considerations, we can assign probabilities as follows:

- **P(A)**: 0.45
- **P(B)**: 0.35
- **P(C)**: 0.20

These probabilities reflect a higher preference for the immediate benefits and incentives of Alternative A, while still considering the long-term protection offered by Alternative B and the option to opt out entirely. The sum of these probabilities is 1, ensuring they represent a complete distribution of preferences.",success
40,7,4,"To determine which alternative is most preferable, we need to consider several factors such as waiting time, vaccine effectiveness, risk of side effects, cash incentive, and personal values regarding vaccination. Here’s a breakdown:

1. **Waiting Time**: Immediate access (Alternative A) can be very appealing if there's an urgent need for protection.
2. **Vaccine Effectiveness**: Higher effectiveness (70% in Alternative B) is generally more desirable as it provides better protection against the virus.
3. **Risk of Side Effects**: Both alternatives have the same risk of side effects (1%), so this factor doesn't differentiate them.
4. **Cash Incentive**: A higher cash incentive (800 RMB in Alternative A) can be a significant motivator.
5. **Vaccine Origin**: Both vaccines are imported, which is neutral since it's the same for both.

Given these factors, here’s a reasoned approach to assigning probabilities:

- **Alternative A**: The immediate access and higher cash incentive make this option very attractive. However, the lower effectiveness (50%) is a drawback.
- **Alternative B**: The higher effectiveness (70%) is a strong positive, but the one-month wait time is a significant downside.
- **Alternative C**: Opting out of vaccination has no immediate benefits and leaves you unprotected, which is generally not recommended.

Based on these considerations, I would assign the following probabilities:

- **P(A)**: 0.4 (Immediate access and higher cash incentive are strong motivators, but lower effectiveness is a concern.)
- **P(B)**: 0.5 (Higher effectiveness is very important, but the wait time is a significant drawback.)
- **P(C)**: 0.1 (Opting out is generally not recommended due to the lack of protection.)

These probabilities sum to 1 and reflect a balanced consideration of the factors involved.",success
40,7,5,"When evaluating the choices for COVID-19 vaccination, it's important to consider the trade-offs between waiting time, vaccine effectiveness, risk of side effects, cash incentives, and personal health beliefs. Here’s a breakdown of each alternative:

### Alternative A:
- **Waiting Time:** Walk-in (no wait) — This is highly convenient.
- **Vaccine Effectiveness:** 50% — Moderate effectiveness.
- **Risk of Side Effects:** 1% — Low risk.
- **Cash Incentive:** 800 RMB — Significant financial incentive.
- **Vaccine Origin:** Imported — May be perceived as more reliable.

### Alternative B:
- **Waiting Time:** 1 month — Longer wait time, which could delay protection.
- **Vaccine Effectiveness:** 70% — Higher effectiveness compared to A.
- **Risk of Side Effects:** 1% — Low risk.
- **Cash Incentive:** 200 RMB — Lower financial incentive.
- **Vaccine Origin:** Imported — May be perceived as more reliable.

### Alternative C:
- **Do not receive the vaccine (opt out):**
- **No waiting time.**
- **No vaccine effectiveness.**
- **No risk of side effects.**
- **No cash incentive.**
- **No vaccine origin to consider.**

### Decision-Making Factors:
1. **Vaccine Effectiveness:** Higher effectiveness is generally preferred, but the difference between 50% and 70% may not be significant enough to outweigh other factors.
2. **Waiting Time:** Immediate availability (Alternative A) can be very appealing, especially if there are concerns about future availability or personal scheduling.
3. **Risk of Side Effects:** Both vaccines have a low risk of side effects, which is a positive factor for both.
4. **Cash Incentive:** The higher cash incentive in Alternative A could be a significant motivator.
5. **Personal Health Beliefs and Circumstances:** Personal beliefs about vaccination, current health status, and the prevalence of COVID-19 in your area can also play a role.

### Probabilities:
Given the above factors, I would assign probabilities based on a balanced consideration of all aspects:

- **P(A): 0.4** — The immediate availability and significant cash incentive make this option attractive.
- **P(B): 0.3** — Higher effectiveness is valuable, but the longer wait time and lower cash incentive reduce its appeal.
- **P(C): 0.3** — Opting out might be considered by those who are uncertain about vaccines or have other health concerns.

These probabilities sum to 1 and reflect a balanced consideration of all factors.",success
40,7,6,"To provide a probabilistic distribution based on the given options, we need to consider various factors such as effectiveness, waiting time, side effects, and incentives. Here’s a breakdown of how these factors might influence the decision:

1. **Effectiveness**: Higher effectiveness is generally more desirable.
2. **Waiting Time**: No wait is more convenient than waiting for a month.
3. **Risk of Side Effects**: Both options have the same risk of 1%, so this factor is neutral.
4. **Cash Incentive**: A higher cash incentive can be a significant motivator for some individuals.
5. **Vaccine Origin**: Since both vaccines are imported, this factor is also neutral.

Given these considerations, here’s a possible distribution:

- **Alternative A**:
  - Immediate availability (no wait) is very convenient.
  - Higher cash incentive of 800 RMB adds significant value.
  - Lower effectiveness at 50% might be a drawback, but the immediate availability and higher incentive can outweigh this.

- **Alternative B**:
  - Higher effectiveness at 70% is more desirable for long-term protection.
  - Lower cash incentive of 200 RMB.
  - One-month wait time could be inconvenient.

- **Alternative C** (Do not receive the vaccine):
  - No immediate risk from the vaccine, but higher risk from the disease itself.
  - No financial benefit.

Based on these considerations, a possible distribution might be:

- **P(A): 0.4**
- **P(B): 0.35**
- **P(C): 0.25**

This distribution reflects a preference for immediate availability and higher incentives (A), but also acknowledges the value of higher effectiveness (B) and the option to avoid vaccination entirely (C). The probabilities sum to 1, representing a complete distribution of choices.",success
40,7,7,"To provide a probabilistic choice, we need to consider various factors such as personal risk tolerance, the value of time, and the importance of financial incentives. Here's a breakdown of how these factors might influence the decision:

1. **Vaccine Effectiveness**: Higher effectiveness is generally more desirable.
2. **Waiting Time**: Immediate availability can be very appealing.
3. **Risk of Side Effects**: Both options have the same risk, so this factor doesn't differentiate them.
4. **Cash Incentive**: A higher cash incentive can be a significant motivator.
5. **Personal Risk Tolerance and Beliefs**: Some individuals may prefer to avoid vaccines altogether due to personal beliefs or health concerns.

Given these considerations, let's assign probabilities:

- **Alternative A**: High effectiveness (50%) combined with no waiting time and a substantial cash incentive (800 RMB) makes this option very attractive. However, the lower effectiveness compared to B might be a slight drawback.
- **Alternative B**: Higher effectiveness (70%) is a strong point, but the long waiting time and lower cash incentive (200 RMB) make it less appealing in comparison to A.
- **Alternative C**: Opting out has no immediate benefits and leaves one unprotected, which is generally not recommended unless there are specific health reasons or personal beliefs against vaccination.

Based on these factors, I would assign the following probabilities:

P(A): 0.6
P(B): 0.3
P(C): 0.1

These probabilities reflect a preference for the immediate benefits and higher incentive of Alternative A, while still acknowledging the potential value of the higher effectiveness in B and the small possibility that some might choose to opt out.",success
40,7,8,"When evaluating these alternatives, it's important to consider several factors including waiting time, vaccine effectiveness, risk of side effects, cash incentives, and personal health considerations. Since I am an AI model, I don't have personal preferences or health conditions, but I can provide a probabilistic distribution based on the typical values that might be considered by individuals in such a scenario.

Given the information:

- **Alternative A** offers immediate vaccination with moderate effectiveness and a significant cash incentive.
- **Alternative B** requires a longer wait but provides better protection against COVID-19 with a lower cash incentive.
- **Alternative C** involves opting out of vaccination, which means no immediate health benefits from the vaccine but also no risk of side effects.

Here’s a possible distribution based on these factors:

- **P(A): 0.45**
  - Immediate availability and high cash incentive are significant motivators for many people.
- **P(B): 0.35**
  - Higher effectiveness is valuable, but the one-month wait might deter some individuals.
- **P(C): 0.20**
  - Some individuals may opt out due to personal beliefs, health concerns, or other reasons.

These probabilities reflect a balanced consideration of the factors involved and sum up to 1.",success
40,7,9,"In making a decision about which COVID-19 vaccination choice to select, we need to consider the various factors involved, such as waiting time, vaccine effectiveness, risk of side effects, cash incentive, and personal values. Here’s how I would break down the probabilities based on these factors:

### Alternative A:
- **Waiting Time**: Immediate (no wait) — This is a significant advantage for those who want to be vaccinated as soon as possible.
- **Vaccine Effectiveness**: 50% — This is relatively low, which might be a concern.
- **Risk of Side Effects**: 1% — This is quite low and acceptable.
- **Cash Incentive**: 800 RMB — A substantial incentive that could influence the decision positively.
- **Vaccine Origin**: Imported — The origin might not be as critical if the vaccine has been approved by health authorities.

### Alternative B:
- **Waiting Time**: 1 month — This is a longer wait, which might be a disadvantage for those who want to get vaccinated sooner.
- **Vaccine Effectiveness**: 70% — This is higher than Alternative A, providing better protection against the virus.
- **Risk of Side Effects**: 1% — Similar to Alternative A, this is quite low and acceptable.
- **Cash Incentive**: 200 RMB — Lower than Alternative A, which might be less attractive.
- **Vaccine Origin**: Imported — Again, the origin might not be a critical factor if the vaccine is approved.

### Alternative C:
- **Do Not Receive the Vaccine (Opt Out)**:
- This option involves no waiting time, side effects, or cash incentive. However, it also means no protection against the virus, which could have significant health implications.

### Decision Analysis:
Given the factors, I would assign probabilities as follows:

- **P(A)**: 0.4
  - Immediate vaccination is a strong positive.
  - The cash incentive of 800 RMB is quite attractive.
  - However, the lower effectiveness (50%) is a concern.

- **P(B)**: 0.3
  - Higher vaccine effectiveness (70%) is a significant advantage.
  - The waiting time of 1 month and lower cash incentive (200 RMB) are disadvantages.

- **P(C)**: 0.3
  - Opting out has the simplicity of no wait, side effects, or incentives.
  - However, the lack of protection against the virus is a major concern.

### Final Probabilities:
- P(A): 0.4
- P(B): 0.3
- P(C): 0.3

These probabilities reflect a balanced consideration of the immediate benefits and long-term health implications of each option.",success
40,7,10,"To provide a probabilistic choice, I'll consider key factors such as waiting time, effectiveness, side effects, and incentives. Given the information provided:

- **Alternative A** offers immediate vaccination with moderate effectiveness (50%) and a significant cash incentive (800 RMB). The risk of side effects is low (1%), which makes it an attractive option for those who want to be vaccinated quickly and value the financial reward.
- **Alternative B** has a higher vaccine effectiveness (70%) but requires a one-month wait, offers a lower cash incentive (200 RMB), and has the same risk of side effects (1%). This might be more suitable for individuals who prioritize long-term protection over immediate benefits.
- **Alternative C** involves not receiving the vaccine at all, which means no waiting time, no side effects, and no cash incentive. However, it also means no protection against the virus.

Given these considerations, I would assign probabilities as follows:

P(A): 0.4 (The immediate availability and higher cash incentive are strong motivators)
P(B): 0.35 (Higher effectiveness is a significant factor, but the wait time reduces its appeal)
P(C): 0.25 (Opting out might be chosen by those who do not want to take any risks or have concerns about vaccines)

These probabilities sum to 1 and reflect a balanced consideration of all factors.",success
41,7,1,"When making a decision about vaccination, it's important to consider various factors such as effectiveness, risk of side effects, waiting time, and incentives. Here’s a breakdown of the considerations for each alternative:

### Alternative A:
- **Waiting Time:** Walk-in (no wait) - This is highly convenient.
- **Vaccine Effectiveness:** 50% - Moderate protection but not optimal.
- **Risk of Side Effects:** 10% - Relatively high risk.
- **Cash Incentive:** 200 RMB - Moderate incentive.
- **Vaccine Origin:** Imported - May have different regulatory standards.

### Alternative B:
- **Waiting Time:** 1 month - This is a significant delay.
- **Vaccine Effectiveness:** 95% - Highly effective, providing strong protection.
- **Risk of Side Effects:** 0.1% - Very low risk.
- **Cash Incentive:** 800 RMB - High incentive.
- **Vaccine Origin:** Domestic - Likely to follow local regulatory standards.

### Alternative C:
- **No Vaccine:** Opting out means no protection against the virus, which can be risky given the potential severity of COVID-19.

Given these considerations, here is a probabilistic distribution based on the trade-offs:

- **P(A):** 0.2
  - **Rationale:** The immediate availability and cash incentive are attractive, but the lower effectiveness and higher risk of side effects make it less favorable overall.
  
- **P(B):** 0.7
  - **Rationale:** The high effectiveness and low risk of side effects make this a very strong choice. The longer waiting time is a downside, but the significant cash incentive can help offset this inconvenience.
  
- **P(C):** 0.1
  - **Rationale:** Opting out leaves one vulnerable to the virus, which is generally not recommended unless there are specific medical reasons.

These probabilities reflect a balanced consideration of all factors, with a strong preference for Alternative B due to its high effectiveness and low risk of side effects, despite the longer waiting time.",success
41,7,2,"To provide a decision based on probabilities, we need to consider multiple factors such as personal health risk, the urgency of protection, and financial incentives. However, since I am an AI and don't have personal preferences or health conditions, I'll base this decision on a general utility analysis that balances effectiveness, side effects, waiting time, and cash incentive.

Here’s a simplified way to think about it:

1. **Vaccine Effectiveness**: Higher effectiveness is more desirable.
2. **Risk of Side Effects**: Lower risk is better.
3. **Waiting Time**: Immediate availability is preferred over long waits.
4. **Cash Incentive**: More money can be beneficial but should not outweigh health considerations.

Given these factors, let's assign some weights to each criterion for a simplified decision model:

- Vaccine Effectiveness: 0.4
- Risk of Side Effects: 0.3
- Waiting Time: 0.2
- Cash Incentive: 0.1

Now, we can score each alternative based on these criteria:

**Alternative A:**
- Vaccine effectiveness: 50% (0.5) → Score = 0.4 * 0.5 = 0.2
- Risk of side effects: 10% (0.1) → Score = 0.3 * (1 - 0.1) = 0.27
- Waiting time: Walk-in (no wait) → Score = 0.2 * 1 = 0.2
- Cash incentive: 200 RMB → Score = 0.1 * (200 / 800) = 0.025

Total score for A = 0.2 + 0.27 + 0.2 + 0.025 = 0.695

**Alternative B:**
- Vaccine effectiveness: 95% (0.95) → Score = 0.4 * 0.95 = 0.38
- Risk of side effects: 0.1% (0.001) → Score = 0.3 * (1 - 0.001) = 0.297
- Waiting time: 1 month → Score = 0.2 * (1 / 1) = 0.2
- Cash incentive: 800 RMB → Score = 0.1 * 1 = 0.1

Total score for B = 0.38 + 0.297 + 0.2 + 0.1 = 0.977

**Alternative C:**
- Vaccine effectiveness: 0% (0) → Score = 0.4 * 0 = 0
- Risk of side effects: 0% (0) → Score = 0.3 * 1 = 0.3
- Waiting time: N/A → Score = 0.2 * 1 = 0.2
- Cash incentive: 0 RMB → Score = 0.1 * 0 = 0

Total score for C = 0 + 0.3 + 0.2 + 0 = 0.5

Now, we can convert these scores into probabilities that sum to 1:

- Total score sum = 0.695 + 0.977 + 0.5 = 2.172
- P(A) = 0.695 / 2.172 ≈ 0.320
- P(B) = 0.977 / 2.172 ≈ 0.449
- P(C) = 0.5 / 2.172 ≈ 0.231

So, the probabilities are:
P(A): 0.320
P(B): 0.449
P(C): 0.231",success
41,7,3,"To provide a probabilistic answer, I'll consider the factors presented for each alternative and weigh them according to their importance in making a decision about vaccination. The factors include waiting time, vaccine effectiveness, risk of side effects, cash incentive, and vaccine origin.

### Analysis:
- **Alternative A**: Offers immediate availability but has lower effectiveness and a higher risk of side effects. It also provides a moderate cash incentive.
- **Alternative B**: Requires a longer wait but offers the highest effectiveness and the lowest risk of side effects. It also provides a significant financial incentive.
- **Alternative C**: Opting out avoids all risks and benefits associated with vaccination.

### Weighing the Factors:
1. **Waiting Time**: Immediate availability is highly valuable, especially if there's an urgent need for protection.
2. **Vaccine Effectiveness**: Higher effectiveness significantly reduces the risk of contracting COVID-19, which is a crucial factor.
3. **Risk of Side Effects**: A lower risk of side effects is preferable to minimize health concerns.
4. **Cash Incentive**: Financial incentives can be a motivating factor, especially if they are substantial.
5. **Vaccine Origin**: The origin might influence trust in the vaccine's quality and safety.

### Probabilistic Distribution:
Given these considerations, I would distribute the probabilities as follows:

- **P(A)**: 0.2
  - Immediate availability is valuable, but lower effectiveness and higher side effects reduce its appeal.
- **P(B)**: 0.6
  - High effectiveness, low risk of side effects, and a significant cash incentive make this option very attractive despite the wait.
- **P(C)**: 0.2
  - Opting out might be chosen by those who are uncertain or have concerns about vaccination.

### Final Probabilities:
- P(A): 0.2
- P(B): 0.6
- P(C): 0.2

These probabilities sum to 1, reflecting a balanced consideration of the factors involved in making a decision about COVID-19 vaccination.",success
41,7,4,"When making a decision regarding vaccination, it's important to weigh various factors including effectiveness, side effects, waiting time, and personal incentives. Here’s an analysis of each option:

- **Alternative A**: This vaccine has the advantage of no wait time and a cash incentive, which could be appealing for immediate protection and financial benefit. However, its lower effectiveness (50%) and higher risk of side effects (10%) make it less attractive in terms of long-term health benefits.

- **Alternative B**: This vaccine offers high effectiveness (95%) and a very low risk of side effects (0.1%), which are significant advantages for long-term protection and safety. The 1-month wait might be a downside, but the substantial cash incentive (800 RMB) could offset this inconvenience.

- **Alternative C**: Opting out of vaccination means no immediate health risks from the vaccine, but it also leaves you unprotected against COVID-19, which can have severe health consequences.

Given these considerations, here’s how I would distribute the probabilities based on a balanced approach:

- **P(A)**: 0.2
  - This option is chosen for those who prioritize immediate protection and financial incentives over long-term effectiveness.
  
- **P(B)**: 0.7
  - This is the most likely choice, as it offers the best balance of high effectiveness, low risk of side effects, and a significant cash incentive, despite the waiting time.
  
- **P(C)**: 0.1
  - Opting out might be chosen by those who are extremely wary of vaccines or have other health considerations that make vaccination inadvisable.

These probabilities reflect a balanced consideration of the benefits and risks associated with each alternative.",success
41,7,5,"To determine which alternative is most likely to be chosen, we need to consider a range of factors including the waiting time, vaccine effectiveness, risk of side effects, cash incentive, and personal values regarding vaccine origin. Given these factors, I will provide my assessment based on a balanced consideration:

1. **Alternative A**:
   - Immediate availability (no wait) is highly valuable for those who want to get vaccinated as soon as possible.
   - 50% effectiveness might be seen as insufficient protection against the virus.
   - 10% risk of side effects is relatively high, which could deter some individuals.
   - A cash incentive of 200 RMB is a moderate reward.
   - Imported vaccine might have varying levels of trust depending on personal or cultural factors.

2. **Alternative B**:
   - 1-month waiting time can be a significant delay for those who are eager to get vaccinated.
   - 95% effectiveness provides strong protection against the virus, which is highly desirable.
   - 0.1% risk of side effects is very low, making it a safer option.
   - A cash incentive of 800 RMB is a substantial reward.
   - Domestic vaccine might be preferred due to higher trust in local production and regulatory oversight.

3. **Alternative C**:
   - Opting out means no immediate protection against the virus.
   - No waiting time or side effects, but also no benefits from vaccination.
   - No cash incentive.
   - This option might be chosen by those who are highly skeptical of vaccines or have other health considerations.

Based on these factors, I would assign probabilities as follows:

- **P(A)**: 0.25
- **P(B)**: 0.60
- **P(C)**: 0.15

These probabilities reflect a higher likelihood of choosing Alternative B due to its high effectiveness and low risk of side effects, despite the waiting time. The cash incentive also adds value. Alternative A is still a reasonable choice for those who prioritize immediate availability, and Alternative C is less likely but still an option for those who are skeptical or have other concerns.",success
41,7,6,"Choosing a vaccination option involves weighing various factors such as effectiveness, side effects, waiting time, and incentives. Here’s how I might break down the decision based on these criteria:

### Alternative A:
- **Waiting Time**: Immediate (no wait) - This is highly favorable for those who want to get vaccinated right away.
- **Vaccine Effectiveness**: 50% - This is relatively low compared to other options, which may not provide sufficient protection against COVID-19.
- **Risk of Side Effects**: 10% - This is a moderate risk, which might be acceptable for some but concerning for others.
- **Cash Incentive**: 200 RMB - A reasonable incentive but not as high as Alternative B.
- **Vaccine Origin**: Imported - The origin itself may influence trust and preference.

### Alternative B:
- **Waiting Time**: 1 month - This is a significant wait, which might be a deterrent for those who want immediate protection.
- **Vaccine Effectiveness**: 95% - This is very high, providing strong protection against COVID-19.
- **Risk of Side Effects**: 0.1% - This is a very low risk, making it more appealing to those concerned about side effects.
- **Cash Incentive**: 800 RMB - A substantial incentive that could be a significant factor for some.
- **Vaccine Origin**: Domestic - The origin might influence trust and preference, but the high effectiveness and low side effect rate are strong positives.

### Alternative C:
- **Do Not Receive the Vaccine (Opt Out)**: This option avoids all risks associated with vaccination but also leaves you unprotected against COVID-19. This could be a viable choice for those who have other means of protection or who are not at high risk.

### Decision Weights:
Given these factors, I would assign probabilities to each alternative based on their overall appeal:

- **Alternative A**: The immediate availability and moderate cash incentive are appealing, but the low effectiveness and higher side effect rate are significant drawbacks.
- **Alternative B**: The high effectiveness and very low risk of side effects make this a strong choice, despite the longer wait time. The substantial cash incentive is also a positive factor.
- **Alternative C**: Opting out leaves you unprotected, which might be acceptable if you have other means of protection or are not at high risk.

### Probabilities:
- **P(A)**: 0.2
- **P(B)**: 0.7
- **P(C)**: 0.1

These probabilities reflect the relative attractiveness of each option, with Alternative B being the most favorable due to its high effectiveness and low side effect rate, despite the longer wait time.",success
41,7,7,"To provide a probabilistic response reflecting my preference among these alternatives, I will consider factors such as vaccine effectiveness, risk of side effects, waiting time, and cash incentives. Here’s how each factor influences the decision:

1. **Vaccine Effectiveness**: Higher effectiveness is generally more desirable.
2. **Risk of Side Effects**: Lower risk is preferred to minimize health concerns.
3. **Waiting Time**: Immediate availability can be a significant advantage.
4. **Cash Incentive**: A higher incentive might motivate some individuals, but it's typically less important than health factors.

Given these considerations:

- **Alternative A** offers immediate vaccination and a moderate cash incentive, but the vaccine effectiveness is relatively low at 50%, which might not provide sufficient protection.
- **Alternative B** has the highest vaccine effectiveness (95%) and a very low risk of side effects (0.1%), making it the most medically sound choice. The waiting time is longer, and the cash incentive is higher, which could be an additional motivator.
- **Alternative C** involves opting out, which means no protection against the virus but also no risk of side effects or need to wait.

Based on these factors, my probabilities for each alternative are:

P(A): 0.2
P(B): 0.7
P(C): 0.1

These probabilities reflect a strong preference for Alternative B due to its high effectiveness and low risk of side effects, with some consideration for the immediate availability of Alternative A and a small probability of opting out.",success
41,7,8,"To provide a probabilistic choice, we need to consider various factors such as the importance of vaccine effectiveness, risk tolerance for side effects, value of time, and financial incentives. Here’s a breakdown:

1. **Vaccine Effectiveness**: This is crucial in providing protection against COVID-19. Alternative B has the highest effectiveness at 95%, which significantly reduces the risk of infection and severe disease.

2. **Risk of Side Effects**: The risk of side effects for Alternative B is very low (0.1%), making it a safer choice compared to Alternative A (10%).

3. **Waiting Time**: Alternative A offers immediate vaccination, which might be preferable for those who want protection as soon as possible. However, the effectiveness and side effect risks are less favorable.

4. **Cash Incentive**: Financial incentives can influence decisions, but they should not overshadow health considerations. Alternative B offers the highest incentive (800 RMB), which could be a significant factor for some individuals.

5. **Vaccine Origin**: Some may have preferences or concerns about imported versus domestic vaccines, but this is generally less critical than the other factors mentioned.

Given these considerations, here’s a probabilistic distribution based on the importance of each factor:

- **P(A)**: 0.1 (Immediate protection with moderate effectiveness and higher side effects, plus a smaller financial incentive)
- **P(B)**: 0.8 (High effectiveness, low risk of side effects, longer wait time, and highest financial incentive)
- **P(C)**: 0.1 (Opting out is the least favorable due to the lack of protection against COVID-19)

Thus, the probabilities are:

P(A): 0.1
P(B): 0.8
P(C): 0.1",success
41,7,9,"When making a decision like this, it's important to weigh the benefits and risks of each option. Here’s how I might evaluate the choices based on the given criteria:

### Alternative A:
- **Waiting time:** Immediate (no wait) - This is a significant advantage.
- **Vaccine effectiveness:** 50% - This is relatively low compared to other options.
- **Risk of side effects:** 10% - This is relatively high.
- **Cash incentive:** 200 RMB - A moderate financial benefit.
- **Vaccine origin:** Imported - May have different regulatory standards.

### Alternative B:
- **Waiting time:** 1 month - This is a longer wait, which could be inconvenient.
- **Vaccine effectiveness:** 95% - This is very high and provides strong protection.
- **Risk of side effects:** 0.1% - This is very low.
- **Cash incentive:** 800 RMB - A significant financial benefit.
- **Vaccine origin:** Domestic - May be more familiar and trusted.

### Alternative C:
- **Do not receive the vaccine (opt out):**
- No immediate health risk from the vaccine, but no protection against COVID-19.
- No financial incentive.

### Decision Weighing:
- **Health Protection:** A 95% effective vaccine is much more desirable for protecting against severe illness and transmission.
- **Side Effects:** The lower side effect rate of 0.1% in Alternative B is a significant advantage over the 10% risk in Alternative A.
- **Waiting Time:** While waiting for a month can be inconvenient, it might be worth it for the much higher effectiveness and lower side effects.
- **Financial Incentive:** The 800 RMB incentive in Alternative B is significantly higher than the 200 RMB in Alternative A.

### Probabilities:
Given these considerations, I would assign probabilities as follows:

- **P(A):** 0.1 (Low probability due to low effectiveness and high side effects)
- **P(B):** 0.8 (High probability due to high effectiveness, low side effects, and significant financial incentive)
- **P(C):** 0.1 (Low probability as opting out leaves no protection)

These probabilities sum to 1, reflecting the relative likelihood of choosing each option based on the given criteria.",success
41,7,10,"When evaluating the choices for a COVID-19 vaccination, it's important to consider multiple factors such as vaccine effectiveness, risk of side effects, waiting time, and any additional incentives. Here’s a breakdown of how each factor might influence the decision:

### Alternative A:
- **Waiting Time:** Walk-in (no wait) - This is highly convenient.
- **Vaccine Effectiveness:** 50% - This is relatively low compared to other options.
- **Risk of Side Effects:** 10% - This is a moderate risk.
- **Cash Incentive:** 200 RMB - A smaller incentive.
- **Vaccine Origin:** Imported - May be perceived as more reliable in some contexts.

### Alternative B:
- **Waiting Time:** 1 month - This is a significant wait, which might be inconvenient.
- **Vaccine Effectiveness:** 95% - This is very high, offering strong protection.
- **Risk of Side Effects:** 0.1% - This is a very low risk.
- **Cash Incentive:** 800 RMB - A substantial incentive.
- **Vaccine Origin:** Domestic - May be preferred for those who trust domestic products.

### Alternative C:
- **Do not receive the vaccine (opt out):** 
- **Waiting Time:** N/A
- **Vaccine Effectiveness:** 0% - No protection against COVID-19.
- **Risk of Side Effects:** 0% - No risk from the vaccine, but higher risk from the virus itself.
- **Cash Incentive:** None
- **Vaccine Origin:** Not applicable

### Decision Analysis:
- **Effectiveness and Risk:** Alternative B offers the highest effectiveness with the lowest risk of side effects, making it the most protective option.
- **Convenience:** Alternative A is the most convenient in terms of waiting time, but its lower effectiveness might not be worth the convenience for many people.
- **Incentives:** The higher cash incentive in Alternative B could be a significant motivator for some individuals.
- **Personal Values:** Some might prefer to avoid vaccination due to personal beliefs or health concerns.

### Probabilities:
Given the factors above, here is a distribution of probabilities based on the trade-offs:

- **P(A):** 0.2 (The convenience and moderate cash incentive make it somewhat attractive, but the lower effectiveness and higher side effect risk reduce its appeal.)
- **P(B):** 0.7 (High effectiveness, low risk, and substantial cash incentive make this the most appealing option for many people.)
- **P(C):** 0.1 (Opting out is a valid choice for those who are skeptical or have health concerns that outweigh the benefits of vaccination.)

### Final Answer:
P(A): 0.2
P(B): 0.7
P(C): 0.1",success
42,7,1,"To provide a probabilistic choice, we need to consider various factors such as personal health priorities, financial incentives, and trust in vaccine sources. Here’s how I would break it down:

1. **Vaccine Effectiveness and Side Effects**: Both Alternatives A and B have the same effectiveness (95%) and risk of side effects (10%). This makes them equally appealing from a health perspective.

2. **Cash Incentive**: Alternative B offers a significantly higher cash incentive (800 RMB) compared to Alternative A (50 RMB). For many, this could be a substantial motivator.

3. **Vaccine Origin**: Some individuals may have preferences or concerns about the origin of the vaccine. Imported vaccines might be perceived as more reliable by some, while others might prefer domestic products for various reasons, including trust in local regulations and supply chain transparency.

4. **Personal Choice to Opt Out (Alternative C)**: Choosing not to vaccinate is a valid option but comes with its own risks, especially in the context of a global pandemic where herd immunity is important.

Given these considerations, I would assign probabilities as follows:

- **P(A): 0.2** - This reflects a preference for an imported vaccine and a moderate interest in the lower cash incentive.
- **P(B): 0.6** - This option is more likely due to the higher financial incentive, which could be very attractive to many individuals.
- **P(C): 0.2** - While opting out is a choice, it is less likely given the benefits of vaccination in terms of health and community protection.

These probabilities sum to 1 and reflect a balanced consideration of all factors.",success
42,7,2,"When making a decision like this, it's important to consider multiple factors including personal health priorities, financial incentives, and trust in the vaccine source. Here’s how I would weigh these options:

- **Alternative A** offers a high effectiveness rate with a moderate risk of side effects and a small cash incentive. The fact that it is an imported vaccine might be seen as more trustworthy for some people due to perceived higher standards or familiarity with the brand, but this can vary by individual.

- **Alternative B** has the same characteristics as Alternative A in terms of effectiveness and side effect risk but offers a significantly higher financial incentive. This could be very appealing if the financial benefit is important to you. The domestic origin might also influence trust, depending on one's views on domestic versus imported vaccines.

- **Alternative C** (opting out) avoids all risks associated with vaccination but also forgoes the protection against COVID-19 and any financial incentives. This choice might be preferable if you have concerns about vaccine safety or personal health reasons that make vaccination inadvisable.

Given these considerations, here’s a possible distribution of probabilities reflecting a balanced approach:

P(A): 0.3
P(B): 0.5
P(C): 0.2

This distribution suggests a slight preference for Alternative B due to the higher financial incentive, while still considering the other options as viable choices based on personal values and circumstances.",success
42,7,3,"When evaluating these alternatives, it's important to consider several factors such as the effectiveness of the vaccine, the risk of side effects, the cash incentive, and personal values regarding vaccine origin. Here’s a breakdown of how each factor might influence the decision:

1. **Vaccine Effectiveness**: Both Alternative A and B have a 95% effectiveness rate, which is high and desirable.
2. **Risk of Side Effects**: Both alternatives have a 10% risk of side effects, which is moderate but acceptable given the high effectiveness.
3. **Cash Incentive**: Alternative B offers a significantly higher cash incentive (800 RMB) compared to Alternative A (50 RMB).
4. **Vaccine Origin**: Some individuals may prefer domestic vaccines due to trust in local regulatory standards or national pride, while others might prefer imported vaccines based on brand reputation.

Given these factors, and assuming that the choice of vaccine origin is not a significant concern for me, I would lean towards Alternative B because it offers a substantial cash incentive without compromising on effectiveness or side effect risk. Opting out (Alternative C) is generally less favorable unless there are specific health concerns or personal beliefs against vaccination.

Here’s how I would distribute the probabilities:

- **P(A)**: 0.15
- **P(B)**: 0.70
- **P(C)**: 0.15

This distribution reflects a strong preference for Alternative B due to its higher cash incentive, while still considering the other options as viable but less preferred choices.",success
42,7,4,"When making a decision like this, it's important to consider several factors including personal health priorities, financial incentives, and trust in the source of the vaccine. Here’s a breakdown based on these considerations:

1. **Vaccine Effectiveness**: Both Alternative A and B offer 95% effectiveness, which is high and similar for both.
2. **Risk of Side Effects**: Both alternatives have the same risk of side effects at 10%, indicating that they are equally safe in this regard.
3. **Waiting Time**: Both options allow for walk-in with no wait, making them equally convenient.
4. **Cash Incentive**: Alternative B offers a significantly higher cash incentive (800 RMB compared to 50 RMB for A), which could be a strong motivator for some individuals.
5. **Vaccine Origin**: The origin of the vaccine might influence trust in its quality and safety, with personal or cultural preferences playing a role.

Given these factors, I would lean more towards Alternative B due to the higher financial incentive, assuming that the domestic vaccine is trusted and meets the same standards as imported vaccines. However, opting out (Alternative C) is also a valid choice for those who are skeptical about vaccination in general or have health concerns that make vaccination risky.

Here’s how I would distribute the probabilities:

- **P(A): 0.2** - This reflects a moderate likelihood of choosing A due to its imported origin and smaller but still present financial incentive.
- **P(B): 0.7** - This is the highest probability, reflecting the significant cash incentive and assuming equivalent effectiveness and safety.
- **P(C): 0.1** - This accounts for those who might opt out entirely, perhaps due to personal beliefs or health concerns.

These probabilities sum to 1, representing a complete distribution of choices based on the provided alternatives.",success
42,7,5,"When evaluating the choices for COVID-19 vaccination, several factors come into play, including vaccine effectiveness, risk of side effects, waiting time, cash incentives, and personal health beliefs. Here's a breakdown of how these factors might influence the decision:

### Alternative A:
- **Waiting Time**: Walk-in (no wait) - This is very convenient.
- **Vaccine Effectiveness**: 95% - Highly effective.
- **Risk of Side Effects**: 10% - Moderate risk.
- **Cash Incentive**: 50 RMB - Small incentive.
- **Vaccine Origin**: Imported - Some people might prefer imported vaccines due to perceived higher quality or trust.

### Alternative B:
- **Waiting Time**: Walk-in (no wait) - This is very convenient.
- **Vaccine Effectiveness**: 95% - Highly effective.
- **Risk of Side Effects**: 10% - Moderate risk.
- **Cash Incentive**: 800 RMB - Large incentive.
- **Vaccine Origin**: Domestic - Some people might prefer domestic vaccines due to national pride or trust in local regulations.

### Alternative C:
- **Do not receive the vaccine (opt out)**: 
- This option avoids all risks and benefits of vaccination. It is a personal choice that might be influenced by health concerns, lack of trust in vaccines, or other personal reasons.

### Decision-Making Process:
1. **Vaccine Effectiveness**: Both A and B have the same high effectiveness (95%), so this factor does not differentiate between them.
2. **Risk of Side Effects**: Both A and B have the same moderate risk (10%), so this factor also does not differentiate between them.
3. **Waiting Time**: Both A and B are walk-in with no wait, making them equally convenient.
4. **Cash Incentive**: Alternative B offers a much larger incentive (800 RMB) compared to A (50 RMB). This could be a significant factor for many people.
5. **Vaccine Origin**: The choice between imported and domestic vaccines might depend on personal trust and preferences.

Given these factors, here's a probabilistic distribution based on the likely preferences of an average individual:

- **P(A)**: 20% - Some individuals might prefer the imported vaccine despite the smaller incentive.
- **P(B)**: 70% - The large cash incentive (800 RMB) is likely to be very attractive to most people.
- **P(C)**: 10% - A small percentage of individuals might opt out due to personal reasons or concerns about vaccination.

### Final Answer:
P(A): 0.20
P(B): 0.70
P(C): 0.10",success
42,7,6,"When making a decision about which vaccination option to choose, it's important to weigh all the factors provided. Here’s an analysis of each alternative:

- **Alternative A**: This option offers immediate access with no waiting time, high vaccine effectiveness (95%), and a moderate risk of side effects (10%). The cash incentive is relatively low at 50 RMB, but the vaccine is imported, which might suggest a higher standard or trust in its quality.
  
- **Alternative B**: Similar to Alternative A in terms of waiting time, vaccine effectiveness, and risk of side effects. However, this option offers a much higher cash incentive (800 RMB), making it more attractive from a financial perspective. The vaccine is domestic, which might be preferred by those who prioritize supporting local production or have trust concerns with imported vaccines.

- **Alternative C**: Opting out means no vaccination, thus no protection against the virus but also no risk of side effects. This choice does not offer any cash incentives and leaves you vulnerable to potential infection.

Given these considerations, here’s how I would distribute the probabilities based on a balanced approach that considers effectiveness, safety, financial incentive, and personal health:

- **P(A): 0.3** - A good option with high effectiveness and moderate side effects, but the low cash incentive might make it less appealing.
- **P(B): 0.5** - The higher cash incentive makes this a very attractive option, despite the similar risk profile to Alternative A. The domestic origin of the vaccine could also be seen as a positive for some individuals.
- **P(C): 0.2** - Opting out is a less favorable choice given the high effectiveness and manageable side effect risks of both vaccines.

These probabilities reflect a preference for vaccination due to its protective benefits, with a slight lean towards the option that provides a higher financial incentive.",success
42,7,7,"When making a decision like this, it's important to consider multiple factors including effectiveness, side effects, incentives, and personal health beliefs. Here’s how I would break down the probabilities based on the given alternatives:

1. **Alternative A**: This option offers high vaccine effectiveness (95%) with a moderate risk of side effects (10%). The cash incentive is relatively low (50 RMB), but the vaccine is imported, which might be perceived as higher quality or more reliable by some individuals. Given these factors, this option seems balanced and attractive to many people who prioritize health benefits over financial incentives.

2. **Alternative B**: This also offers high vaccine effectiveness (95%) with the same risk of side effects (10%). However, it comes with a much higher cash incentive (800 RMB), which could be very appealing to individuals looking for additional financial compensation. The domestic origin might be less trusted by some but equally effective and safe according to the provided data.

3. **Alternative C**: Opting out of vaccination means no waiting time or risk of side effects, but it also means missing out on the health protection offered by a 95% effective vaccine and any financial incentives. This option is likely to be chosen by those who are strongly against vaccination or have significant concerns about its safety.

Given these considerations, here’s how I would assign probabilities:

- **P(A)**: 0.3
- **P(B)**: 0.5
- **P(C)**: 0.2

This distribution reflects a higher likelihood of choosing the option with the highest financial incentive (B), while still considering the balanced and potentially more trusted imported vaccine (A). The lowest probability is assigned to opting out, as it provides no health benefits or incentives.",success
42,7,8,"When evaluating the alternatives, it's important to consider multiple factors such as effectiveness, risk of side effects, waiting time, cash incentives, and personal values. Here’s a breakdown of how each factor might influence the decision:

1. **Vaccine Effectiveness**: Both Alternative A and B offer 95% effectiveness, which is high and comparable. This factor alone does not differentiate between the two.

2. **Risk of Side Effects**: Both alternatives have a 10% risk of side effects, which is also the same. Again, this factor does not differentiate between them.

3. **Waiting Time**: Both A and B are walk-in with no wait, making this a non-differentiating factor as well.

4. **Cash Incentive**: Alternative B offers a significantly higher cash incentive (800 RMB) compared to Alternative A (50 RMB). This could be a strong motivator for some individuals.

5. **Vaccine Origin**: Some people might prefer domestic vaccines due to trust in local regulatory standards, while others might have more confidence in imported vaccines. This is a subjective factor and can vary widely depending on personal beliefs and experiences.

6. **Opting Out (Alternative C)**: Choosing not to receive the vaccine means no immediate risk of side effects but also no protection against COVID-19. The decision to opt out depends heavily on individual health status, risk tolerance, and community prevalence of the virus.

Given these considerations, I would assign probabilities based on a balanced approach:

- **P(A)**: 0.25
- **P(B)**: 0.50
- **P(C)**: 0.25

**Rationale**:
- Alternative A is less attractive due to the lower cash incentive, but it might still be chosen by those who prefer imported vaccines or are indifferent to the cash incentive.
- Alternative B is more likely to be chosen because of the higher cash incentive, which could significantly influence many individuals.
- Opting out (Alternative C) is a valid choice for those who have strong concerns about vaccines or believe they can manage the risk without vaccination.

These probabilities reflect a balanced consideration of all factors and individual preferences.",success
42,7,9,"When making a decision like this, it's important to consider multiple factors including the effectiveness of the vaccine, the risk of side effects, any incentives provided, and personal beliefs or preferences regarding vaccine origin. Given the information provided:

- **Alternative A** offers an imported vaccine with high effectiveness (95%) and a moderate risk of side effects (10%), along with a small cash incentive (50 RMB). The fact that it is a walk-in option adds convenience.
- **Alternative B** provides all the same benefits as Alternative A but with a significantly higher cash incentive (800 RMB) and a domestically produced vaccine. The higher cash incentive could be very appealing, especially if there are no significant differences in safety or effectiveness between domestic and imported vaccines.
- **Alternative C** involves opting out of vaccination altogether. This option avoids the risk of side effects but also forgoes the benefits of immunity and any cash incentives.

Considering these factors, I would lean towards Alternative B because it offers the highest financial incentive without compromising on vaccine effectiveness or safety. However, personal preferences can vary widely, especially regarding the origin of the vaccine and the value placed on the cash incentive.

Here are my probabilities based on a balanced consideration of all factors:

P(A): 0.25
P(B): 0.60
P(C): 0.15

These probabilities reflect a higher preference for Alternative B due to its significant financial benefit, while acknowledging that some individuals might prefer the imported vaccine or might be hesitant about vaccination altogether.",success
42,7,10,"To provide a probabilistic choice among the alternatives, we need to consider factors such as personal health priorities, financial incentives, and trust in vaccine origins. Here’s a breakdown of how these factors might influence the decision:

1. **Vaccine Effectiveness**: Both Alternative A and B offer 95% effectiveness, which is very high and comparable.
2. **Risk of Side Effects**: Both alternatives have a 10% risk of side effects, which is also the same.
3. **Waiting Time**: Both alternatives are walk-in with no wait, making them equally convenient in terms of time.
4. **Cash Incentive**: Alternative B offers a significantly higher cash incentive (800 RMB) compared to Alternative A (50 RMB).
5. **Vaccine Origin**: Alternative A uses an imported vaccine, which might be perceived as more reliable or trustworthy by some individuals due to international standards and reputations. However, the domestic vaccine in Alternative B might also be trusted if it has been widely used and proven effective.

Given these factors, a rational decision might lean towards the higher financial incentive unless there is a strong preference for imported vaccines. Opting out (Alternative C) would only be chosen if one has significant concerns about the vaccine's safety or effectiveness, which do not seem to be major issues here given the high effectiveness and manageable side effect risk.

Here’s a probabilistic distribution based on these considerations:

- **P(A)**: 0.25 ( Imported vaccine with lower incentive)
- **P(B)**: 0.65 ( Domestic vaccine with higher incentive)
- **P(C)**: 0.10 ( Opting out)

These probabilities sum to 1, reflecting a higher likelihood of choosing the alternative with the highest financial incentive while still considering other factors.",success
